-- MySQL dump 10.11
--
-- Host: localhost    Database: t38891_poliklinik
-- ------------------------------------------------------
-- Server version	5.0.51a-24+lenny4

/*!40101 SET @OLD_CHARACTER_SET_CLIENT=@@CHARACTER_SET_CLIENT */;
/*!40101 SET @OLD_CHARACTER_SET_RESULTS=@@CHARACTER_SET_RESULTS */;
/*!40101 SET @OLD_COLLATION_CONNECTION=@@COLLATION_CONNECTION */;
/*!40101 SET NAMES utf8 */;
/*!40103 SET @OLD_TIME_ZONE=@@TIME_ZONE */;
/*!40103 SET TIME_ZONE='+00:00' */;
/*!40014 SET @OLD_UNIQUE_CHECKS=@@UNIQUE_CHECKS, UNIQUE_CHECKS=0 */;
/*!40014 SET @OLD_FOREIGN_KEY_CHECKS=@@FOREIGN_KEY_CHECKS, FOREIGN_KEY_CHECKS=0 */;
/*!40101 SET @OLD_SQL_MODE=@@SQL_MODE, SQL_MODE='NO_AUTO_VALUE_ON_ZERO' */;
/*!40111 SET @OLD_SQL_NOTES=@@SQL_NOTES, SQL_NOTES=0 */;

--
-- Table structure for table `checktypes`
--

DROP TABLE IF EXISTS `checktypes`;
SET @saved_cs_client     = @@character_set_client;
SET character_set_client = utf8;
CREATE TABLE `checktypes` (
  `id` int(11) NOT NULL auto_increment,
  `name` varchar(50) NOT NULL,
  PRIMARY KEY  (`id`)
) ENGINE=MyISAM AUTO_INCREMENT=9 DEFAULT CHARSET=latin1;
SET character_set_client = @saved_cs_client;

--
-- Dumping data for table `checktypes`
--

LOCK TABLES `checktypes` WRITE;
/*!40000 ALTER TABLE `checktypes` DISABLE KEYS */;
INSERT INTO `checktypes` VALUES (1,'Cek Tensi Darah'),(2,'Cek Gula Darah'),(3,'Cek Kolesterol Darah'),(4,'Cek Asam Urat Darah'),(5,'Konsultasi'),(6,'Surat Keterangan Sehat'),(7,'Surat Keterangan Sakit'),(8,'Pemberian Resep Luar');
/*!40000 ALTER TABLE `checktypes` ENABLE KEYS */;
UNLOCK TABLES;

--
-- Table structure for table `checktypes_checkups`
--

DROP TABLE IF EXISTS `checktypes_checkups`;
SET @saved_cs_client     = @@character_set_client;
SET character_set_client = utf8;
CREATE TABLE `checktypes_checkups` (
  `id` int(11) NOT NULL auto_increment,
  `checktype_id` int(11) NOT NULL,
  `checkup_id` int(11) NOT NULL,
  PRIMARY KEY  (`id`),
  KEY `checktype_id` (`checktype_id`),
  KEY `checkup_id` (`checkup_id`)
) ENGINE=MyISAM AUTO_INCREMENT=191 DEFAULT CHARSET=latin1;
SET character_set_client = @saved_cs_client;

--
-- Dumping data for table `checktypes_checkups`
--

LOCK TABLES `checktypes_checkups` WRITE;
/*!40000 ALTER TABLE `checktypes_checkups` DISABLE KEYS */;
INSERT INTO `checktypes_checkups` VALUES (62,1,25),(71,1,24),(46,5,11),(147,5,10),(50,5,14),(49,1,14),(48,5,13),(47,5,12),(53,5,16),(52,5,15),(55,5,19),(54,5,18),(60,5,22),(57,1,21),(56,1,20),(63,1,26),(72,1,27),(65,1,28),(66,1,29),(67,1,30),(70,5,31),(69,1,32),(73,1,33),(74,1,34),(75,1,35),(76,1,36),(77,1,37),(78,1,38),(79,1,39),(80,1,40),(81,1,41),(82,1,42),(83,1,43),(84,1,44),(85,1,45),(86,1,46),(87,1,47),(88,1,48),(89,1,49),(90,1,50),(91,1,51),(92,1,52),(93,1,53),(94,3,53),(95,1,54),(96,1,56),(97,1,57),(98,1,58),(99,1,59),(100,1,60),(101,1,61),(102,1,62),(103,5,62),(104,1,63),(105,1,64),(106,1,65),(107,5,65),(108,1,66),(109,1,67),(110,1,68),(111,1,69),(112,1,70),(113,1,71),(114,1,72),(115,1,73),(116,1,74),(117,1,75),(118,1,76),(119,1,77),(120,1,78),(121,1,79),(122,1,80),(123,1,82),(124,1,84),(125,1,85),(126,1,86),(127,5,86),(190,1,87),(129,1,88),(130,1,89),(131,1,90),(132,1,91),(133,1,92),(134,1,93),(135,1,94),(136,1,95),(137,1,96),(138,1,97),(139,1,98),(140,2,98),(141,1,99),(142,1,100),(152,1,101),(144,1,102),(145,1,103),(146,1,104),(148,1,105),(150,1,106),(151,1,107),(153,1,108),(154,2,108),(155,4,108),(156,5,108),(157,1,109),(158,2,109),(159,4,109),(160,1,110),(161,5,110),(166,1,111),(163,1,112),(164,4,112),(165,1,113),(168,1,116),(169,1,117),(170,1,118),(171,1,119),(172,1,120),(173,1,121),(174,3,121),(175,1,122),(176,1,123),(177,1,124),(178,1,125),(179,1,126),(180,1,127),(181,1,128),(182,1,129),(183,1,130),(184,1,131),(185,1,132),(186,1,133),(187,1,134),(188,1,135),(189,1,136);
/*!40000 ALTER TABLE `checktypes_checkups` ENABLE KEYS */;
UNLOCK TABLES;

--
-- Table structure for table `checkups`
--

DROP TABLE IF EXISTS `checkups`;
SET @saved_cs_client     = @@character_set_client;
SET character_set_client = utf8;
CREATE TABLE `checkups` (
  `id` int(11) NOT NULL auto_increment,
  `checkup_date` date NOT NULL,
  `patient_id` int(11) NOT NULL,
  `handler_id` int(11) NOT NULL,
  `anamnesis` text COMMENT 'keluhan pasien',
  `physical_check` text,
  `glucose_check` decimal(10,2) default NULL,
  `uric_acid_check` decimal(10,2) default NULL,
  `cholesterol_check` decimal(10,2) default NULL,
  `created` datetime NOT NULL,
  `created_by` int(11) NOT NULL,
  PRIMARY KEY  (`id`),
  KEY `patient_id` (`patient_id`),
  KEY `checkup_date` (`checkup_date`),
  KEY `created_by` (`created_by`),
  KEY `handler_id` (`handler_id`)
) ENGINE=MyISAM AUTO_INCREMENT=137 DEFAULT CHARSET=latin1;
SET character_set_client = @saved_cs_client;

--
-- Dumping data for table `checkups`
--

LOCK TABLES `checkups` WRITE;
/*!40000 ALTER TABLE `checkups` DISABLE KEYS */;
INSERT INTO `checkups` VALUES (14,'2010-10-08',83,3,'Konsultasi hasil med check','T 130/100',NULL,NULL,NULL,'2010-10-08 09:27:41',13),(15,'2010-10-08',30,3,'Konsultasi hasil med-check','St. generalis dbn, Hb 10.8, Pap smear: servisitis non spesifik, negatif lesi intraepitelial ataupun keganasan. Th/ Simvastatin 1x10 mg no 10',NULL,NULL,NULL,'2010-10-08 09:42:23',13),(13,'2010-10-08',44,3,'Batuk kering, gatal','Faring hiperemis',NULL,NULL,NULL,'2010-10-08 09:19:17',13),(12,'2010-10-08',100,3,'Konsultasi hasil med-check','Tidak ada kelainan',NULL,NULL,NULL,'2010-10-08 08:57:52',13),(10,'2010-10-08',166,3,'Bapil','Faring hiperemis',NULL,NULL,NULL,'2010-10-08 08:31:27',13),(11,'2010-10-08',14,3,'Nyeri pinggang, konsultasi hasil laboratorium','Nyeri ketuk CVA +/-',NULL,NULL,NULL,'2010-10-08 08:43:31',13),(16,'2010-10-08',85,3,'Konsul hasil Pap smear','Pap Smear : servisitis',NULL,NULL,NULL,'2010-10-08 09:55:22',13),(17,'2010-10-08',78,3,'Konsul med check','TG 298, OT/PT 35/55. Th/ Lipittor 1x10 mg',NULL,'6.70',NULL,'2010-10-08 10:03:35',13),(18,'2010-10-08',124,3,'Konsul med cek','Serumen prop, kalkulus',NULL,NULL,NULL,'2010-10-08 10:09:40',13),(19,'2010-10-08',32,3,'Konsul med cek','Cholesterol total 239, PT 45, GGT 60 Th/ Lippitor 1x 10 mg',NULL,NULL,NULL,'2010-10-08 10:14:38',13),(20,'2010-10-08',23,3,'','TD 100/70',NULL,NULL,NULL,'2010-10-08 10:20:29',13),(21,'2010-10-08',74,3,'','TD 80/ 60',NULL,NULL,NULL,'2010-10-08 10:21:22',13),(22,'2010-10-08',115,3,'Badan kiri terasa kebas dqan disilet2','DBN',NULL,NULL,NULL,'2010-10-08 10:28:05',13),(23,'2010-10-08',92,3,'Konsul med cek','EKG: VES, aritmia',NULL,NULL,NULL,'2010-10-08 10:32:30',13),(24,'2010-10-11',112,2,'buang air sudah dua hari frek/hr 4x,kembung(-).mules(-)','bun meningkat,tensi 170/120mmhg',NULL,NULL,NULL,'2010-10-11 10:56:25',13),(25,'2010-10-11',42,2,'batuk pilek hidung mampet,pusing batuk ada dahak','tensi 110/70mmhg',NULL,NULL,NULL,'2010-10-11 11:11:25',13),(26,'2010-10-11',188,2,'letih lesu pusing','tensi 90/60mmhg',NULL,NULL,NULL,'2010-10-11 11:15:37',13),(27,'2010-10-11',59,2,'pusing,lemas','tensi 130/80mmhg',NULL,NULL,NULL,'2010-10-11 11:20:07',13),(28,'2010-10-11',149,2,'os hanya ingin cek tensi,os minum obat dapat dari RS gatot sobroto','tensi 140/90mmhg',NULL,NULL,NULL,'2010-10-11 11:37:22',13),(29,'2010-10-11',126,2,'lemas','90/60mmhg',NULL,NULL,NULL,'2010-10-11 12:00:23',13),(30,'2010-10-11',26,2,'batuk kering,badan gatal-gatal','tensi 130/80mmhg',NULL,NULL,NULL,'2010-10-11 12:06:09',13),(31,'2010-10-11',115,2,'konsultasi hasil med cek up kes: suspek fatty liver dengan hiperkolesterolemia gamma GT meningkat,kolesterol total meningkat','',NULL,NULL,NULL,'2010-10-11 12:16:48',13),(32,'2010-10-11',39,2,'pusing,perut perih,mual','tensi 100/70mmhg',NULL,NULL,NULL,'2010-10-11 12:22:25',13),(33,'2010-10-11',31,2,'Nyeri menelan,faring hiperemesis,demam','tensi 110/70 mmhg',NULL,NULL,NULL,'2010-10-11 12:36:19',13),(34,'2010-10-01',83,2,'diare frek/hr 4x mules (+),kembung(+)','tensi 130/100 mmhg',NULL,NULL,NULL,'2010-10-11 12:53:52',13),(35,'2010-10-01',155,1,'pusing,batuk pilek,nyeri menelan badan terasa pegal-pegal','tensi 110/70 mmhg',NULL,NULL,NULL,'2010-10-11 14:36:10',13),(36,'2010-10-01',80,1,'gatal-gatal di seluruh badan','tensi 100/70 mmhg',NULL,NULL,NULL,'2010-10-11 14:38:20',13),(37,'2010-10-04',149,2,'os hanya cek tensi,os dapat obat dari RS gatot subroto','tensi 130/90 mmhg',NULL,NULL,NULL,'2010-10-11 14:40:15',13),(38,'2010-10-04',72,2,'badan terasa lemas,letih,lesu','tensi 90/80 mmhg',NULL,NULL,NULL,'2010-10-11 14:44:07',13),(39,'2010-10-04',126,2,'os hanya periksa tensi darah','tensi 100/80 mmhg',NULL,NULL,NULL,'2010-10-11 14:46:06',13),(40,'2010-10-04',151,2,'kontrol tensi darah','tensi 150/100 mmhg',NULL,NULL,NULL,'2010-10-11 14:48:35',13),(41,'2010-10-04',167,2,'batuk dahak (+),nyeri menelan','',NULL,NULL,NULL,'2010-10-11 14:51:50',13),(42,'2010-10-05',57,1,'Pilek hidung terasa mampet pusing','tensi 110/70 mmhg',NULL,NULL,NULL,'2010-10-11 14:56:54',13),(43,'2010-10-05',58,1,'os hanya periksa tensi darah','tensi 120/80 mmhg',NULL,NULL,NULL,'2010-10-11 14:58:38',13),(44,'2010-10-05',31,1,'lemes','tensi 110/70 mmhg',NULL,NULL,NULL,'2010-10-11 15:01:18',13),(45,'2010-10-05',184,1,'','',NULL,NULL,NULL,'2010-10-11 15:03:28',13),(46,'2010-10-06',133,2,'os cek G2NPP Gula darah puasa 217 mg/dl','TENSI 120/80 MMHG','337.00',NULL,NULL,'2010-10-11 15:07:19',13),(47,'2010-10-06',44,2,'gusi bengkak,nyeri menelan','tensi 110/80 mmhg',NULL,NULL,NULL,'2010-10-11 15:09:25',13),(48,'2010-10-06',84,2,'gigi geraham bagian atas nyeri','tensi 110/70 mmhg',NULL,NULL,NULL,'2010-10-11 15:11:14',13),(49,'2010-10-06',120,2,'nyeri gigi geraham atas','tensi 100/70 mmhg',NULL,NULL,NULL,'2010-10-11 15:15:07',13),(50,'2010-10-06',167,2,'pusing','',NULL,NULL,NULL,'2010-10-11 15:16:42',13),(51,'2010-10-07',51,2,'perut terasa kembung,sebah atau terasa penuh,lemes','tensi 90/60 mmhg',NULL,NULL,NULL,'2010-10-11 15:19:28',13),(52,'2010-10-07',70,2,'pusing,badan terasa pegal semua','tensi 110/80 mmhg',NULL,NULL,NULL,'2010-10-11 15:22:10',13),(53,'2010-10-07',64,2,'badan terasa pegal-pegal','tensi 120/80 mmhg',NULL,NULL,'222.00','2010-10-11 15:25:56',13),(54,'2010-10-07',95,2,'Panas dingin,pusing,hidung mampet batuk ada dahak,lemes','tensi120/80 mmhg',NULL,NULL,NULL,'2010-10-11 15:30:56',13),(55,'2010-10-07',126,2,'cek tensi darah','90/60 mmhg',NULL,NULL,NULL,'2010-10-11 15:35:22',13),(56,'2010-10-07',83,2,'os hanya cek tensi darah','tensi 120/100 mmhg',NULL,NULL,NULL,'2010-10-11 15:37:48',13),(57,'2010-10-11',52,2,'pusing,batuk pilek,nyeri menelan','tensi 110/70 mmhg',NULL,NULL,NULL,'2010-10-11 15:44:23',13),(58,'2010-10-11',81,2,'os hanya cek tensi darah','tensi 110/70 mmhg',NULL,NULL,NULL,'2010-10-11 15:45:46',13),(59,'2010-10-12',41,3,'','tensi 160/100 mmhg',NULL,NULL,NULL,'2010-10-13 08:52:04',13),(60,'2010-10-12',108,3,'','tensi 110/70 mmhg',NULL,NULL,NULL,'2010-10-13 08:54:13',13),(61,'2010-10-12',27,2,'gatal-gatal dan pegal','tensi i30/80 mmhg',NULL,NULL,NULL,'2010-10-13 08:58:44',13),(62,'2010-10-12',134,3,'','tensi 120/80 mmhg',NULL,NULL,NULL,'2010-10-13 09:01:48',13),(63,'2010-10-12',81,3,'','120/80 mmhg',NULL,NULL,NULL,'2010-10-13 09:04:02',13),(64,'2010-10-12',116,3,'','tensi 110/70 mmhg',NULL,NULL,NULL,'2010-10-13 09:06:10',13),(65,'2010-10-12',40,3,'kolesterol hasil med cek 242 mg/dl','tensi 110/70 mmhg',NULL,NULL,NULL,'2010-10-13 09:16:40',13),(66,'2010-10-12',184,2,'','',NULL,NULL,NULL,'2010-10-13 09:18:28',13),(67,'2010-10-13',185,2,'batuk dahak(+),pusing dan semua badan terasa pegal-pegal.','tensi 110/70 mmhg',NULL,NULL,NULL,'2010-10-13 09:38:06',13),(68,'2010-10-13',73,2,'batuk dahak,leher terasa gatal','tensi 110/70 mmhg',NULL,NULL,NULL,'2010-10-13 11:51:46',13),(69,'2010-10-13',144,2,'Badan terasa lemas,sariawan,batuk kering','tensi darah 110/70 mmhg',NULL,NULL,NULL,'2010-10-13 14:22:18',13),(70,'2010-10-13',50,2,'os hanya cek tensi darah','tensi darah 100/70 mmhg',NULL,NULL,NULL,'2010-10-13 14:23:40',13),(71,'2010-10-13',25,2,'0s hanya cek tensi darah ','tensi darah 110/80 mmhg',NULL,NULL,NULL,'2010-10-13 15:03:14',13),(72,'2010-10-13',83,2,'os hanya cek tensi darah','tensi darah 110/70 mmhg',NULL,NULL,NULL,'2010-10-13 15:04:41',13),(73,'2010-10-13',102,2,'panas dingin,pusing perut terasa mules','tensi darah 100/70 mmhg',NULL,NULL,NULL,'2010-10-13 15:22:51',13),(74,'2010-10-14',72,2,'Perut terasa penuh,kembung,peru\\ih.kadang terasa mual','tensi darah 90/60 mmhg',NULL,NULL,NULL,'2010-10-14 10:25:01',13),(75,'2010-10-14',81,2,'os hanya cek tensi darah','tensi darah 120/70 mmhg',NULL,NULL,NULL,'2010-10-14 10:29:56',13),(76,'2010-10-15',81,1,'','',NULL,NULL,NULL,'2010-10-15 11:27:12',13),(77,'2010-10-15',191,1,'Tungkai bawah pegal dan kram saat bangun tidur','TD=100/70 mmHg',NULL,NULL,NULL,'2010-10-15 11:31:22',13),(78,'2010-10-15',60,1,'Leher tegang, kepala geliyeng','TD=110/70 mmHg\r\nNadi=teraba kurang kuat,isi cukup\r\nKonjungtiva=tdk anemis',NULL,NULL,NULL,'2010-10-15 11:47:46',13),(79,'2010-10-15',99,1,'Kepala dan leher tegang','TD=130/80 mmHg',NULL,NULL,NULL,'2010-10-15 14:09:50',13),(80,'2010-10-15',144,1,'Badan meriang. Demam (-), batuk pilek (-). Bibir luka krn terbentur 3hr yg lalu','TD=100/70 mmHg\r\nFaring=tdk hiperemis, T1-T1',NULL,NULL,NULL,'2010-10-15 14:14:56',13),(81,'2010-10-15',171,1,'Gigi geraham kanan bawah nyeri sjk hari ini','Caries dentis premolar kanan bwh',NULL,NULL,NULL,'2010-10-15 14:16:54',13),(82,'2010-10-15',26,1,'Batuk kering terutama malam hari, nyeri menelan (-), demam (-)','Faring=tdk hiperemis, T1-T1\r\nParu=rhonki-/-,wheezing-/-',NULL,NULL,NULL,'2010-10-15 14:19:18',13),(83,'2010-10-15',172,1,'Batuk berdahak, nyeri menelan (-), demam (-)','Faring=tdk hiperemis, T1-T1',NULL,NULL,NULL,'2010-10-15 14:20:58',13),(84,'2010-10-18',167,2,'pusing,lemas,mual','tensi darah 80/60 mmhg',NULL,NULL,NULL,'2010-10-18 09:40:39',13),(85,'2010-10-18',58,2,'os hanya cek tensi darah','tensi darah 120/80 mmhg',NULL,NULL,NULL,'2010-10-18 10:10:43',13),(86,'2010-10-18',116,2,'os konsul hasil med cek colesterol meningkat 202 mg/dl.SGPT 80','tensi darah 120/90 mmhg',NULL,NULL,NULL,'2010-10-18 11:01:28',13),(87,'2010-10-18',21,2,'cek tensi darah dan os terkena pisau carter','tensi darah 140/100 mmhg',NULL,NULL,NULL,'2010-10-18 11:03:50',13),(88,'2010-10-18',57,2,'os mual,perut terasa perih','tekanan darah 110/70 mmhg',NULL,NULL,NULL,'2010-10-18 11:07:34',13),(89,'2010-10-18',115,2,'nyeri gigi geraham bagian atas sudah dua hari','tensi darah 100/70 mmhg',NULL,NULL,NULL,'2010-10-18 12:59:43',13),(90,'2010-10-18',120,2,'gigi geraham atas nyeri','tensi darah 100/70 mmhg',NULL,NULL,NULL,'2010-10-18 13:01:39',13),(91,'2010-10-18',25,2,'kepala pusing,lemes','tensi darah 90/60 mmhg',NULL,NULL,NULL,'2010-10-18 13:03:21',13),(92,'2010-10-18',69,2,'lemas dan seluruh badan terasa pegal-pegal','tensi darah 110/70 mmhg',NULL,NULL,NULL,'2010-10-18 13:06:48',13),(93,'2010-10-18',90,2,'os hanya cek tensi darah ','120/80 mmhg',NULL,NULL,NULL,'2010-10-18 13:08:26',13),(94,'2010-10-04',193,2,'kepala pusing','tensi darah 100/70 mmhg',NULL,NULL,NULL,'2010-10-18 13:24:47',13),(95,'2010-10-04',194,2,'Gatal-gatal dan bentol di seluruh tubuh','tensi darah 110/70 mmhg',NULL,NULL,NULL,'2010-10-18 13:28:04',13),(96,'2010-10-05',197,1,'','',NULL,NULL,NULL,'2010-10-18 13:32:14',13),(97,'2010-10-07',198,2,'Os terjatuh sedang main futsal,luka lecet di dengkul','tensi darah 100/70 mmhg',NULL,NULL,NULL,'2010-10-18 13:35:20',13),(98,'2010-10-11',197,2,'os dateng untuk cek gula darah sewaktu dan tensi darah','tensi darah 120/80 mmhg','192.00',NULL,NULL,'2010-10-18 13:39:16',13),(99,'2010-10-12',199,2,'Os terjepit pintu rumah luka lecet','tensi darah 100/70 mmhg',NULL,NULL,NULL,'2010-10-18 13:40:48',13),(100,'2010-10-14',200,2,'Os mual,pusing perut terasa perih','tensi darah 100/70 mmhg',NULL,NULL,NULL,'2010-10-18 13:42:41',13),(101,'2010-10-15',201,1,'','tensi darah 100/70 mmhg',NULL,NULL,NULL,'2010-10-18 13:44:26',13),(102,'2010-10-15',202,1,'','tensi darah 100/50 mmhg',NULL,NULL,NULL,'2010-10-18 13:46:20',13),(103,'2010-10-15',203,1,'Os di beri terapi O2 2ltr/mnt','tensi darah 90/60 mmhg',NULL,NULL,NULL,'2010-10-18 13:49:32',13),(104,'2010-10-18',204,2,'Os jari tangan nya terkena pisau carter','tensi darah 100/70 mmhg',NULL,NULL,NULL,'2010-10-18 13:52:06',13),(105,'2010-10-18',74,2,'Os,tenggorokan nyeri buat menelan,paring hiperemesis','tensi darah 90/60 mmhg',NULL,NULL,NULL,'2010-10-18 13:59:03',13),(106,'2010-10-18',186,2,'Pusing batuk pilek','tensi darah 110/70 mmhg',NULL,NULL,NULL,'2010-10-18 14:41:18',13),(107,'2010-10-18',81,2,'Os hanya cek tensi darah,tensi terkontrol','110/80 mmhg',NULL,NULL,NULL,'2010-10-18 15:18:19',13),(108,'2010-10-19',129,1,'','tensi darah 1120/80 mmhg','79.00','0.00',NULL,'2010-10-19 12:12:40',13),(109,'2010-10-19',90,1,'','tensi darah 110/70 mmhg','84.00','5.10',NULL,'2010-10-19 12:14:29',13),(110,'2010-10-19',109,1,'Os hanya konsultasi hasil med cek,hasil kolesterol tinggi 224 mg/dl','tensi darah 100/70 mmhg',NULL,NULL,NULL,'2010-10-19 12:16:54',13),(111,'2010-10-19',154,1,'mual,pusing, greges','tensi darah 100/60 mmhg',NULL,NULL,NULL,'2010-10-19 12:18:29',13),(112,'2010-10-19',69,1,'','tensi darah 110/70 mmhg',NULL,'2.20',NULL,'2010-10-19 12:22:53',13),(113,'2010-10-19',88,1,'Meriang, berdebar-debar, kebiasaan minum kopi','TD=120/70',NULL,NULL,NULL,'2010-10-19 12:31:30',13),(114,'2010-10-19',112,1,'','',NULL,NULL,NULL,'2010-10-19 12:32:37',13),(115,'2010-10-19',174,1,'Gigi nyeri, goyang. Sudah ke drg dan dirontgen, dikatakan harus operasi','',NULL,NULL,NULL,'2010-10-19 14:32:16',13),(116,'2010-10-19',57,1,'BAB mencret>5x, mual, muntah sejak kemarin','TD=100/70 mmHg\r\nNadi=isi cukup\r\nAbd=NT(-), BU (+) meningkat',NULL,NULL,NULL,'2010-10-19 14:34:57',13),(117,'2010-10-19',45,1,'Gigi geraham kanan bawah berlubang, nyeri','TD=110/70\r\ncaries dentis (+)',NULL,NULL,NULL,'2010-10-19 14:38:04',13),(118,'2010-10-19',135,1,'Batuk berdahak','TD=110/70',NULL,NULL,NULL,'2010-10-19 14:39:41',13),(119,'2010-10-19',81,1,'','TD=130/90',NULL,NULL,NULL,'2010-10-19 14:41:33',13),(120,'2010-10-19',123,1,'','TD=130/80 mmHg',NULL,NULL,NULL,'2010-10-19 14:43:06',13),(121,'2010-10-20',40,2,' ','tensi darah 130/90 mmhg',NULL,NULL,'212.00','2010-10-20 09:26:17',13),(122,'2010-10-20',81,2,'os hanya cek tensi darah','120/80 mmhg',NULL,NULL,NULL,'2010-10-20 09:27:28',13),(123,'2010-10-20',151,2,'kepala terasa muter,pusing,mual','130/90 mmhg',NULL,NULL,NULL,'2010-10-20 09:29:44',13),(124,'2010-10-20',152,2,'Demam,bapil','100/70 mmhg',NULL,NULL,NULL,'2010-10-20 10:01:29',13),(125,'2010-10-20',205,2,'Pusing,Bapil.nyeri menelan Faring hiperemesis','tensi darah 100/70 mmhg',NULL,NULL,NULL,'2010-10-20 10:32:42',13),(126,'2010-10-20',167,2,'Nyeri menelan,batuk dahak','',NULL,NULL,NULL,'2010-10-20 13:12:31',13),(127,'2010-10-20',206,2,'luka di kaki kanan,gatal,berair ','tensi darah 100/70 mmhg',NULL,NULL,NULL,'2010-10-20 14:58:16',13),(128,'2010-10-21',141,1,'Riwayat terjatuh dari motor semalam,luka lecet di tangan bahu pegal-pegal','tensi darah 100/70 mmhg',NULL,NULL,NULL,'2010-10-21 12:21:45',13),(129,'2010-10-21',207,2,'kepala pusing,mual','tensi darah 100/70 mmhg',NULL,NULL,NULL,'2010-10-21 12:24:12',13),(130,'2010-10-21',83,1,'','TD=130/90 mmHg',NULL,NULL,NULL,'2010-10-21 14:31:43',13),(131,'2010-10-22',208,2,'Demam turun naik sudah 5 hr,mual,pusing.nyeri tekan abdomen (+),','tensi darah 90/70 mmhg',NULL,NULL,NULL,'2010-10-22 08:49:16',13),(132,'2010-10-22',168,2,'Perut terasa mules dan melilit','tensi darah 120/80 mmhg',NULL,NULL,NULL,'2010-10-22 09:17:35',13),(133,'2010-10-22',157,2,'Batuk pilek sudah 2 minggu,tenggorokan terasa gatal','Tensi darah 120/80 mmhg',NULL,NULL,NULL,'2010-10-22 09:20:46',13),(134,'2010-10-22',167,2,'Bapil,pusing,nyeri menelan(+)','',NULL,NULL,NULL,'2010-10-22 12:55:35',13),(135,'2010-10-22',80,2,'sendi\"terasa ngilu,otot terasa kaku','tensi darah 100/70 mmhg',NULL,NULL,NULL,'2010-10-22 13:43:00',13),(136,'2010-10-22',83,2,'Os hanya cek tensi darah dan minta multivitamin','tensi darah 120/100 mmhg',NULL,NULL,NULL,'2010-10-22 13:46:48',13);
/*!40000 ALTER TABLE `checkups` ENABLE KEYS */;
UNLOCK TABLES;

--
-- Table structure for table `checkups_diagnoses`
--

DROP TABLE IF EXISTS `checkups_diagnoses`;
SET @saved_cs_client     = @@character_set_client;
SET character_set_client = utf8;
CREATE TABLE `checkups_diagnoses` (
  `id` int(11) NOT NULL auto_increment,
  `checkup_id` int(11) NOT NULL,
  `diagnosis_id` int(11) NOT NULL,
  PRIMARY KEY  (`id`),
  KEY `checkup_id` (`checkup_id`),
  KEY `diagnosis_id` (`diagnosis_id`)
) ENGINE=MyISAM AUTO_INCREMENT=149 DEFAULT CHARSET=latin1;
SET character_set_client = @saved_cs_client;

--
-- Dumping data for table `checkups_diagnoses`
--

LOCK TABLES `checkups_diagnoses` WRITE;
/*!40000 ALTER TABLE `checkups_diagnoses` DISABLE KEYS */;
INSERT INTO `checkups_diagnoses` VALUES (63,33,1),(62,27,19),(61,24,16),(60,31,21),(59,32,16),(48,11,13),(119,10,1),(49,13,1),(52,19,21),(51,15,21),(54,25,1),(53,21,24),(58,30,1),(57,29,14),(56,28,22),(55,26,19),(64,34,16),(65,35,1),(66,36,10),(67,37,22),(68,38,19),(69,40,22),(70,41,1),(71,42,1),(72,44,19),(73,45,2),(74,47,1),(75,48,12),(76,49,12),(77,51,16),(78,51,24),(79,53,21),(80,54,1),(81,55,24),(82,57,1),(83,59,22),(84,60,2),(85,61,10),(86,64,12),(87,65,21),(88,66,2),(89,67,1),(90,68,1),(91,69,12),(92,73,16),(93,74,16),(94,75,22),(95,77,30),(96,78,30),(97,79,36),(100,80,29),(99,81,12),(101,82,1),(102,83,1),(103,84,24),(104,86,21),(148,87,22),(106,88,16),(107,89,12),(108,90,12),(109,91,24),(110,92,19),(111,94,36),(112,95,10),(113,100,16),(124,101,16),(115,102,39),(116,103,17),(117,103,24),(118,104,40),(120,105,1),(122,106,1),(123,107,22),(125,110,21),(129,111,29),(127,113,29),(128,114,40),(130,115,12),(131,116,42),(132,117,12),(133,118,1),(134,121,21),(135,122,22),(136,123,39),(137,124,1),(138,125,1),(139,126,1),(140,127,10),(141,128,30),(142,129,39),(143,131,37),(144,132,13),(145,133,1),(146,134,1),(147,135,30);
/*!40000 ALTER TABLE `checkups_diagnoses` ENABLE KEYS */;
UNLOCK TABLES;

--
-- Table structure for table `checkups_medicines`
--

DROP TABLE IF EXISTS `checkups_medicines`;
SET @saved_cs_client     = @@character_set_client;
SET character_set_client = utf8;
CREATE TABLE `checkups_medicines` (
  `id` int(11) NOT NULL auto_increment,
  `checkup_id` int(11) NOT NULL,
  `medicine_id` int(11) NOT NULL,
  `qty` int(2) NOT NULL,
  PRIMARY KEY  (`id`),
  KEY `checkup_id` (`checkup_id`),
  KEY `medicine_id` (`medicine_id`)
) ENGINE=MyISAM AUTO_INCREMENT=246 DEFAULT CHARSET=latin1;
SET character_set_client = @saved_cs_client;

--
-- Dumping data for table `checkups_medicines`
--

LOCK TABLES `checkups_medicines` WRITE;
/*!40000 ALTER TABLE `checkups_medicines` DISABLE KEYS */;
INSERT INTO `checkups_medicines` VALUES (11,1,8,5),(10,1,2,2),(9,1,1,1),(12,2,4,2),(13,2,5,3),(17,3,4,5),(16,3,1,10),(19,5,2,2),(27,6,10,1),(26,6,13,2),(28,7,14,4),(29,7,16,6),(30,8,23,3),(31,8,28,1),(32,9,18,6),(178,10,18,15),(34,11,37,10),(36,13,40,1),(37,14,37,10),(38,15,46,5),(39,17,10,10),(40,17,37,10),(43,22,42,10),(44,22,84,1),(65,24,97,1),(64,24,75,4),(63,24,71,4),(62,24,35,10),(61,24,25,10),(50,25,26,5),(51,25,38,8),(52,25,73,1),(53,26,26,5),(54,26,76,10),(67,27,76,6),(66,27,26,5),(57,30,41,10),(58,30,84,1),(59,30,26,5),(60,32,76,6),(68,33,26,5),(69,33,47,5),(70,33,76,6),(71,34,71,4),(72,34,26,5),(73,34,51,1),(74,35,9,10),(75,35,18,12),(76,35,42,5),(77,36,36,10),(78,38,26,10),(79,40,72,10),(80,40,70,5),(81,41,73,1),(82,41,78,10),(83,41,92,10),(84,42,26,5),(85,42,38,8),(86,44,26,5),(87,44,59,10),(88,45,19,5),(89,45,82,1),(90,45,61,5),(91,46,67,30),(92,46,70,10),(93,47,19,5),(94,47,47,5),(95,48,19,5),(96,49,19,5),(97,49,26,5),(98,50,19,5),(99,51,98,10),(100,51,43,8),(101,51,46,10),(102,52,26,5),(103,52,57,6),(104,54,26,5),(105,54,38,10),(106,54,73,1),(107,55,46,5),(108,57,26,5),(109,57,34,10),(110,57,9,10),(111,59,25,10),(112,59,56,6),(113,60,66,1),(114,61,36,15),(115,61,39,15),(116,61,77,15),(117,65,70,5),(118,66,48,1),(119,67,26,5),(120,67,42,5),(121,67,73,1),(122,67,76,6),(123,68,26,5),(124,68,73,1),(125,69,26,5),(126,69,51,1),(127,69,40,1),(128,73,38,6),(129,73,71,4),(130,73,85,5),(131,74,26,10),(132,74,96,10),(133,77,77,6),(134,77,59,10),(135,77,78,10),(136,78,19,6),(137,78,26,5),(138,79,42,5),(146,80,93,10),(145,80,70,5),(144,80,76,10),(142,81,21,1),(143,81,19,5),(147,82,40,1),(148,82,39,7),(149,83,73,1),(150,84,46,5),(151,84,76,1),(245,87,21,1),(154,88,96,10),(155,88,80,2),(156,89,19,5),(157,89,18,10),(158,90,19,5),(159,91,46,5),(160,92,42,5),(161,94,76,6),(162,95,36,4),(163,95,39,4),(164,96,67,20),(165,97,60,2),(166,98,67,20),(167,98,70,5),(168,99,61,4),(169,100,96,10),(188,101,96,10),(187,101,95,6),(186,101,26,5),(173,102,46,5),(174,102,56,6),(175,103,26,5),(176,104,61,1),(177,104,53,1),(179,105,47,5),(185,106,40,1),(184,106,38,8),(183,106,26,5),(189,108,46,10),(198,111,96,6),(191,112,59,10),(192,112,77,5),(193,113,26,4),(194,113,59,10),(195,113,76,6),(196,114,21,1),(197,114,61,4),(199,111,76,6),(200,111,26,4),(201,115,51,1),(202,115,68,8),(208,116,75,3),(207,116,95,4),(206,116,71,4),(209,117,19,6),(210,118,73,1),(211,121,70,5),(212,123,26,5),(213,123,56,4),(214,123,77,10),(215,124,18,7),(216,124,41,5),(217,124,93,10),(218,125,9,10),(219,125,39,10),(220,125,47,5),(221,126,47,5),(222,126,73,1),(223,127,66,1),(224,127,39,10),(225,127,65,5),(226,128,77,5),(227,128,26,5),(228,129,56,2),(229,131,9,10),(230,131,28,15),(231,131,26,5),(232,132,85,4),(233,133,18,12),(234,133,41,10),(235,133,65,5),(236,133,26,5),(237,133,79,6),(238,134,18,10),(239,134,40,1),(240,134,38,6),(241,134,39,4),(242,135,68,6),(243,135,77,5),(244,136,26,10);
/*!40000 ALTER TABLE `checkups_medicines` ENABLE KEYS */;
UNLOCK TABLES;

--
-- Table structure for table `cities`
--

DROP TABLE IF EXISTS `cities`;
SET @saved_cs_client     = @@character_set_client;
SET character_set_client = utf8;
CREATE TABLE `cities` (
  `id` int(11) unsigned NOT NULL auto_increment,
  `province_id` int(11) unsigned NOT NULL default '0',
  `name` varchar(60) default NULL,
  `other_name` varchar(255) default NULL,
  `created_by` varchar(30) default NULL,
  `created` datetime default NULL,
  `modified_by` varchar(30) default NULL,
  `modified` datetime default NULL,
  PRIMARY KEY  (`id`),
  KEY `province_id` (`province_id`),
  KEY `name` (`name`),
  KEY `other_name` (`other_name`)
) ENGINE=MyISAM AUTO_INCREMENT=450 DEFAULT CHARSET=latin1;
SET character_set_client = @saved_cs_client;

--
-- Dumping data for table `cities`
--

LOCK TABLES `cities` WRITE;
/*!40000 ALTER TABLE `cities` DISABLE KEYS */;
INSERT INTO `cities` VALUES (10,37,'KABUPATEN ACEH SELATAN','TAPAKTUAN',NULL,NULL,'1','2009-12-17 00:18:29'),(11,37,'KABUPATEN ACEH TENGGARA','KUTACANE',NULL,NULL,'admin','2009-06-24 10:47:44'),(12,37,'KABUPATEN ACEH TIMUR DAN KOTA LANGSA','LANGSA',NULL,NULL,NULL,NULL),(13,37,'KABUPATEN ACEH TENGAH','TAKENGON',NULL,NULL,NULL,NULL),(14,37,'KABUPATEN ACEH BARAT','MEULABOH',NULL,NULL,NULL,NULL),(15,37,'KABUPATEN ACEH BESAR','JANTHO',NULL,NULL,NULL,NULL),(16,37,'KABUPATEN PIDIE','SIGLI',NULL,NULL,NULL,NULL),(17,37,'KABUPATEN ACEH UTARA DAN KOTA LHOKSEUMAWE','LHOKSEUMAWE',NULL,NULL,NULL,NULL),(18,37,'KABUPATEN SIMEULUE','SINABANG',NULL,NULL,NULL,NULL),(19,37,'KABUPATEN ACEH SINGKIL','SINGKIL',NULL,NULL,NULL,NULL),(20,37,'KABUPATEN BIREUEN','BIREUEN',NULL,NULL,NULL,NULL),(21,37,'KABUPATEN ACEH BARAT DAYA','BLANGPIDIE',NULL,NULL,NULL,NULL),(22,37,'KABUPATEN GAYO LUES','BLANGKEJERAN',NULL,NULL,NULL,NULL),(23,37,'KABUPATEN ACEH JAYA','CALANG',NULL,NULL,NULL,NULL),(24,37,'KABUPATEN NAGAN RAYA','SUKA MAKMUE',NULL,NULL,NULL,NULL),(25,37,'KABUPATEN ACEH TAMIANG','KARANG BARU',NULL,NULL,NULL,NULL),(26,37,'KABUPATEN BENER MERIAH','SIMPANG TIGA REDELONG',NULL,NULL,NULL,NULL),(27,37,'KABUPATEN PIDIE JAYA','MEUREUDU',NULL,NULL,NULL,NULL),(28,37,'KOTA BANDA ACEH','BANDA ACEH',NULL,NULL,NULL,NULL),(29,37,'KOTA SABANG','SABANG',NULL,NULL,NULL,NULL),(30,37,'KOTA SUBULUSSALAM','SUBULUSSALAM',NULL,NULL,NULL,NULL),(31,45,'KABUPATEN TAPANULI TENGAH DAN KOTA SIBOLGA','SIBOLGA',NULL,NULL,NULL,NULL),(32,45,'KABUPATEN TAPANULI UTARA','TARUTUNG',NULL,NULL,NULL,NULL),(33,45,'KABUPATEN TAPANULI SELATAN DAN KOTA PADANG SIDEMPUAN','PADANG SIDEMPUAN',NULL,NULL,NULL,NULL),(34,45,'KABUPATEN NIAS','GUNUNGSITOLI',NULL,NULL,NULL,NULL),(35,45,'KABUPATEN LANGKAT','STABAT',NULL,NULL,NULL,NULL),(36,45,'KABUPATEN KARO','KABANJAHE',NULL,NULL,NULL,NULL),(37,45,'KABUPATEN DELI SERDANG','LUBUKPAKAM',NULL,NULL,NULL,NULL),(38,45,'KABUPATEN SIMALUNGUN DAN KOTA PEMATANG SIANTAR','PEMATANGSIANTAR',NULL,NULL,NULL,NULL),(39,45,'KABUPATEN ASAHAN','KISARAN',NULL,NULL,NULL,NULL),(40,45,'KABUPATEN LABUHANBATU SELATAN','KOTA PINANG',NULL,NULL,NULL,NULL),(41,45,'KABUPATEN LABUHANBATU UTARA','AEK KANOPAN',NULL,NULL,NULL,NULL),(42,45,'KABUPATEN LABUHANBATU','RANTAUPRAPAT',NULL,NULL,NULL,NULL),(43,45,'KABUPATEN DAIRI','SIDIKALANG',NULL,NULL,NULL,NULL),(44,45,'KABUPATEN TOBA SAMOSIR','BALIGE',NULL,NULL,NULL,NULL),(45,45,'KABUPATEN MANDAILING NATAL','PENYABUNGAN',NULL,NULL,NULL,NULL),(46,45,'KABUPATEN NIAS SELATAN','TELUK DALAM',NULL,NULL,NULL,NULL),(47,45,'KABUPATEN PAKPAK BHARAT','SALAK',NULL,NULL,NULL,NULL),(48,45,'KABUPATEN HUMBANG HASUNDUTAN','DOLOK SANGGUL',NULL,NULL,NULL,NULL),(49,45,'KABUPATEN SAMOSIR','PANGURUAN',NULL,NULL,NULL,NULL),(50,45,'KABUPATEN SERDANG BEDAGAI','SEI RAMPAH',NULL,NULL,NULL,NULL),(51,45,'KABUPATEN BATU BARA','LIMA PULUH',NULL,NULL,NULL,NULL),(52,45,'KABUPATEN PADANG LAWAS UTARA','GUNUNG TUA',NULL,NULL,NULL,NULL),(53,45,'KABUPATEN PADANG LAWAS','SIBUHUAN',NULL,NULL,NULL,NULL),(54,45,'KOTA MEDAN','MEDAN',NULL,NULL,NULL,NULL),(55,45,'KOTA TANJUNG BALAI','TANJUNG BALAI',NULL,NULL,NULL,NULL),(56,45,'KOTA BINJAI','BINJAI',NULL,NULL,NULL,NULL),(57,45,'KOTA TEBING TINGGI','TEBING TINGGI',NULL,NULL,NULL,NULL),(58,2,'KABUPATEN BENGKULU SELATAN','MANNA',NULL,NULL,NULL,NULL),(59,2,'KABUPATEN REJANG LEBONG','CURUP',NULL,NULL,NULL,NULL),(60,2,'KABUPATEN BENGKULU UTARA','ARGAMAKMUR',NULL,NULL,NULL,NULL),(61,2,'KABUPATEN KAUR','BINTUHAN',NULL,NULL,NULL,NULL),(62,2,'KABUPATEN SELUMA','TAIS',NULL,NULL,NULL,NULL),(63,2,'KABUPATEN MUKOMUKO','MUKOMUKO',NULL,NULL,NULL,NULL),(64,2,'KABUPATEN LEBONG','TUBEI',NULL,NULL,NULL,NULL),(65,2,'KABUPATEN KEPAHIANG','KEPAHIANG',NULL,NULL,NULL,NULL),(66,2,'KABUPATEN BENGKULU TENGAH','KARANG TINGGI',NULL,NULL,NULL,NULL),(67,2,'KOTA BENGKULU','BENGKULU',NULL,NULL,NULL,NULL),(68,31,'KABUPATEN KERINCI DAN KOTA SUNGAI PENUH','SUNGAIPENUH',NULL,NULL,NULL,NULL),(69,31,'KABUPATEN MERANGIN','BANGKO',NULL,NULL,NULL,NULL),(70,31,'KABUPATEN SAROLANGUN','SAROLANGUN',NULL,NULL,NULL,NULL),(71,31,'KABUPATEN BATANG HARI','MUARA BULIAN',NULL,NULL,NULL,NULL),(72,31,'KABUPATEN MUARO JAMBI','SENGETI',NULL,NULL,NULL,NULL),(73,31,'KABUPATEN TANJUNG JABUNG BARAT','KUALA TUNGKAL',NULL,NULL,NULL,NULL),(74,31,'KABUPATEN TANJUNG JABUNG TIMUR','MUARA SABAK',NULL,NULL,NULL,NULL),(75,31,'KABUPATEN BUNGO','MUARA BUNGO',NULL,NULL,NULL,NULL),(76,31,'KABUPATEN TEBO','MUARA TEBO',NULL,NULL,NULL,NULL),(77,31,'KOTA JAMBI','JAMBI',NULL,NULL,NULL,NULL),(78,42,'KABUPATEN KAMPAR','BANGKINANG',NULL,NULL,NULL,NULL),(79,42,'KABUPATEN INDRAGIRI HULU','RENGAT',NULL,NULL,NULL,NULL),(80,42,'KABUPATEN BENGKALIS','BENGKALIS',NULL,NULL,NULL,NULL),(81,42,'KABUPATEN INDRAGIRI HILIR','TEMBILAHAN',NULL,NULL,NULL,NULL),(82,42,'KABUPATEN PELALAWAN','PANGKALAN KERINCI',NULL,NULL,NULL,NULL),(83,42,'KABUPATEN ROKAN HULU','PASIR PANGARAIAN',NULL,NULL,NULL,NULL),(84,42,'KABUPATEN ROKAN HILIR','UJUNG TANJUNG',NULL,NULL,NULL,NULL),(85,42,'KABUPATEN SIAK','SIAK SRIINDRAPURA',NULL,NULL,NULL,NULL),(86,42,'KABUPATEN KUANTAN SINGINGI','TELUK KUANTAN',NULL,NULL,NULL,NULL),(87,42,'KOTA PEKANBARU','PEKANBARU',NULL,NULL,NULL,NULL),(88,42,'KOTA DUMAI','DUMAI',NULL,NULL,NULL,NULL),(89,43,'KABUPATEN PESISIR SELATAN','PAINAN',NULL,NULL,NULL,NULL),(90,43,'KABUPATEN SOLOK DAN KOTA SOLOK','SOLOK',NULL,NULL,NULL,NULL),(91,43,'KABUPATEN SIJUNJUNG','MUARO SIJUNJUNG',NULL,NULL,NULL,NULL),(92,43,'KABUPATEN TANAH DATAR','BATUSANGKAR',NULL,NULL,NULL,NULL),(93,43,'KABUPATEN PADANG PARIAMAN DAN KOTA PARIAMAN','PARIAMAN',NULL,NULL,NULL,NULL),(94,43,'KABUPATEN AGAM','LUBUKBASUNG',NULL,NULL,NULL,NULL),(95,43,'KABUPATEN LIMA PULUH KOTA DAN KOTA PAYAKUMBUH','PAYAKUMBUH',NULL,NULL,NULL,NULL),(96,43,'KABUPATEN PASAMAN','LUBUKSIKAPING',NULL,NULL,NULL,NULL),(97,43,'KABUPATEN KEPULAUAN MENTAWAI','TUA PEJAT',NULL,NULL,NULL,NULL),(98,43,'KABUPATEN DHARMASRAYA','PULAU PUNJUNG',NULL,NULL,NULL,NULL),(99,43,'KABUPATEN SOLOK SELATAN','PADANG ARO',NULL,NULL,NULL,NULL),(100,43,'KABUPATEN PASAMAN BARAT','SIMPANG EMPAT',NULL,NULL,NULL,NULL),(101,43,'KOTA PADANG','PADANG',NULL,NULL,NULL,NULL),(102,43,'KOTA SAWAHLUNTO','SAWAHLUNTO',NULL,NULL,NULL,NULL),(103,43,'KOTA PADANGPANJANG','PADANGPANJANG',NULL,NULL,NULL,NULL),(104,43,'KOTA BUKITTINGGI','BUKITTINGGI',NULL,NULL,NULL,NULL),(105,44,'KABUPATEN OGAN KOMERING ULU','BATURAJA',NULL,NULL,NULL,NULL),(106,44,'KABUPATEN OGAN KOMERING ILIR','KAYU AGUNG',NULL,NULL,NULL,NULL),(107,44,'KABUPATEN MUARA ENIM','MUARA ENIM',NULL,NULL,NULL,NULL),(108,44,'KABUPATEN LAHAT','LAHAT',NULL,NULL,NULL,NULL),(109,44,'KABUPATEN MUSI RAWAS DAN KOTA LUBUK LINGGAU','LUBUK LINGGAU',NULL,NULL,NULL,NULL),(110,44,'KABUPATEN MUSI BANYUASIN','SEKAYU',NULL,NULL,NULL,NULL),(111,44,'KABUPATEN BANYUASIN','BANYUASIN',NULL,NULL,NULL,NULL),(112,44,'KABUPATEN OGAN KOMERING ULU TIMUR','MARTAPURA',NULL,NULL,NULL,NULL),(113,44,'KABUPATEN OGAN KOMERING ULU SELATAN','MUARADUA',NULL,NULL,NULL,NULL),(114,44,'KABUPATEN OGAN ILIR','INDRALAYA',NULL,NULL,NULL,NULL),(115,44,'KABUPATEN EMPAT LAWANG','TEBING TINGGI',NULL,NULL,NULL,NULL),(116,44,'KOTA PALEMBANG','PALEMBANG',NULL,NULL,NULL,NULL),(117,44,'KOTA PAGAR ALAM','PAGAR ALAM',NULL,NULL,NULL,NULL),(118,44,'KOTA PRABUMULIH','PRABUMULIH',NULL,NULL,NULL,NULL),(119,22,'KABUPATEN LAMPUNG SELATAN','KALIANDA',NULL,NULL,NULL,NULL),(120,22,'KABUPATEN LAMPUNG TENGAH','GUNUNGSUGIH',NULL,NULL,NULL,NULL),(121,22,'KABUPATEN LAMPUNG UTARA','KOTABUMI',NULL,NULL,NULL,NULL),(122,22,'KABUPATEN LAMPUNG BARAT','LIWA',NULL,NULL,NULL,NULL),(123,22,'KABUPATEN TULANG BAWANG','MENGGALA',NULL,NULL,NULL,NULL),(124,22,'KABUPATEN TANGGAMUS','KOTAAGUNG',NULL,NULL,NULL,NULL),(125,22,'KABUPATEN LAMPUNG TIMUR','SUKADANA',NULL,NULL,NULL,NULL),(126,22,'KABUPATEN WAY KANAN','BLAMBANGAN UMPU',NULL,NULL,NULL,NULL),(127,22,'KABUPATEN PESAWARAN','GEDONG TATAAN',NULL,NULL,NULL,NULL),(128,22,'KOTA BANDAR LAMPUNG','BANDAR LAMPUNG',NULL,NULL,NULL,NULL),(129,22,'KOTA METRO','METRO',NULL,NULL,NULL,NULL),(130,1,'KABUPATEN BANGKA','SUNGAILIAT',NULL,NULL,NULL,NULL),(131,1,'KABUPATEN BELITUNG','TANJUNGPANDAN',NULL,NULL,NULL,NULL),(132,1,'KABUPATEN BANGKA SELATAN','MENTOK',NULL,NULL,NULL,NULL),(133,1,'KABUPATEN BANGKA TENGAH','KOBA',NULL,NULL,NULL,NULL),(134,1,'KABUPATEN BANGKA BARAT','TOBOALI',NULL,NULL,NULL,NULL),(135,1,'KABUPATEN BELITUNG TIMUR','MANGGAR',NULL,NULL,NULL,NULL),(136,1,'KOTA PANGKAL PINANG','PANGKAL PINANG',NULL,NULL,NULL,NULL),(137,19,'KABUPATEN BINTAN DAN KOTA TANJUNG PINANG','TANJUNGPINANG',NULL,NULL,NULL,NULL),(138,19,'KABUPATEN KARIMUN','TANJUNG BALAI KARIMUN',NULL,NULL,NULL,NULL),(139,19,'KABUPATEN NATUNA','RANAI',NULL,NULL,NULL,NULL),(140,19,'KABUPATEN LINGGA','DAIK LINGGA',NULL,NULL,NULL,NULL),(141,19,'KABUPATEN KEPULAUAN ANAMBAS','TAREMPA',NULL,NULL,NULL,NULL),(142,19,'KOTA BATAM','BATAM',NULL,NULL,NULL,NULL),(143,4,'KABUPATEN PANDEGLANG','PANDEGLANG',NULL,NULL,NULL,NULL),(144,4,'KABUPATEN LEBAK','RANGKASBITUNG',NULL,NULL,NULL,NULL),(145,4,'KABUPATEN TANGERANG DAN KOTA TANGERANG','TANGERANG',NULL,NULL,NULL,NULL),(146,4,'KABUPATEN SERANG DAN KOTA SERANG','SERANG',NULL,NULL,NULL,NULL),(147,4,'KOTA CILEGON','CILEGON',NULL,NULL,NULL,NULL),(148,11,'KABUPATEN BOGOR DAN KOTA BOGOR','CIBINONG',NULL,NULL,NULL,NULL),(149,11,'KABUPATEN SUKABUMI DAN KOTA SUKABUMI','SUKABUMI',NULL,NULL,NULL,NULL),(150,11,'KABUPATEN CIANJUR','CIANJUR',NULL,NULL,NULL,NULL),(151,11,'KABUPATEN BANDUNG DAN KOTA BANDUNG','SOREANG',NULL,NULL,NULL,NULL),(152,11,'KABUPATEN GARUT','GARUT',NULL,NULL,NULL,NULL),(153,11,'KABUPATEN TASIKMALAYA DAN KOTA TASIKMALAYA','SINGAPARNA',NULL,NULL,NULL,NULL),(154,11,'KABUPATEN CIAMIS','CIAMIS',NULL,NULL,NULL,NULL),(155,11,'KABUPATEN KUNINGAN','KUNINGAN',NULL,NULL,NULL,NULL),(156,11,'KABUPATEN CIREBON DAN KOTA CIREBON','SUMBER',NULL,NULL,NULL,NULL),(157,11,'KABUPATEN MAJALENGKA','MAJALENGKA',NULL,NULL,NULL,NULL),(158,11,'KABUPATEN SUMEDANG','SUMEDANG',NULL,NULL,NULL,NULL),(159,11,'KABUPATEN INDRAMAYU','INDRAMAYU',NULL,NULL,NULL,NULL),(160,11,'KABUPATEN SUBANG','SUBANG',NULL,NULL,NULL,NULL),(161,11,'KABUPATEN PURWAKARTA','PURWAKARTA',NULL,NULL,NULL,NULL),(162,11,'KABUPATEN KARAWANG','KARAWANG',NULL,NULL,NULL,NULL),(163,11,'KABUPATEN BEKASI DAN KOTA BEKASI','BEKASI',NULL,NULL,NULL,NULL),(164,11,'KABUPATEN BANDUNG BARAT','NGAMPRAH',NULL,NULL,NULL,NULL),(165,11,'KOTA DEPOK','DEPOK',NULL,NULL,NULL,NULL),(166,11,'KOTA CIMAHI','CIMAHI',NULL,NULL,NULL,NULL),(167,11,'KOTA BANJAR','BANJAR',NULL,NULL,NULL,NULL),(168,30,'KABUPATEN ADMINISTRASI KEPULAUAN SERIBU','PULAU PRAMUKA',NULL,NULL,NULL,NULL),(169,30,'KOTA ADMINISTRASI JAKARTA PUSAT','JAKARTA',NULL,NULL,NULL,NULL),(170,30,'KOTA ADMINISTRASI JAKARTA UTARA','JAKARTA',NULL,NULL,NULL,NULL),(171,30,'KOTA ADMINISTRASI JAKARTA BARAT','JAKARTA',NULL,NULL,NULL,NULL),(172,30,'KOTA ADMINISTRASI JAKARTA SELATAN','JAKARTA',NULL,NULL,NULL,NULL),(173,30,'KOTA ADMINISTRASI JAKARTA TIMUR','JAKARTA',NULL,NULL,NULL,NULL),(174,29,'KABUPATEN CILACAP','CILACAP',NULL,NULL,NULL,NULL),(175,29,'KABUPATEN BANYUMAS','PURWOKERTO',NULL,NULL,NULL,NULL),(176,29,'KABUPATEN PURBALINGGA','PURBALINGGA',NULL,NULL,NULL,NULL),(177,29,'KABUPATEN BANJARNEGARA','BANJARNEGARA',NULL,NULL,NULL,NULL),(178,29,'KABUPATEN KEBUMEN','KEBUMEN',NULL,NULL,NULL,NULL),(179,29,'KABUPATEN PURWOREJO','PURWOREJO',NULL,NULL,NULL,NULL),(180,29,'KABUPATEN WONOSOBO','WONOSOBO',NULL,NULL,NULL,NULL),(181,29,'KABUPATEN MAGELANG & KOTA MAGELANG','MUNGKID',NULL,NULL,NULL,NULL),(182,29,'KABUPATEN BOYOLALI','BOYOLALI',NULL,NULL,NULL,NULL),(183,29,'KABUPATEN KLATEN','KLATEN',NULL,NULL,NULL,NULL),(184,29,'KABUPATEN SUKOHARJO','SUKOHARJO',NULL,NULL,NULL,NULL),(185,29,'KABUPATEN WONOGIRI','WONOGIRI',NULL,NULL,NULL,NULL),(186,29,'KABUPATEN KARANGANYAR','KARANGANYAR',NULL,NULL,NULL,NULL),(187,29,'KABUPATEN SRAGEN','SRAGEN',NULL,NULL,NULL,NULL),(188,29,'KABUPATEN GROBOGAN','PURWODADI',NULL,NULL,NULL,NULL),(189,29,'KABUPATEN BLORA','BLORA',NULL,NULL,NULL,NULL),(190,29,'KABUPATEN REMBANG','REMBANG',NULL,NULL,NULL,NULL),(191,29,'KABUPATEN PATI','PATI',NULL,NULL,NULL,NULL),(192,29,'KABUPATEN KUDUS','KUDUS',NULL,NULL,NULL,NULL),(193,29,'KABUPATEN JEPARA','JEPARA',NULL,NULL,NULL,NULL),(194,29,'KABUPATEN DEMAK','DEMAK',NULL,NULL,NULL,NULL),(195,29,'KABUPATEN SEMARANG DAN KOTA SEMARANG','UNGARAN',NULL,NULL,NULL,NULL),(196,29,'KABUPATEN TEMANGGUNG','TEMANGGUNG',NULL,NULL,NULL,NULL),(197,29,'KABUPATEN KENDAL','KENDAL',NULL,NULL,NULL,NULL),(198,29,'KABUPATEN BATANG','BATANG',NULL,NULL,NULL,NULL),(199,29,'KABUPATEN PEKALONGAN DAN KOTA PEKALONGAN','KAJEN',NULL,NULL,NULL,NULL),(200,29,'KABUPATEN PEMALANG','PEMALANG',NULL,NULL,NULL,NULL),(201,29,'KABUPATEN TEGAL DAN KOTA TEGAL','SLAWI',NULL,NULL,NULL,NULL),(202,29,'KABUPATEN BREBES','BREBES',NULL,NULL,NULL,NULL),(203,29,'KOTA SURAKARTA','SOLO',NULL,NULL,NULL,NULL),(204,29,'KOTA SALATIGA','SALATIGA',NULL,NULL,NULL,NULL),(205,33,'KABUPATEN PACITAN','PACITAN',NULL,NULL,NULL,NULL),(206,33,'KABUPATEN PONOROGO','PONOROGO',NULL,NULL,NULL,NULL),(207,33,'KABUPATEN TRENGGALEK','TRENGGALEK',NULL,NULL,NULL,NULL),(208,33,'KABUPATEN TULUNGAGUNG','TULUNGAGUNG',NULL,NULL,NULL,NULL),(209,33,'KABUPATEN BLITAR DAN KOTA BLITAR','BLITAR',NULL,NULL,NULL,NULL),(210,33,'KABUPATEN KEDIRI DAN KOTA KEDIRI','KEDIRI',NULL,NULL,NULL,NULL),(211,33,'KABUPATEN MALANG DAN KOTA MALANG','KEPANJEN',NULL,NULL,NULL,NULL),(212,33,'KABUPATEN LUMAJANG','LUMAJANG',NULL,NULL,NULL,NULL),(213,33,'KABUPATEN JEMBER','JEMBER',NULL,NULL,NULL,NULL),(214,33,'KABUPATEN BANYUWANGI','BANYUWANGI',NULL,NULL,NULL,NULL),(215,33,'KABUPATEN BONDOWOSO','BONDOWOSO',NULL,NULL,NULL,NULL),(216,33,'KABUPATEN SITUBONDO','SITUBONDO',NULL,NULL,NULL,NULL),(217,33,'KABUPATEN PROBOLINGGO DAN KOTA PROBOLINGGO','PROBOLINGGO',NULL,NULL,NULL,NULL),(218,33,'KABUPATEN PASURUAN DAN KOTA PASURUAN','PASURUAN',NULL,NULL,NULL,NULL),(219,33,'KABUPATEN SIDOARJO','SIDOARJO',NULL,NULL,NULL,NULL),(220,33,'KABUPATEN MOJOKERTO DAN KOTA MOJOKERTO','MOJOKERTO',NULL,NULL,NULL,NULL),(221,33,'KABUPATEN JOMBANG','JOMBANG',NULL,NULL,NULL,NULL),(222,33,'KABUPATEN NGANJUK','NGANJUK',NULL,NULL,NULL,NULL),(223,33,'KABUPATEN MADIUN DAN KOTA MADIUN','MADIUN',NULL,NULL,NULL,NULL),(224,33,'KABUPATEN MAGETAN','MAGETAN',NULL,NULL,NULL,NULL),(225,33,'KABUPATEN NGAWI','NGAWI',NULL,NULL,NULL,NULL),(226,33,'KABUPATEN BOJONEGORO','BOJONEGORO',NULL,NULL,NULL,NULL),(227,33,'KABUPATEN TUBAN','TUBAN',NULL,NULL,NULL,NULL),(228,33,'KABUPATEN LAMONGAN','LAMONGAN',NULL,NULL,NULL,NULL),(229,33,'KABUPATEN GRESIK','GRESIK',NULL,NULL,NULL,NULL),(230,33,'KABUPATEN BANGKALAN','BANGKALAN',NULL,NULL,NULL,NULL),(231,33,'KABUPATEN SAMPANG','SAMPANG',NULL,NULL,NULL,NULL),(232,33,'KABUPATEN PAMEKASAN','PAMEKASAN',NULL,NULL,NULL,NULL),(233,33,'KABUPATEN SUMENEP','SUMENEP',NULL,NULL,NULL,NULL),(234,33,'KOTA SURABAYA','SURABAYA',NULL,NULL,NULL,NULL),(235,33,'KOTA BATU','BATU',NULL,NULL,NULL,NULL),(236,32,'KABUPATEN KULON PROGO','WATES',NULL,NULL,NULL,NULL),(237,32,'KABUPATEN BANTUL','BANTUL',NULL,NULL,NULL,NULL),(238,32,'KABUPATEN GUNUNG KIDUL','WONOSARI',NULL,NULL,NULL,NULL),(239,32,'KABUPATEN SLEMAN','SLEMAN',NULL,NULL,NULL,NULL),(240,32,'KOTA YOGYAKARTA','JOGJAKARTA',NULL,NULL,NULL,NULL),(241,3,'KABUPATEN JEMBRANA','NEGARA',NULL,NULL,NULL,NULL),(242,3,'KABUPATEN TABANAN','TABANAN',NULL,NULL,NULL,NULL),(243,3,'KABUPATEN BADUNG','BADUNG',NULL,NULL,NULL,NULL),(244,3,'KABUPATEN GIANYAR','GIANYAR',NULL,NULL,NULL,NULL),(245,3,'KABUPATEN KLUNGKUNG','KLUNGKUNG',NULL,NULL,NULL,NULL),(246,3,'KABUPATEN BANGLI','BANGLI',NULL,NULL,NULL,NULL),(247,3,'KABUPATEN KARANGASEM','KARANGASEM',NULL,NULL,NULL,NULL),(248,3,'KABUPATEN BULELENG','SINGARAJA',NULL,NULL,NULL,NULL),(249,3,'KOTA DENPASAR','DENPASAR',NULL,NULL,NULL,NULL),(250,38,'KABUPATEN LOMBOK BARAT DAN KOTA MATARAM','MATARAM',NULL,NULL,NULL,NULL),(251,38,'KABUPATEN LOMBOK TENGAH','PRAYA',NULL,NULL,NULL,NULL),(252,38,'KABUPATEN LOMBOK TIMUR','SELONG',NULL,NULL,NULL,NULL),(253,38,'KABUPATEN SUMBAWA','SUMBAWA BESAR',NULL,NULL,NULL,NULL),(254,38,'KABUPATEN DOMPU','DOMPU',NULL,NULL,NULL,NULL),(255,38,'KABUPATEN BIMA DAN KOTA BIMA','RABA',NULL,NULL,NULL,NULL),(256,38,'KABUPATEN SUMBAWA BARAT','TALIWANG',NULL,NULL,NULL,NULL),(257,38,'KABUPATEN LOMBOK UTARA','TANJUNG',NULL,NULL,NULL,NULL),(258,39,'KABUPATEN KUPANG DAN KOTA KUPANG','KUPANG',NULL,NULL,NULL,NULL),(259,39,'KABUPATEN TIMOR TENGAH SELATAN','SOE',NULL,NULL,NULL,NULL),(260,39,'KABUPATEN TIMOR TENGAH UTARA','KEFAMENANU',NULL,NULL,NULL,NULL),(261,39,'KABUPATEN BELU','ATAMBUA',NULL,NULL,NULL,NULL),(262,39,'KABUPATEN ALOR','KALABAHI',NULL,NULL,NULL,NULL),(263,39,'KABUPATEN FLORES TIMUR','LARANTUKA',NULL,NULL,NULL,NULL),(264,39,'KABUPATEN SIKKA','MAUMERE',NULL,NULL,NULL,NULL),(265,39,'KABUPATEN ENDE','ENDE',NULL,NULL,NULL,NULL),(266,39,'KABUPATEN NGADA','BAJAWA',NULL,NULL,NULL,NULL),(267,39,'KABUPATEN MANGGARAI','RUTENG',NULL,NULL,NULL,NULL),(268,39,'KABUPATEN SUMBA TIMUR','WAINGAPU',NULL,NULL,NULL,NULL),(269,39,'KABUPATEN SUMBA BARAT','WAIKABUBAK',NULL,NULL,NULL,NULL),(270,39,'KABUPATEN LEMBATA','LEWOLEBA',NULL,NULL,NULL,NULL),(271,39,'KABUPATEN ROTE NDAO','BAA',NULL,NULL,NULL,NULL),(272,39,'KABUPATEN MANGGARAI BARAT','LABUAN BAJO',NULL,NULL,NULL,NULL),(273,39,'KABUPATEN NAGEKEO','MBAY',NULL,NULL,NULL,NULL),(274,39,'KABUPATEN SUMBA TENGAH','WAIBAKUL',NULL,NULL,NULL,NULL),(275,39,'KABUPATEN SUMBA BARAT DAYA','TAMBOLAKA',NULL,NULL,NULL,NULL),(276,39,'KABUPATEN MANGGARAI TIMUR','BORONG',NULL,NULL,NULL,NULL),(277,34,'KABUPATEN SAMBAS','SAMBAS',NULL,NULL,NULL,NULL),(278,34,'KABUPATEN PONTIANAK DAN KOTA PONTIANAK','MEMPAWAH',NULL,NULL,NULL,NULL),(279,34,'KABUPATEN SANGGAU','BATANG TARANG',NULL,NULL,NULL,NULL),(280,34,'KABUPATEN KETAPANG','KETAPANG',NULL,NULL,NULL,NULL),(281,34,'KABUPATEN SINTANG','SINTANG',NULL,NULL,NULL,NULL),(282,34,'KABUPATEN KAPUAS HULU','PUTUSSIBAU',NULL,NULL,NULL,NULL),(283,34,'KABUPATEN BENGKAYANG','BENGKAYANG',NULL,NULL,NULL,NULL),(284,34,'KABUPATEN LANDAK','NGABANG',NULL,NULL,NULL,NULL),(285,34,'KABUPATEN MELAWI','NANGA PINOH',NULL,NULL,NULL,NULL),(286,34,'KABUPATEN SEKADAU','SEKADAU',NULL,NULL,NULL,NULL),(287,34,'KABUPATEN KAYONG UTARA','SUKADANA',NULL,NULL,NULL,NULL),(288,34,'KABUPATEN KUBU RAYA','SUNGAI RAYA',NULL,NULL,NULL,NULL),(289,34,'KOTA SINGKAWANG','SINGKAWANG',NULL,NULL,NULL,NULL),(290,20,'KABUPATEN TANAH LAUT','PELAIHARI',NULL,NULL,NULL,NULL),(291,20,'KABUPATEN KOTABARU','KOTABARU',NULL,NULL,NULL,NULL),(292,20,'KABUPATEN BANJAR','MARTAPURA',NULL,NULL,NULL,NULL),(293,20,'KABUPATEN BARITO KUALA','MARABAHAN',NULL,NULL,NULL,NULL),(294,20,'KABUPATEN TAPIN','RANTAU',NULL,NULL,NULL,NULL),(295,20,'KABUPATEN HULU SUNGAI SELATAN','KANDANGAN',NULL,NULL,NULL,NULL),(296,20,'KABUPATEN HULU SUNGAI TENGAH','BARABAI',NULL,NULL,NULL,NULL),(297,20,'KABUPATEN HULU SUNGAI UTARA','AMUNTAI',NULL,NULL,NULL,NULL),(298,20,'KABUPATEN TABALONG','TANJUNG',NULL,NULL,NULL,NULL),(299,20,'KABUPATEN TANAH BUMBU','BATULICIN',NULL,NULL,NULL,NULL),(300,20,'KABUPATEN BALANGAN','PARINGIN',NULL,NULL,NULL,NULL),(301,20,'KOTA BANJARMASIN','BANJARMASIN',NULL,NULL,NULL,NULL),(302,20,'KOTA BANJARBARU','BANJARBARU',NULL,NULL,NULL,NULL),(303,18,'KABUPATEN KOTAWARINGIN BARAT','PANGKALAN BUN',NULL,NULL,NULL,NULL),(304,18,'KABUPATEN KOTAWARINGIN TIMUR','SAMPIT',NULL,NULL,NULL,NULL),(305,18,'KABUPATEN KAPUAS','KUALA KAPUAS',NULL,NULL,NULL,NULL),(306,18,'KABUPATEN BARITO SELATAN','BUNTOK',NULL,NULL,NULL,NULL),(307,18,'KABUPATEN BARITO UTARA','MUARA TEWEH',NULL,NULL,NULL,NULL),(308,18,'KABUPATEN KATINGAN','KASONGAN',NULL,NULL,NULL,NULL),(309,18,'KABUPATEN SERUYAN','KUALA PEMBUANG',NULL,NULL,NULL,NULL),(310,18,'KABUPATEN SUKAMARA','SUKAMARA',NULL,NULL,NULL,NULL),(311,18,'KABUPATEN LAMANDAU','NANGA BULIK',NULL,NULL,NULL,NULL),(312,18,'KABUPATEN GUNUNG MAS','KUALA KURUN',NULL,NULL,NULL,NULL),(313,18,'KABUPATEN PULANG PISAU','PULANG PISAU',NULL,NULL,NULL,NULL),(314,18,'KABUPATEN MURUNG RAYA','PURUKCAHU',NULL,NULL,NULL,NULL),(315,18,'KABUPATEN BARITO TIMUR','TAMIANG',NULL,NULL,NULL,NULL),(316,18,'KOTA PALANGKARAYA','PALANGKARAYA',NULL,NULL,NULL,NULL),(317,35,'KABUPATEN PASER','TANAH GROGOT',NULL,NULL,NULL,NULL),(318,35,'KABUPATEN KUTAI KARTANEGARA','TENGGARONG',NULL,NULL,NULL,NULL),(319,35,'KABUPATEN BERAU','TANJUNGREDEP',NULL,NULL,NULL,NULL),(320,35,'KABUPATEN BULUNGAN','TANJUNGSELOR',NULL,NULL,NULL,NULL),(321,35,'KABUPATEN NUNUKAN','NUNUKAN',NULL,NULL,NULL,NULL),(322,35,'KABUPATEN MALINAU','MALINAU',NULL,NULL,NULL,NULL),(323,35,'KABUPATEN KUTAI BARAT','SENDAWAR',NULL,NULL,NULL,NULL),(324,35,'KABUPATEN KUTAI TIMUR','SANGATTA',NULL,NULL,NULL,NULL),(325,35,'KABUPATEN PENAJAM PASER UTARA','PENAJAM',NULL,NULL,NULL,NULL),(326,35,'KOTA BALIKPAPAN','BALIKPAPAN',NULL,NULL,NULL,NULL),(327,35,'KOTA SAMARINDA','SAMARINDA',NULL,NULL,NULL,NULL),(328,35,'KOTA TARAKAN','TARAKAN',NULL,NULL,NULL,NULL),(329,35,'KOTA BONTANG','BONTANG',NULL,NULL,NULL,NULL),(330,28,'KABUPATEN GORONTALO & KOTA GORONTALO','GORONTALO',NULL,NULL,NULL,NULL),(331,28,'KABUPATEN BOALEMO','TILAMUTA',NULL,NULL,NULL,NULL),(332,28,'KABUPATEN BONE BOLANGO','SUWAWA',NULL,NULL,NULL,NULL),(333,28,'KABUPATEN POHUWATO','MARISA',NULL,NULL,NULL,NULL),(334,28,'KABUPATEN GORONTALO UTARA','KWANDANG',NULL,NULL,NULL,NULL),(335,26,'KABUPATEN SELAYAR','BENTENG',NULL,NULL,NULL,NULL),(336,26,'KABUPATEN BULUKUMBA','BULUKUMBA',NULL,NULL,NULL,NULL),(337,26,'KABUPATEN BANTAENG','BANTAENG',NULL,NULL,NULL,NULL),(338,26,'KABUPATEN JENEPONTO','JENEPONTO',NULL,NULL,NULL,NULL),(339,26,'KABUPATEN TAKALAR','TAKALAR',NULL,NULL,NULL,NULL),(340,26,'KABUPATEN GOWA','SUNGGU MINASA',NULL,NULL,NULL,NULL),(341,26,'KABUPATEN SINJAI','SINJAI',NULL,NULL,NULL,NULL),(342,26,'KABUPATEN BONE','WATAMPONE',NULL,NULL,NULL,NULL),(343,26,'KABUPATEN MAROS','MAROS',NULL,NULL,NULL,NULL),(344,26,'KABUPATEN PANGKAJENE DAN KEPULAUAN','PANGKAJENE',NULL,NULL,NULL,NULL),(345,26,'KABUPATEN BARRU','BARRU',NULL,NULL,NULL,NULL),(346,26,'KABUPATEN SOPPENG','WATAN SOPPENG',NULL,NULL,NULL,NULL),(347,26,'KABUPATEN WAJO','SENGKANG',NULL,NULL,NULL,NULL),(348,26,'KABUPATEN SIDENRENG RAPPANG','SIDENRENG',NULL,NULL,NULL,NULL),(349,26,'KABUPATEN PINRANG','PINRANG',NULL,NULL,NULL,NULL),(350,26,'KABUPATEN ENREKANG','ENREKANG',NULL,NULL,NULL,NULL),(351,26,'KABUPATEN LUWU & KOTA PALOPO','PALOPO',NULL,NULL,NULL,NULL),(352,26,'KABUPATEN TANA TORAJA','MAKALE',NULL,NULL,NULL,NULL),(353,26,'KABUPATEN LUWU UTARA','MASAMBA',NULL,NULL,NULL,NULL),(354,26,'KABUPATEN LUWU TIMUR','MALILI',NULL,NULL,NULL,NULL),(355,26,'KABUPATEN TORAJA UTARA','RANTEPAO',NULL,NULL,NULL,NULL),(356,26,'KOTA MAKASSAR','MAKASSAR',NULL,NULL,NULL,NULL),(357,26,'KOTA PARE-PARE','PARE-PARE',NULL,NULL,NULL,NULL),(358,7,'KABUPATEN KOLAKA','KOLAKA',NULL,NULL,NULL,NULL),(359,7,'KABUPATEN KONAWE','UNAAHA',NULL,NULL,NULL,NULL),(360,7,'KABUPATEN MUNA','RAHA',NULL,NULL,NULL,NULL),(361,7,'KABUPATEN BUTON & KOTA BAU-BAU','BAU-BAU',NULL,NULL,NULL,NULL),(362,7,'KABUPATEN KONAWE SELATAN','ANDOLO',NULL,NULL,NULL,NULL),(363,7,'KABUPATEN BOMBANA','RUMBIA',NULL,NULL,NULL,NULL),(364,7,'KABUPATEN WAKATOBI','WANGI-WANGI',NULL,NULL,NULL,NULL),(365,7,'KABUPATEN KOLAKA UTARA','LASUSUA',NULL,NULL,NULL,NULL),(366,7,'KABUPATEN KONAWE UTARA','WANGGUDU',NULL,NULL,NULL,NULL),(367,7,'KABUPATEN BUTON UTARA','BURANGA',NULL,NULL,NULL,NULL),(368,7,'KOTA KENDARI','KENDARI',NULL,NULL,NULL,NULL),(369,25,'KABUPATEN BANGGAI','LUWUK',NULL,NULL,NULL,NULL),(370,25,'KABUPATEN POSO','POSO',NULL,NULL,NULL,NULL),(371,25,'KABUPATEN DONGGALA','DONGGALA',NULL,NULL,NULL,NULL),(372,25,'KABUPATEN TOLI-TOLI','TOLI-TOLI',NULL,NULL,NULL,NULL),(373,25,'KABUPATEN BUOL','BUOL',NULL,NULL,NULL,NULL),(374,25,'KABUPATEN MOROWALI','BUNGKU',NULL,NULL,NULL,NULL),(375,25,'KABUPATEN BANGGAI KEPULAUAN','BANGGAI',NULL,NULL,NULL,NULL),(376,25,'KABUPATEN PARIGI MOUTONG','PARIGI',NULL,NULL,NULL,NULL),(377,25,'KABUPATEN TOJO UNA-UNA','AMPANA',NULL,NULL,NULL,NULL),(378,25,'KABUPATEN SIGI','SIGI BIROMARU',NULL,NULL,NULL,NULL),(379,25,'KOTA PALU','PALU',NULL,NULL,NULL,NULL),(380,27,'KABUPATEN BOLAANG MONGONDOW & KOTA KOTAMUBAGU','KOTAMOBAGU',NULL,NULL,NULL,NULL),(381,27,'KABUPATEN BOLAANG MONGONDOW TIMUR','TUTUYAN',NULL,NULL,NULL,NULL),(382,27,'KABUPATEN BOLAANG MONGONDOW SELATAN','BOLAANG UKI',NULL,NULL,NULL,NULL),(383,27,'KABUPATEN MINAHASA','TONDANO',NULL,NULL,NULL,NULL),(384,27,'KABUPATEN KEPULAUAN SANGIHE','TAHUNA',NULL,NULL,NULL,NULL),(385,27,'KABUPATEN KEPULAUAN TALAUD','MELONGUANE',NULL,NULL,NULL,NULL),(386,27,'KABUPATEN MINAHASA SELATAN','AMURANG',NULL,NULL,NULL,NULL),(387,27,'KABUPATEN MINAHASA UTARA','AIRMADIDI',NULL,NULL,NULL,NULL),(388,27,'KABUPATEN MINAHASA TENGGARA','RATAHAN',NULL,NULL,NULL,NULL),(389,27,'KABUPATEN BOLAANG MONGONDOW UTARA','BOROKO',NULL,NULL,NULL,NULL),(390,27,'KABUPATEN KEPULAUAN SIAU TAGULANDANG BIARO','ONDONG SIAU',NULL,NULL,NULL,NULL),(391,27,'KOTA MANADO','MANADO',NULL,NULL,NULL,NULL),(392,27,'KOTA BITUNG','BITUNG',NULL,NULL,NULL,NULL),(393,27,'KOTA TOMOHON','TOMOHON',NULL,NULL,NULL,NULL),(394,24,'KABUPATEN MAMUJU UTARA','PASANGKAYU',NULL,NULL,NULL,NULL),(395,24,'KABUPATEN MAMUJU','MAMUJU',NULL,NULL,NULL,NULL),(396,24,'KABUPATEN MAMASA','MAMASA',NULL,NULL,NULL,NULL),(397,24,'KABUPATEN POLEWALI MANDAR','POLEWALI',NULL,NULL,NULL,NULL),(398,24,'KABUPATEN MAJENE','MAJENE',NULL,NULL,NULL,NULL),(399,23,'KABUPATEN MALUKU BARAT DAYA','TIAKUR',NULL,NULL,NULL,NULL),(400,23,'KABUPATEN MALUKU TENGAH','MASOHI',NULL,NULL,NULL,NULL),(401,23,'KABUPATEN MALUKU TENGGARA & KOTA TUAL','TUAL',NULL,NULL,NULL,NULL),(402,23,'KABUPATEN MALUKU TENGGARA BARAT','SAUMLAKI',NULL,NULL,NULL,NULL),(403,23,'KABUPATEN BURU','NAMLEA',NULL,NULL,NULL,NULL),(404,23,'KABUPATEN BURU SELATAN','NAMROLE',NULL,NULL,NULL,NULL),(405,23,'KABUPATEN SERAM BAGIAN TIMUR','DATARAN HUNIMOA',NULL,NULL,NULL,NULL),(406,23,'KABUPATEN SERAM BAGIAN BARAT','DATARAN HUNIPOPU',NULL,NULL,NULL,NULL),(407,23,'KABUPATEN KEPULAUAN ARU','DOBO',NULL,NULL,NULL,NULL),(408,23,'KOTA AMBON','AMBON',NULL,NULL,NULL,NULL),(409,36,'KABUPATEN HALMAHERA BARAT & KOTA TERNATE','TERNATE',NULL,NULL,NULL,NULL),(410,36,'KABUPATEN HALMAHERA TENGAH','WEDA',NULL,NULL,NULL,NULL),(411,36,'KABUPATEN HALMAHERA UTARA','TOBELO',NULL,NULL,NULL,NULL),(412,36,'KABUPATEN HALMAHERA SELATAN','LABUHA',NULL,NULL,NULL,NULL),(413,36,'KABUPATEN KEPULAUAN SULA','SANANA',NULL,NULL,NULL,NULL),(414,36,'KABUPATEN HALMAHERA TIMUR','MABA',NULL,NULL,NULL,NULL),(415,36,'KOTA TIDORE KEPULAUAN','TIDORE KEPULAUAN',NULL,NULL,NULL,NULL),(416,41,'KABUPATEN MERAUKE','MERAUKE',NULL,NULL,NULL,NULL),(417,41,'KABUPATEN JAYAWIJAYA','WAMENA',NULL,NULL,NULL,NULL),(418,41,'KABUPATEN JAYAPURA & KOTA JAYAPURA','JAYAPURA',NULL,NULL,NULL,NULL),(419,41,'KABUPATEN NABIRE','NABIRE',NULL,NULL,NULL,NULL),(420,41,'KABUPATEN KEPULAUAN YAPEN','SERUI',NULL,NULL,NULL,NULL),(421,41,'KABUPATEN BIAK NUMFOR','BIAK',NULL,NULL,NULL,NULL),(422,41,'KABUPATEN PUNCAK JAYA','KOTAMULIA',NULL,NULL,NULL,NULL),(423,41,'KABUPATEN PANIAI','ENAROTALI',NULL,NULL,NULL,NULL),(424,41,'KABUPATEN MIMIKA','TIMIKA',NULL,NULL,NULL,NULL),(425,41,'KABUPATEN SARMI','SARMI',NULL,NULL,NULL,NULL),(426,41,'KABUPATEN KEEROM','WARIS',NULL,NULL,NULL,NULL),(427,41,'KABUPATEN PEGUNUNGAN BINTANG','OKSIBIL',NULL,NULL,NULL,NULL),(428,41,'KABUPATEN YAHUKIMO','SUMOHAI',NULL,NULL,NULL,NULL),(429,41,'KABUPATEN TOLIKARA','KARUBAGA',NULL,NULL,NULL,NULL),(430,41,'KABUPATEN WAROPEN','BOTAWA',NULL,NULL,NULL,NULL),(431,41,'KABUPATEN BOVEN DIGOEL','TANAH MERAH',NULL,NULL,NULL,NULL),(432,41,'KABUPATEN MAPPI','KEPI',NULL,NULL,NULL,NULL),(433,41,'KABUPATEN ASMAT','AGATS',NULL,NULL,NULL,NULL),(434,41,'KABUPATEN SUPIORI','SORENDIWERI',NULL,NULL,NULL,NULL),(435,41,'KABUPATEN MAMBERAMO RAYA','BURMESO',NULL,NULL,NULL,NULL),(436,41,'KABUPATEN MAMBERAMO TENGAH','KOBAKMA',NULL,NULL,NULL,NULL),(437,41,'KABUPATEN YALIMO','ELELIM',NULL,NULL,NULL,NULL),(438,41,'KABUPATEN LANNY JAYA','TIOM',NULL,NULL,NULL,NULL),(439,41,'KABUPATEN NDUGA','KENYAM',NULL,NULL,NULL,NULL),(440,41,'KABUPATEN PUNCAK','ILAGA',NULL,NULL,NULL,NULL),(441,41,'KABUPATEN DOGIYAI','KIGAMANI',NULL,NULL,NULL,NULL),(442,40,'KABUPATEN SORONG & KOTA SORONG','SORONG',NULL,NULL,NULL,NULL),(443,40,'KABUPATEN MANOKWARI','MANOKWARI',NULL,NULL,NULL,NULL),(444,40,'KABUPATEN FAKFAK','FAKFAK',NULL,NULL,NULL,NULL),(445,40,'KABUPATEN SORONG SELATAN','TEMINABUAN',NULL,NULL,NULL,NULL),(446,40,'KABUPATEN RAJA AMPAT','WAISAI',NULL,NULL,NULL,NULL),(447,40,'KABUPATEN TELUK BINTUNI','BINTUNI',NULL,NULL,NULL,NULL),(448,40,'KABUPATEN TELUK WONDAMA','RASIEI',NULL,NULL,NULL,NULL),(449,40,'KABUPATEN KAIMANA','KAIMANA',NULL,NULL,NULL,NULL);
/*!40000 ALTER TABLE `cities` ENABLE KEYS */;
UNLOCK TABLES;

--
-- Table structure for table `countries`
--

DROP TABLE IF EXISTS `countries`;
SET @saved_cs_client     = @@character_set_client;
SET character_set_client = utf8;
CREATE TABLE `countries` (
  `id` int(5) NOT NULL auto_increment,
  `iso2` char(2) NOT NULL,
  `iso3` char(3) NOT NULL,
  `name` varchar(100) NOT NULL,
  PRIMARY KEY  (`id`),
  KEY `iso2` (`iso2`),
  KEY `iso3` (`iso3`),
  KEY `name` (`name`)
) ENGINE=MyISAM AUTO_INCREMENT=895 DEFAULT CHARSET=latin1;
SET character_set_client = @saved_cs_client;

--
-- Dumping data for table `countries`
--

LOCK TABLES `countries` WRITE;
/*!40000 ALTER TABLE `countries` DISABLE KEYS */;
INSERT INTO `countries` VALUES (4,'AF','AFG','Afghanistan'),(248,'AX','ALA','Aland Islands'),(8,'AL','ALB','Albania'),(12,'DZ','DZA','Algeria'),(16,'AS','ASM','American Samoa'),(20,'AD','AND','Andorra'),(24,'AO','AGO','Angola'),(660,'AI','AIA','Anguilla'),(10,'AQ','ATA','Antarctica'),(28,'AG','ATG','Antigua and Barbuda'),(32,'AR','ARG','Argentina'),(51,'AM','ARM','Armenia'),(533,'AW','ABW','Aruba'),(36,'AU','AUS','Australia'),(40,'AT','AUT','Austria'),(31,'AZ','AZE','Azerbaijan'),(44,'BS','BHS','Bahamas'),(48,'BH','BHR','Bahrain'),(50,'BD','BGD','Bangladesh'),(52,'BB','BRB','Barbados'),(112,'BY','BLR','Belarus'),(56,'BE','BEL','Belgium'),(84,'BZ','BLZ','Belize'),(204,'BJ','BEN','Benin'),(60,'BM','BMU','Bermuda'),(64,'BT','BTN','Bhutan'),(68,'BO','BOL','Bolivia'),(70,'BA','BIH','Bosnia and Herzegovina'),(72,'BW','BWA','Botswana'),(74,'BV','BVT','Bouvet Island'),(76,'BR','BRA','Brazil'),(86,'IO','IOT','British Indian Ocean Territory'),(96,'BN','BRN','Brunei Darussalam'),(100,'BG','BGR','Bulgaria'),(854,'BF','BFA','Burkina Faso'),(108,'BI','BDI','Burundi'),(116,'KH','KHM','Cambodia'),(120,'CM','CMR','Cameroon'),(124,'CA','CAN','Canada'),(132,'CV','CPV','Cape Verde'),(136,'KY','CYM','Cayman Islands'),(140,'CF','CAF','Central African Republic'),(148,'TD','TCD','Chad'),(152,'CL','CHL','Chile'),(156,'CN','CHN','China'),(162,'CX','CXR','Christmas Island'),(166,'CC','CCK','Cocos (Keeling); Islands'),(170,'CO','COL','Colombia'),(174,'KM','COM','Comoros'),(178,'CG','COG','Congo'),(180,'CD','COD','Congo, Democratic Republic of the'),(184,'CK','COK','Cook Islands'),(188,'CR','CRI','Costa Rica'),(384,'CI','CIV','Cte d\'Ivoire'),(191,'HR','HRV','Croatia'),(192,'CU','CUB','Cuba'),(196,'CY','CYP','Cyprus'),(203,'CZ','CZE','Czech Republic'),(208,'DK','DNK','Denmark'),(262,'DJ','DJI','Djibouti'),(212,'DM','DMA','Dominica'),(214,'DO','DOM','Dominican Republic'),(218,'EC','ECU','Ecuador'),(818,'EG','EGY','Egypt'),(222,'SV','SLV','El Salvador'),(226,'GQ','GNQ','Equatorial Guinea'),(232,'ER','ERI','Eritrea'),(233,'EE','EST','Estonia'),(231,'ET','ETH','Ethiopia'),(238,'FK','FLK','Falkland Islands (Malvinas);'),(234,'FO','FRO','Faroe Islands'),(242,'FJ','FJI','Fiji'),(246,'FI','FIN','Finland'),(250,'FR','FRA','France'),(254,'GF','GUF','French Guiana'),(258,'PF','PYF','French Polynesia'),(260,'TF','ATF','French Southern Territories'),(266,'GA','GAB','Gabon'),(270,'GM','GMB','Gambia'),(268,'GE','GEO','Georgia'),(276,'DE','DEU','Germany'),(288,'GH','GHA','Ghana'),(292,'GI','GIB','Gibraltar'),(300,'GR','GRC','Greece'),(304,'GL','GRL','Greenland'),(308,'GD','GRD','Grenada'),(312,'GP','GLP','Guadeloupe'),(316,'GU','GUM','Guam'),(320,'GT','GTM','Guatemala'),(831,'GG','GGY','Guernsey'),(324,'GN','GIN','Guinea'),(624,'GW','GNB','Guinea-Bissau'),(328,'GY','GUY','Guyana'),(332,'HT','HTI','Haiti'),(334,'HM','HMD','Heard Island and McDonald Islands'),(336,'VA','VAT','Holy See (Vatican City State);'),(340,'HN','HND','Honduras'),(344,'HK','HKG','Hong Kong'),(348,'HU','HUN','Hungary'),(352,'IS','ISL','Iceland'),(356,'IN','IND','India'),(360,'ID','IDN','Indonesia'),(364,'IR','IRN','Iran, Islamic Republic of'),(368,'IQ','IRQ','Iraq'),(372,'IE','IRL','Ireland'),(833,'IM','IMN','Isle of Man'),(376,'IL','ISR','Israel'),(380,'IT','ITA','Italy'),(388,'JM','JAM','Jamaica'),(392,'JP','JPN','Japan'),(832,'JE','JEY','Jersey'),(400,'JO','JOR','Jordan'),(398,'KZ','KAZ','Kazakhstan'),(404,'KE','KEN','Kenya'),(296,'KI','KIR','Kiribati'),(408,'KP','PRK','Korea, Democratic People\'s Republic of'),(410,'KR','KOR','Korea, Republic of'),(414,'KW','KWT','Kuwait'),(417,'KG','KGZ','Kyrgyzstan'),(418,'LA','LAO','Lao People\'s Democratic Republic'),(428,'LV','LVA','Latvia'),(422,'LB','LBN','Lebanon'),(426,'LS','LSO','Lesotho'),(430,'LR','LBR','Liberia'),(434,'LY','LBY','Libyan Arab Jamahiriya'),(438,'LI','LIE','Liechtenstein'),(440,'LT','LTU','Lithuania'),(442,'LU','LUX','Luxembourg'),(446,'MO','MAC','Macao'),(807,'MK','MKD','Macedonia, the former Yugoslav Republic of'),(450,'MG','MDG','Madagascar'),(454,'MW','MWI','Malawi'),(458,'MY','MYS','Malaysia'),(462,'MV','MDV','Maldives'),(466,'ML','MLI','Mali'),(470,'MT','MLT','Malta'),(584,'MH','MHL','Marshall Islands'),(474,'MQ','MTQ','Martinique'),(478,'MR','MRT','Mauritania'),(480,'MU','MUS','Mauritius'),(175,'YT','MYT','Mayotte'),(484,'MX','MEX','Mexico'),(583,'FM','FSM','Micronesia, Federated States of'),(498,'MD','MDA','Moldova'),(492,'MC','MCO','Monaco'),(496,'MN','MNG','Mongolia'),(499,'ME','MNE','Montenegro'),(500,'MS','MSR','Montserrat'),(504,'MA','MAR','Morocco'),(508,'MZ','MOZ','Mozambique'),(104,'MM','MMR','Myanmar'),(516,'NA','NAM','Namibia'),(520,'NR','NRU','Nauru'),(524,'NP','NPL','Nepal'),(528,'NL','NLD','Netherlands'),(530,'AN','ANT','Netherlands Antilles'),(540,'NC','NCL','New Caledonia'),(554,'NZ','NZL','New Zealand'),(558,'NI','NIC','Nicaragua'),(562,'NE','NER','Niger'),(566,'NG','NGA','Nigeria'),(570,'NU','NIU','Niue'),(574,'NF','NFK','Norfolk Island'),(580,'MP','MNP','Northern Mariana Islands'),(578,'NO','NOR','Norway'),(512,'OM','OMN','Oman'),(586,'PK','PAK','Pakistan'),(585,'PW','PLW','Palau'),(275,'PS','PSE','Palestinian Territory, Occupied'),(591,'PA','PAN','Panama'),(598,'PG','PNG','Papua New Guinea'),(600,'PY','PRY','Paraguay'),(604,'PE','PER','Peru'),(608,'PH','PHL','Philippines'),(612,'PN','PCN','Pitcairn'),(616,'PL','POL','Poland'),(620,'PT','PRT','Portugal'),(630,'PR','PRI','Puerto Rico'),(634,'QA','QAT','Qatar'),(638,'RE','REU','Runion'),(642,'RO','ROU','Romania'),(643,'RU','RUS','Russian Federation'),(646,'RW','RWA','Rwanda'),(652,'BL','BLM','Saint Barthlemy'),(654,'SH','SHN','Saint Helena'),(659,'KN','KNA','Saint Kitts and Nevis'),(662,'LC','LCA','Saint Lucia'),(663,'MF','MAF','Saint Martin (French part);'),(666,'PM','SPM','Saint Pierre and Miquelon'),(670,'VC','VCT','Saint Vincent and the Grenadines'),(882,'WS','WSM','Samoa'),(674,'SM','SMR','San Marino'),(678,'ST','STP','Sao Tome and Principe'),(682,'SA','SAU','Saudi Arabia'),(686,'SN','SEN','Senegal'),(688,'RS','SRB','Serbia[5]'),(690,'SC','SYC','Seychelles'),(694,'SL','SLE','Sierra Leone'),(702,'SG','SGP','Singapore'),(703,'SK','SVK','Slovakia'),(705,'SI','SVN','Slovenia'),(90,'SB','SLB','Solomon Islands'),(706,'SO','SOM','Somalia'),(710,'ZA','ZAF','South Africa'),(239,'GS','SGS','South Georgia and the South Sandwich Islands'),(724,'ES','ESP','Spain'),(144,'LK','LKA','Sri Lanka'),(736,'SD','SDN','Sudan'),(740,'SR','SUR','Suriname'),(744,'SJ','SJM','Svalbard and Jan Mayen'),(748,'SZ','SWZ','Swaziland'),(752,'SE','SWE','Sweden'),(756,'CH','CHE','Switzerland'),(760,'SY','SYR','Syrian Arab Republic'),(158,'TW','TWN','Taiwan, Province of China'),(762,'TJ','TJK','Tajikistan'),(834,'TZ','TZA','Tanzania, United Republic of'),(764,'TH','THA','Thailand'),(626,'TL','TLS','Timor-Leste'),(768,'TG','TGO','Togo'),(772,'TK','TKL','Tokelau'),(776,'TO','TON','Tonga'),(780,'TT','TTO','Trinidad and Tobago'),(788,'TN','TUN','Tunisia'),(792,'TR','TUR','Turkey'),(795,'TM','TKM','Turkmenistan'),(796,'TC','TCA','Turks and Caicos Islands'),(798,'TV','TUV','Tuvalu'),(800,'UG','UGA','Uganda'),(804,'UA','UKR','Ukraine'),(784,'AE','ARE','United Arab Emirates'),(826,'GB','GBR','United Kingdom'),(840,'US','USA','United States'),(581,'UM','UMI','United States Minor Outlying Islands'),(858,'UY','URY','Uruguay'),(860,'UZ','UZB','Uzbekistan'),(548,'VU','VUT','Vanuatu'),(862,'VE','VEN','Venezuela'),(704,'VN','VNM','Viet Nam'),(92,'VG','VGB','Virgin Islands, British'),(850,'VI','VIR','Virgin Islands, U.S.'),(876,'WF','WLF','Wallis and Futuna'),(732,'EH','ESH','Western Sahara'),(887,'YE','YEM','Yemen'),(894,'ZM','ZMB','Zambia'),(716,'ZW','ZWE','Zimbabwe');
/*!40000 ALTER TABLE `countries` ENABLE KEYS */;
UNLOCK TABLES;

--
-- Table structure for table `diagnoses`
--

DROP TABLE IF EXISTS `diagnoses`;
SET @saved_cs_client     = @@character_set_client;
SET character_set_client = utf8;
CREATE TABLE `diagnoses` (
  `id` int(11) NOT NULL auto_increment,
  `name` varchar(200) NOT NULL,
  PRIMARY KEY  (`id`)
) ENGINE=MyISAM AUTO_INCREMENT=44 DEFAULT CHARSET=latin1;
SET character_set_client = @saved_cs_client;

--
-- Dumping data for table `diagnoses`
--

LOCK TABLES `diagnoses` WRITE;
/*!40000 ALTER TABLE `diagnoses` DISABLE KEYS */;
INSERT INTO `diagnoses` VALUES (1,'ISPA (Faringitis, Sinusitis, Tonsilitis, Common Cold, dll)'),(2,'Penyakit infeksi kulit (Pioderma, Tinea, Infeksi virus, dll)'),(10,'Penyakit alergi kulit (Urtikaria, Dermatitis, dll)'),(11,'Penyakit Mata (Konjungtivitis, Hordeolum, Blefaritis, Trauma, dll)'),(12,'Penyakit Gigi dan Mulut (Dental Pain, Stomatitis, Periodontitis, Caries)'),(13,'Abdominal Pain'),(14,'Anemia'),(15,'Combustio/Burn Injury'),(16,'Dispepsia, Gastritis'),(17,'Dyspnea'),(18,'Epistaksis'),(19,'Fatigue'),(20,'GERD'),(21,'Hiperkolesterolemia'),(22,'Hipertensi'),(23,'Hiperurisemia'),(24,'Hipotensi'),(25,'Insomnia'),(26,'ISK'),(27,'LBK/Back Pain'),(28,'Limfadenitis'),(29,'Malaise'),(30,'Mialgia'),(31,'Neuralgia; CTS'),(32,'Neuritis'),(33,'Observasi Febris'),(34,'Pruritus'),(35,'Rhinitis'),(36,'Sefalgia'),(37,'Typhoid'),(38,'Varises'),(39,'Vertigo'),(40,'Vulnus'),(41,''),(42,'Diare, gastroenteritis'),(43,'Diabetes');
/*!40000 ALTER TABLE `diagnoses` ENABLE KEYS */;
UNLOCK TABLES;

--
-- Table structure for table `groups`
--

DROP TABLE IF EXISTS `groups`;
SET @saved_cs_client     = @@character_set_client;
SET character_set_client = utf8;
CREATE TABLE `groups` (
  `id` int(5) unsigned NOT NULL auto_increment,
  `name` varchar(20) NOT NULL,
  PRIMARY KEY  (`id`),
  UNIQUE KEY `name` (`name`)
) ENGINE=MyISAM AUTO_INCREMENT=12 DEFAULT CHARSET=latin1;
SET character_set_client = @saved_cs_client;

--
-- Dumping data for table `groups`
--

LOCK TABLES `groups` WRITE;
/*!40000 ALTER TABLE `groups` DISABLE KEYS */;
INSERT INTO `groups` VALUES (1,'admin'),(11,'user'),(10,'operator'),(9,'eksekutif');
/*!40000 ALTER TABLE `groups` ENABLE KEYS */;
UNLOCK TABLES;

--
-- Table structure for table `groups_menus`
--

DROP TABLE IF EXISTS `groups_menus`;
SET @saved_cs_client     = @@character_set_client;
SET character_set_client = utf8;
CREATE TABLE `groups_menus` (
  `group_id` int(5) NOT NULL,
  `menu_id` int(10) NOT NULL,
  KEY `group_id` (`group_id`,`menu_id`),
  KEY `group_id_2` (`menu_id`,`group_id`)
) ENGINE=MyISAM DEFAULT CHARSET=latin1;
SET character_set_client = @saved_cs_client;

--
-- Dumping data for table `groups_menus`
--

LOCK TABLES `groups_menus` WRITE;
/*!40000 ALTER TABLE `groups_menus` DISABLE KEYS */;
INSERT INTO `groups_menus` VALUES (1,9),(1,11),(1,12),(1,14),(1,15),(1,16),(1,17),(1,22),(1,69),(1,70),(1,71),(1,72),(1,73),(1,74),(1,75),(1,76),(1,77),(1,78),(1,79),(1,80),(1,81),(1,82),(1,83),(1,84),(1,85),(1,86),(10,9),(10,69),(10,70),(10,71),(10,72),(10,73),(10,74),(10,75),(10,76),(10,77),(10,78),(10,79),(10,80),(10,81),(10,82),(10,83),(10,84);
/*!40000 ALTER TABLE `groups_menus` ENABLE KEYS */;
UNLOCK TABLES;

--
-- Table structure for table `groups_module_actions`
--

DROP TABLE IF EXISTS `groups_module_actions`;
SET @saved_cs_client     = @@character_set_client;
SET character_set_client = utf8;
CREATE TABLE `groups_module_actions` (
  `module_action_id` int(10) NOT NULL,
  `group_id` int(5) NOT NULL,
  KEY `module_action_id` (`module_action_id`,`group_id`),
  KEY `group_id` (`group_id`,`module_action_id`)
) ENGINE=MyISAM DEFAULT CHARSET=latin1;
SET character_set_client = @saved_cs_client;

--
-- Dumping data for table `groups_module_actions`
--

LOCK TABLES `groups_module_actions` WRITE;
/*!40000 ALTER TABLE `groups_module_actions` DISABLE KEYS */;
INSERT INTO `groups_module_actions` VALUES (26,1),(27,1),(28,1),(29,1),(34,1),(35,1),(36,1),(37,1),(42,1),(43,1),(44,1),(45,1),(50,1),(51,1),(52,1),(53,1),(54,1),(55,1),(56,1),(57,1),(73,1),(73,10),(95,1),(96,1),(97,1),(98,1),(99,1),(100,1),(101,1),(102,1),(113,1),(114,1),(115,1),(116,1),(126,1),(256,1),(257,1),(258,1),(259,1),(281,1),(281,10),(282,1),(282,10),(283,1),(283,10),(284,1),(284,10),(285,1),(285,10),(286,1),(286,10),(287,1),(287,10),(288,1),(288,10),(289,1),(289,10),(290,1),(290,10),(291,1),(291,10),(292,1),(292,10),(293,1),(293,10),(294,1),(294,10),(295,1),(295,10),(296,1),(296,10),(297,1),(297,10),(298,1),(298,10),(299,1),(299,10),(300,1),(300,10),(305,1),(305,10),(306,1),(306,10),(307,1),(307,10),(308,1),(308,10),(309,1),(309,10),(310,1),(310,10),(311,1),(311,10),(312,1),(312,10),(348,1),(348,10),(349,1),(349,10),(350,1),(350,10),(351,1),(351,10),(352,1),(352,10),(353,1),(353,10),(354,1),(354,10),(355,1),(355,10),(377,1),(377,10),(378,1),(378,10),(379,1),(379,10),(380,1),(380,10),(381,1),(381,10),(382,1),(382,10),(383,1),(383,10),(384,1),(384,10),(385,1),(385,10),(386,1),(386,10),(387,1),(388,1);
/*!40000 ALTER TABLE `groups_module_actions` ENABLE KEYS */;
UNLOCK TABLES;

--
-- Table structure for table `handler_types`
--

DROP TABLE IF EXISTS `handler_types`;
SET @saved_cs_client     = @@character_set_client;
SET character_set_client = utf8;
CREATE TABLE `handler_types` (
  `id` int(2) NOT NULL auto_increment,
  `name` varchar(20) NOT NULL,
  PRIMARY KEY  (`id`)
) ENGINE=MyISAM AUTO_INCREMENT=3 DEFAULT CHARSET=latin1;
SET character_set_client = @saved_cs_client;

--
-- Dumping data for table `handler_types`
--

LOCK TABLES `handler_types` WRITE;
/*!40000 ALTER TABLE `handler_types` DISABLE KEYS */;
INSERT INTO `handler_types` VALUES (1,'Dokter'),(2,'Suster');
/*!40000 ALTER TABLE `handler_types` ENABLE KEYS */;
UNLOCK TABLES;

--
-- Table structure for table `handlers`
--

DROP TABLE IF EXISTS `handlers`;
SET @saved_cs_client     = @@character_set_client;
SET character_set_client = utf8;
CREATE TABLE `handlers` (
  `id` int(11) NOT NULL auto_increment,
  `name` varchar(150) NOT NULL,
  `handler_type_id` int(2) NOT NULL,
  PRIMARY KEY  (`id`),
  KEY `handler_type_id` (`handler_type_id`)
) ENGINE=MyISAM AUTO_INCREMENT=5 DEFAULT CHARSET=latin1;
SET character_set_client = @saved_cs_client;

--
-- Dumping data for table `handlers`
--

LOCK TABLES `handlers` WRITE;
/*!40000 ALTER TABLE `handlers` DISABLE KEYS */;
INSERT INTO `handlers` VALUES (1,'Budiati Laksmita Sari',1),(2,'Aliyah',2),(3,'Assifa Anindita Saraswati',1);
/*!40000 ALTER TABLE `handlers` ENABLE KEYS */;
UNLOCK TABLES;

--
-- Table structure for table `medicine_ins`
--

DROP TABLE IF EXISTS `medicine_ins`;
SET @saved_cs_client     = @@character_set_client;
SET character_set_client = utf8;
CREATE TABLE `medicine_ins` (
  `id` bigint(20) NOT NULL auto_increment,
  `medicine_id` int(10) NOT NULL,
  `total` decimal(12,2) NOT NULL,
  `date_in` date NOT NULL,
  `created` datetime NOT NULL,
  `created_by` int(10) NOT NULL,
  `modified` datetime NOT NULL,
  `modified_by` int(10) NOT NULL,
  PRIMARY KEY  (`id`),
  KEY `medicine_id` (`medicine_id`),
  KEY `date` (`date_in`),
  KEY `created` (`created`),
  KEY `created_by` (`created_by`)
) ENGINE=MyISAM AUTO_INCREMENT=126 DEFAULT CHARSET=latin1;
SET character_set_client = @saved_cs_client;

--
-- Dumping data for table `medicine_ins`
--

LOCK TABLES `medicine_ins` WRITE;
/*!40000 ALTER TABLE `medicine_ins` DISABLE KEYS */;
INSERT INTO `medicine_ins` VALUES (2,13,'60.00','2010-09-30','2010-10-01 10:41:28',1,'2010-10-04 11:30:15',1),(3,12,'1.00','2010-09-30','2010-10-04 11:30:38',1,'2010-10-04 11:30:38',0),(4,11,'7.00','2010-09-30','2010-10-04 20:48:32',1,'2010-10-04 20:48:32',0),(5,10,'45.00','2010-09-30','2010-10-04 20:49:18',1,'2010-10-04 20:49:18',0),(6,9,'524.00','2010-09-30','2010-10-04 20:49:55',1,'2010-10-04 20:49:55',0),(7,14,'90.00','2010-09-30','2010-10-04 20:50:37',1,'2010-10-04 20:50:37',0),(8,15,'15.00','2010-09-30','2010-10-04 20:51:46',1,'2010-10-04 20:51:46',0),(9,16,'30.00','2010-09-30','2010-10-04 20:52:51',1,'2010-10-04 20:52:51',0),(10,17,'15.00','2010-09-30','2010-10-04 20:56:55',1,'2010-10-04 20:56:55',0),(11,18,'320.00','2010-09-30','2010-10-04 20:57:44',1,'2010-10-04 20:57:44',0),(12,19,'300.00','2010-09-30','2010-10-04 20:58:27',1,'2010-10-04 20:58:27',0),(13,20,'1.00','2010-09-30','2010-10-04 20:59:11',1,'2010-10-04 20:59:11',0),(14,21,'10.00','2010-09-30','2010-10-04 20:59:45',1,'2010-10-04 20:59:45',0),(15,22,'4.00','2010-09-30','2010-10-04 21:00:32',1,'2010-10-04 21:00:32',0),(16,23,'56.00','2010-09-30','2010-10-04 21:01:05',1,'2010-10-04 21:01:05',0),(17,24,'261.00','2010-09-30','2010-10-04 21:01:48',1,'2010-10-04 21:01:48',0),(18,25,'126.00','2010-09-30','2010-10-04 21:02:24',1,'2010-10-04 21:02:24',0),(19,26,'300.00','2010-09-30','2010-10-04 21:03:07',1,'2010-10-04 21:03:07',0),(20,27,'0.00','2010-09-30','2010-10-04 21:06:06',1,'2010-10-04 21:06:06',0),(21,28,'95.00','2010-09-30','2010-10-04 21:06:42',1,'2010-10-04 21:06:42',0),(22,34,'66.00','2010-09-30','2010-10-04 21:07:31',1,'2010-10-04 21:07:31',0),(23,35,'150.00','2010-09-30','2010-10-04 22:01:22',1,'2010-10-04 22:01:22',0),(24,36,'1066.00','2010-09-30','2010-10-04 22:02:07',1,'2010-10-04 22:02:07',0),(25,37,'90.00','2010-09-30','2010-10-04 22:02:49',1,'2010-10-04 22:02:49',0),(26,38,'300.00','2010-09-30','2010-10-04 22:03:41',1,'2010-10-04 22:03:41',0),(27,39,'598.00','2010-09-30','2010-10-04 22:04:24',1,'2010-10-04 22:04:24',0),(28,40,'15.00','2010-09-30','2010-10-04 22:05:13',1,'2010-10-04 22:05:13',0),(29,41,'766.00','2010-09-30','2010-10-04 22:05:50',1,'2010-10-04 22:05:50',0),(30,42,'90.00','2010-09-30','2010-10-04 22:06:38',1,'2010-10-04 22:06:38',0),(31,43,'51.00','2010-09-30','2010-10-04 22:07:23',1,'2010-10-04 22:07:23',0),(32,44,'4.00','2010-09-30','2010-10-04 22:08:13',1,'2010-10-04 22:08:13',0),(33,45,'2.00','2010-09-30','2010-10-04 22:09:01',1,'2010-10-04 22:09:01',0),(34,46,'240.00','2010-09-30','2010-10-04 22:09:50',1,'2010-10-04 22:09:50',0),(35,47,'240.00','2010-09-30','2010-10-04 22:10:40',1,'2010-10-04 22:10:40',0),(36,49,'699.00','2010-09-30','2010-10-04 22:12:23',1,'2010-10-04 22:12:23',0),(37,50,'150.00','2010-09-30','2010-10-04 23:27:19',1,'2010-10-04 23:27:19',0),(38,51,'24.00','2010-09-30','2010-10-04 23:27:56',1,'2010-10-04 23:27:56',0),(39,52,'1.00','2010-09-30','2010-10-04 23:28:29',1,'2010-10-04 23:28:29',0),(40,53,'100.00','2010-09-30','2010-10-04 23:29:04',1,'2010-10-04 23:29:04',0),(41,54,'887.00','2010-09-30','2010-10-04 23:29:46',1,'2010-10-04 23:29:46',0),(42,55,'12.00','2010-09-30','2010-10-04 23:30:39',1,'2010-10-04 23:30:39',0),(43,56,'118.00','2010-09-30','2010-10-04 23:31:13',1,'2010-10-04 23:31:13',0),(44,57,'14.00','2010-09-30','2010-10-04 23:31:54',1,'2010-10-04 23:31:54',0),(45,58,'52.00','2010-09-30','2010-10-04 23:32:31',1,'2010-10-04 23:32:31',0),(46,59,'289.00','2010-09-30','2010-10-04 23:33:16',1,'2010-10-04 23:33:16',0),(47,60,'12.00','2010-09-30','2010-10-04 23:33:55',1,'2010-10-04 23:33:55',0),(48,61,'10.00','2010-09-30','2010-10-04 23:34:38',1,'2010-10-04 23:34:38',0),(49,62,'118.00','2010-09-30','2010-10-04 23:35:35',1,'2010-10-04 23:35:35',0),(50,63,'4.00','2010-09-30','2010-10-04 23:36:14',1,'2010-10-04 23:36:14',0),(51,64,'12.00','2010-09-30','2010-10-04 23:36:50',1,'2010-10-04 23:36:50',0),(52,65,'118.00','2010-09-30','2010-10-04 23:37:33',1,'2010-10-04 23:37:33',0),(53,66,'4.00','2010-09-30','2010-10-04 23:38:11',1,'2010-10-04 23:38:11',0),(54,67,'209.00','2010-09-30','2010-10-04 23:38:50',1,'2010-10-04 23:38:50',0),(55,68,'164.00','2010-09-30','2010-10-04 23:39:37',1,'2010-10-04 23:39:37',0),(56,69,'1.00','2010-09-30','2010-10-04 23:40:25',1,'2010-10-04 23:40:25',0),(57,70,'200.00','2010-09-30','2010-10-04 23:40:58',1,'2010-10-04 23:40:58',0),(58,71,'100.00','2010-09-30','2010-10-04 23:41:45',1,'2010-10-04 23:41:45',0),(59,72,'114.00','2010-09-30','2010-10-04 23:42:30',1,'2010-10-04 23:42:30',0),(60,73,'15.00','2010-09-30','2010-10-04 23:43:04',1,'2010-10-04 23:43:04',0),(61,74,'54.00','2010-09-30','2010-10-04 23:43:49',1,'2010-10-04 23:43:49',0),(62,75,'69.00','2010-09-30','2010-10-04 23:44:31',1,'2010-10-04 23:44:31',0),(63,76,'1002.00','2010-09-30','2010-10-04 23:45:19',1,'2010-10-04 23:45:19',0),(64,77,'335.00','2010-09-30','2010-10-04 23:46:02',1,'2010-10-04 23:46:02',0),(65,78,'860.00','2010-09-30','2010-10-04 23:46:45',1,'2010-10-04 23:46:45',0),(66,79,'200.00','2010-09-30','2010-10-04 23:47:28',1,'2010-10-04 23:47:28',0),(67,80,'200.00','2010-09-30','2010-10-04 23:48:08',1,'2010-10-04 23:48:08',0),(68,81,'5.00','2010-09-30','2010-10-04 23:49:58',1,'2010-10-04 23:49:58',0),(69,82,'10.00','2010-09-30','2010-10-04 23:50:35',1,'2010-10-04 23:50:35',0),(70,83,'46.00','2010-09-30','2010-10-04 23:51:18',1,'2010-10-04 23:51:18',0),(71,84,'13.00','2010-09-30','2010-10-04 23:53:15',1,'2010-10-04 23:53:15',0),(72,85,'57.00','2010-09-30','2010-10-04 23:53:58',1,'2010-10-04 23:53:58',0),(73,86,'2.00','2010-09-30','2010-10-04 23:54:46',1,'2010-10-04 23:54:46',0),(74,87,'43.00','2010-09-30','2010-10-04 23:55:38',1,'2010-10-04 23:55:38',0),(75,88,'50.00','2010-09-30','2010-10-04 23:56:22',1,'2010-10-04 23:56:22',0),(76,89,'20.00','2010-09-30','2010-10-04 23:57:04',1,'2010-10-04 23:57:04',0),(77,90,'4.00','2010-09-30','2010-10-04 23:57:45',1,'2010-10-04 23:57:45',0),(78,91,'69.00','2010-09-30','2010-10-04 23:58:27',1,'2010-10-04 23:58:27',0),(80,93,'1000.00','2010-09-30','2010-10-04 23:59:43',1,'2010-10-04 23:59:43',0),(81,94,'988.00','2010-09-30','2010-10-05 00:00:18',1,'2010-10-05 00:00:18',0),(82,95,'90.00','2010-09-30','2010-10-05 00:00:56',1,'2010-10-05 00:00:56',0),(83,96,'890.00','2010-09-30','2010-10-05 00:02:10',1,'2010-10-05 00:02:10',0),(84,97,'12.00','2010-09-30','2010-10-05 00:02:57',1,'2010-10-05 00:02:57',0);
/*!40000 ALTER TABLE `medicine_ins` ENABLE KEYS */;
UNLOCK TABLES;

--
-- Table structure for table `medicines`
--

DROP TABLE IF EXISTS `medicines`;
SET @saved_cs_client     = @@character_set_client;
SET character_set_client = utf8;
CREATE TABLE `medicines` (
  `id` int(11) NOT NULL auto_increment,
  `unit_id` int(10) NOT NULL,
  `name` varchar(150) NOT NULL,
  PRIMARY KEY  (`id`),
  KEY `unit_id` (`unit_id`)
) ENGINE=MyISAM AUTO_INCREMENT=99 DEFAULT CHARSET=latin1;
SET character_set_client = @saved_cs_client;

--
-- Dumping data for table `medicines`
--

LOCK TABLES `medicines` WRITE;
/*!40000 ALTER TABLE `medicines` DISABLE KEYS */;
INSERT INTO `medicines` VALUES (13,5,'Acyclovir 200mg'),(12,2,'Alkohol'),(11,2,'Alletrol tetes mata'),(10,5,'Allopurinol'),(9,5,'Alpara'),(14,5,'Ambeven'),(15,2,'Ambroxol syrup'),(16,5,'Amlodipine 10 mg'),(17,5,'Amlodipine 5 mg'),(18,5,'Amoxicillin'),(19,5,'Asam mefenamat'),(20,2,'Betadine besar'),(21,2,'Betadine kecil'),(22,6,'Bisturi 11'),(23,5,'Bufacaryl'),(24,5,'Captopril 12,5 mg'),(25,5,'Captopril 25 mg'),(26,5,'Caviplex'),(27,7,'Chloramfecort'),(28,5,'Chloramphenicol/thiamphenicol'),(37,5,'curcuma'),(34,5,'Ciprofloxacin'),(36,5,'CTM'),(35,5,'Contrimoxazol'),(38,5,'Demacolin'),(39,5,'Dexamethasone'),(40,2,'DMP syrup'),(41,5,'DMP tablet'),(42,5,'Dololicobion'),(43,5,'Enzyplex'),(44,7,'Erlamycetin salep mata'),(45,7,'Erlamycetin tetes telinga'),(46,5,'Etabion'),(47,5,'FG Troches'),(48,7,'Gentamisin'),(49,5,'GG'),(50,5,'Glibenklamid'),(51,2,'GOM'),(52,2,'H2O2'),(53,4,'Hansaplast'),(54,5,'HCT'),(55,7,'Hidrokortison'),(56,5,'Histigo'),(57,5,'Ibuprofen'),(58,5,'ISDN'),(59,5,'Klak'),(60,8,'Kapas Steril'),(62,5,'Librozym/vitazym'),(63,9,'Lidocain'),(64,5,'Lopamid'),(65,5,'Loratadin'),(66,7,'Mazol Cream '),(67,5,'Metformin'),(68,5,'Na diklofenak 50m'),(69,10,'NaCL 0,9%'),(70,5,'Neurodex'),(71,5,'New Diatab'),(72,5,'Nifedipin'),(73,2,'OBH'),(74,5,'Omedom'),(75,8,'Oralit'),(76,5,'Paracetamol'),(77,5,'Piroxicam'),(78,5,'Prednison'),(79,5,'Quantidex'),(80,5,'Ranitidin'),(81,9,'Ranitidin Ampul'),(82,2,'Rivanol'),(83,5,'Salbutamol'),(84,2,'Salisil Talc'),(85,5,'Scopma'),(86,11,'Silk Suture Needle'),(87,12,'Strip Asam Urat'),(88,12,'Strip Glukosa'),(89,12,'Strip Kolesterol'),(90,9,'Tramadol Ampul'),(91,5,'Vitamin A'),(92,5,'Vitamin B Komplex'),(93,5,'Vitamin C'),(94,5,'Vitamin K'),(95,5,'Vosea'),(96,5,'Antasida'),(97,7,'Betason');
/*!40000 ALTER TABLE `medicines` ENABLE KEYS */;
UNLOCK TABLES;

--
-- Table structure for table `menu_types`
--

DROP TABLE IF EXISTS `menu_types`;
SET @saved_cs_client     = @@character_set_client;
SET character_set_client = utf8;
CREATE TABLE `menu_types` (
  `id` tinyint(3) NOT NULL auto_increment,
  `name` varchar(20) NOT NULL,
  `call_name` varchar(10) NOT NULL,
  `created` datetime NOT NULL,
  `created_by` bigint(20) NOT NULL,
  `modified` datetime NOT NULL,
  `modified_by` bigint(20) NOT NULL,
  PRIMARY KEY  (`id`),
  UNIQUE KEY `call_name` (`call_name`),
  KEY `name` (`name`)
) ENGINE=MyISAM AUTO_INCREMENT=13 DEFAULT CHARSET=latin1;
SET character_set_client = @saved_cs_client;

--
-- Dumping data for table `menu_types`
--

LOCK TABLES `menu_types` WRITE;
/*!40000 ALTER TABLE `menu_types` DISABLE KEYS */;
INSERT INTO `menu_types` VALUES (11,'Report','report','2010-09-25 22:01:00',1,'2010-09-25 22:01:00',0),(3,'Setup','setup','2009-12-12 23:53:31',1,'2009-12-12 23:53:31',0),(6,'Admin','admin','2009-12-16 13:47:50',1,'2009-12-16 13:48:59',1),(10,'Pemeriksaan','checkup','2010-09-25 10:22:29',1,'2010-09-25 10:22:29',0),(12,'Obat','medicine','2010-10-01 08:41:51',1,'2010-10-01 08:41:51',0);
/*!40000 ALTER TABLE `menu_types` ENABLE KEYS */;
UNLOCK TABLES;

--
-- Table structure for table `menus`
--

DROP TABLE IF EXISTS `menus`;
SET @saved_cs_client     = @@character_set_client;
SET character_set_client = utf8;
CREATE TABLE `menus` (
  `id` int(10) NOT NULL auto_increment,
  `parent_id` int(10) default NULL,
  `name` varchar(50) NOT NULL,
  `url` varchar(50) NOT NULL,
  `element_id` varchar(20) NOT NULL,
  `enable` tinyint(1) NOT NULL,
  `lft` int(10) NOT NULL,
  `rght` int(10) NOT NULL,
  `menu_type_id` tinyint(3) default NULL,
  `created` datetime NOT NULL,
  `created_by` int(11) NOT NULL,
  `modified` datetime NOT NULL,
  `modified_by` int(11) NOT NULL,
  PRIMARY KEY  (`id`),
  KEY `parent_id` (`parent_id`),
  KEY `enable` (`enable`),
  KEY `menu_type_id` (`menu_type_id`)
) ENGINE=MyISAM AUTO_INCREMENT=87 DEFAULT CHARSET=latin1;
SET character_set_client = @saved_cs_client;

--
-- Dumping data for table `menus`
--

LOCK TABLES `menus` WRITE;
/*!40000 ALTER TABLE `menus` DISABLE KEYS */;
INSERT INTO `menus` VALUES (6,NULL,'Cities','/cities','cities',0,7,8,3,'2009-12-13 02:34:56',1,'2009-12-21 16:36:16',1),(5,NULL,'Provinces','/provinces','provinces',0,1,2,3,'2009-12-13 02:03:29',1,'2009-12-21 16:36:20',1),(9,NULL,'Unit Kerja','/unit_codes','unit_codes',1,3,4,3,'2009-12-13 02:53:40',1,'2009-12-28 23:03:55',1),(11,NULL,'Menu','/menus','menus',1,5,6,3,'2009-12-13 05:03:18',1,'2009-12-21 16:36:09',1),(12,NULL,'Tipe Menu','/menu_types','menu_types',1,9,10,3,'2009-12-13 05:12:51',1,'2009-12-28 23:04:10',1),(14,NULL,'User Management','/users','users',1,11,12,6,'2009-12-16 13:49:35',1,'2009-12-16 13:49:35',0),(15,NULL,'Settings','/site_settings','site_settings',1,13,14,6,'2009-12-16 13:50:55',1,'2009-12-16 13:50:55',0),(16,NULL,'Module Management','/modules','modules',1,15,16,6,'2009-12-17 10:21:02',3,'2009-12-17 10:21:02',0),(17,NULL,'Group - Permission','/groups','groups',1,17,18,6,'2009-12-17 12:07:33',1,'2009-12-17 12:07:33',0),(22,NULL,'Log Pengguna','/user_logs','user_logs',1,19,20,6,'2010-01-13 21:17:25',1,'2010-01-13 21:17:25',0),(79,NULL,'Rekapitulasi Pasien','/checkups/report_patients','checkups_report_pati',1,41,42,11,'2010-09-26 12:07:36',1,'2010-09-26 12:07:36',0),(78,NULL,'Rekapitulasi Pemeriksaan Kesehatan','/checkups/report_checktypes','checkups_report_chec',1,39,40,11,'2010-09-25 23:28:21',1,'2010-09-25 23:28:21',0),(77,NULL,'Rekapitulasi Diagnosis Pasien','/checkups/report_diagnoses','checkups_report_diag',1,37,38,11,'2010-09-25 22:59:52',1,'2010-09-25 23:00:55',1),(76,NULL,'Pemeriksa','/handlers','handlers',1,35,36,3,'2010-09-25 22:50:44',1,'2010-09-25 22:50:44',0),(75,NULL,'Jenis Pemeriksa','/handler_types','handler_types',1,33,34,3,'2010-09-25 22:36:19',1,'2010-09-25 22:36:19',0),(74,NULL,'Input Pemeriksaan','/checkups','checkups',1,31,32,10,'2010-09-25 10:59:25',1,'2010-09-25 10:59:25',0),(69,NULL,'Data Pasien','/patients','patients',1,21,22,3,'2010-09-25 09:08:30',1,'2010-09-25 10:20:36',1),(70,NULL,'Jenis Pasien','/patient_types','patient_types',1,23,24,3,'2010-09-25 09:30:17',1,'2010-09-25 09:30:17',0),(71,NULL,'Diagnosis','/diagnoses','diagnoses',1,25,26,3,'2010-09-25 09:44:54',1,'2010-09-25 09:44:54',0),(72,NULL,'Nama Obat','/medicines','medicines',1,27,28,12,'2010-09-25 09:50:58',1,'2010-10-01 08:44:55',1),(73,NULL,'Jenis Pemeriksaan','/checktypes','checktypes',1,29,30,3,'2010-09-25 10:01:01',1,'2010-09-25 10:01:01',0),(80,NULL,'Rekapitulasi Pemeriksaan Pasien','/checkups/report_checkups','checkups_report_chec',1,43,44,11,'2010-09-26 13:05:56',1,'2010-09-26 13:05:56',0),(81,NULL,'Rekapitulasi Status Pasien','/checkups/report_patient_status','report_patient_statu',1,45,46,11,'2010-09-26 13:20:29',1,'2010-09-26 13:20:29',0),(82,NULL,'Satuan','/units','units',1,47,48,12,'2010-10-01 08:42:25',1,'2010-10-01 08:42:25',0),(83,NULL,'Obat Masuk','/medicine_ins','medicine_ins',1,49,50,12,'2010-10-01 08:43:26',1,'2010-10-01 08:43:26',0),(84,NULL,'Kartu Stok Obat','/checkups/report_stock_medicines','report_stock_medicin',1,51,52,11,'2010-10-04 11:41:50',1,'2010-10-04 11:41:50',0),(85,NULL,'Stok Obat','/checkups/report_stock','report_stock',1,53,54,11,'2010-10-12 11:56:44',1,'2010-10-12 11:56:44',0),(86,NULL,'Obat Yang Harus Dibeli','/checkups/view_zero_stocks','view_zero_stocks',1,55,56,11,'2010-10-14 12:07:08',1,'2010-10-14 12:07:08',0);
/*!40000 ALTER TABLE `menus` ENABLE KEYS */;
UNLOCK TABLES;

--
-- Table structure for table `module_actions`
--

DROP TABLE IF EXISTS `module_actions`;
SET @saved_cs_client     = @@character_set_client;
SET character_set_client = utf8;
CREATE TABLE `module_actions` (
  `id` int(10) NOT NULL auto_increment,
  `module_id` int(10) NOT NULL,
  `name` varchar(50) NOT NULL,
  `created` datetime NOT NULL,
  `created_by` int(10) NOT NULL,
  `modified` datetime NOT NULL,
  `modified_by` int(10) NOT NULL,
  PRIMARY KEY  (`id`),
  KEY `module_id` (`module_id`),
  KEY `name` (`name`)
) ENGINE=MyISAM AUTO_INCREMENT=389 DEFAULT CHARSET=latin1;
SET character_set_client = @saved_cs_client;

--
-- Dumping data for table `module_actions`
--

LOCK TABLES `module_actions` WRITE;
/*!40000 ALTER TABLE `module_actions` DISABLE KEYS */;
INSERT INTO `module_actions` VALUES (257,5,'add','2010-08-19 16:26:14',0,'2010-08-19 16:26:14',1),(258,5,'index','2010-08-19 16:26:14',0,'2010-08-19 16:26:14',1),(256,5,'edit','2010-08-19 16:26:14',0,'2010-08-19 16:26:14',1),(26,6,'index','2009-12-17 12:00:17',1,'2009-12-17 12:00:17',0),(27,6,'add','2009-12-17 12:00:17',1,'2009-12-17 12:00:17',0),(28,6,'edit','2009-12-17 12:00:17',1,'2009-12-17 12:00:17',0),(29,6,'delete','2009-12-17 12:00:17',1,'2009-12-17 17:14:56',0),(34,8,'index','2009-12-17 12:00:54',1,'2009-12-17 12:00:54',0),(35,8,'add','2009-12-17 12:00:54',1,'2009-12-17 12:00:54',0),(36,8,'edit','2009-12-17 12:00:54',1,'2009-12-17 12:00:54',0),(37,8,'delete','2009-12-17 12:00:54',1,'2009-12-17 12:00:54',0),(113,15,'index','2009-12-21 11:39:21',1,'2009-12-21 11:39:21',0),(42,10,'index','2009-12-17 12:01:51',1,'2009-12-17 12:01:51',0),(43,10,'add','2009-12-17 12:01:51',1,'2009-12-17 12:01:51',0),(44,10,'edit','2009-12-17 12:01:51',1,'2009-12-17 12:01:51',0),(45,10,'delete','2009-12-17 12:01:51',1,'2009-12-17 12:01:51',0),(98,11,'delete','2009-12-20 23:23:42',0,'2009-12-20 23:23:42',1),(114,15,'add','2009-12-21 11:39:21',1,'2009-12-21 11:39:21',0),(115,15,'edit','2009-12-21 11:39:21',1,'2009-12-21 11:39:21',0),(50,12,'index','2009-12-17 12:05:49',1,'2009-12-17 12:05:49',0),(51,12,'add','2009-12-17 12:05:49',1,'2009-12-17 12:05:49',0),(52,12,'edit','2009-12-17 12:05:49',1,'2009-12-17 12:05:49',0),(53,12,'delete','2009-12-17 12:05:49',1,'2009-12-17 12:05:49',0),(54,13,'index','2009-12-17 12:47:42',1,'2009-12-17 12:47:42',0),(55,13,'add','2009-12-17 12:47:42',1,'2009-12-17 12:47:42',0),(56,13,'edit','2009-12-17 12:47:42',1,'2009-12-17 12:47:42',0),(57,13,'delete','2009-12-17 12:47:42',1,'2009-12-17 12:47:42',0),(97,11,'index','2009-12-20 23:23:42',0,'2009-12-20 23:23:42',1),(96,11,'add','2009-12-20 23:23:42',0,'2009-12-20 23:23:42',1),(95,11,'edit','2009-12-20 23:23:42',0,'2009-12-20 23:23:42',1),(102,9,'delete','2009-12-20 23:24:05',0,'2009-12-20 23:24:05',1),(101,9,'index','2009-12-20 23:24:05',0,'2009-12-20 23:24:05',1),(100,9,'add','2009-12-20 23:24:05',0,'2009-12-20 23:24:05',1),(99,9,'edit','2009-12-20 23:24:05',0,'2009-12-20 23:24:05',1),(73,14,'display','2009-12-20 21:32:51',0,'2009-12-20 21:32:51',1),(116,15,'delete','2009-12-21 11:39:21',1,'2009-12-21 11:39:21',0),(126,17,'index','2010-01-13 21:16:44',1,'2010-01-13 21:16:44',0),(386,40,'report_stock_medicines','2010-10-14 12:06:37',0,'2010-10-14 12:06:37',1),(381,40,'index','2010-10-14 12:06:37',0,'2010-10-14 12:06:37',1),(382,40,'report_checktypes','2010-10-14 12:06:37',0,'2010-10-14 12:06:37',1),(383,40,'report_patients','2010-10-14 12:06:37',0,'2010-10-14 12:06:37',1),(312,42,'index','2010-09-25 22:50:23',1,'2010-09-25 22:50:23',0),(311,42,'delete','2010-09-25 22:50:23',1,'2010-09-25 22:50:23',0),(310,42,'edit','2010-09-25 22:50:23',1,'2010-09-25 22:50:23',0),(309,42,'add','2010-09-25 22:50:23',1,'2010-09-25 22:50:23',0),(308,41,'index','2010-09-25 22:35:50',1,'2010-09-25 22:35:50',0),(259,5,'delete','2010-08-19 16:26:14',0,'2010-08-19 16:26:14',1),(307,41,'delete','2010-09-25 22:35:50',1,'2010-09-25 22:35:50',0),(306,41,'edit','2010-09-25 22:35:50',1,'2010-09-25 22:35:50',0),(385,40,'report_patient_status','2010-10-14 12:06:37',0,'2010-10-14 12:06:37',1),(305,41,'add','2010-09-25 22:35:50',1,'2010-09-25 22:35:50',0),(285,36,'add','2010-09-25 09:29:51',1,'2010-09-25 09:29:51',0),(284,35,'index','2010-09-25 09:07:41',0,'2010-09-25 09:07:41',1),(283,35,'delete','2010-09-25 09:07:41',0,'2010-09-25 09:07:41',1),(282,35,'edit','2010-09-25 09:07:41',0,'2010-09-25 09:07:41',1),(281,35,'add','2010-09-25 09:07:41',0,'2010-09-25 09:07:41',1),(286,36,'edit','2010-09-25 09:29:51',1,'2010-09-25 09:29:51',0),(287,36,'delete','2010-09-25 09:29:51',1,'2010-09-25 09:29:51',0),(288,36,'index','2010-09-25 09:29:51',1,'2010-09-25 09:29:51',0),(289,37,'add','2010-09-25 09:44:34',1,'2010-09-25 09:44:34',0),(290,37,'edit','2010-09-25 09:44:34',1,'2010-09-25 09:44:34',0),(291,37,'delete','2010-09-25 09:44:34',1,'2010-09-25 09:44:34',0),(292,37,'index','2010-09-25 09:44:34',1,'2010-09-25 09:44:34',0),(293,38,'add','2010-09-25 09:50:37',1,'2010-09-25 09:50:37',0),(294,38,'edit','2010-09-25 09:50:37',1,'2010-09-25 09:50:37',0),(295,38,'delete','2010-09-25 09:50:37',1,'2010-09-25 09:50:37',0),(296,38,'index','2010-09-25 09:50:37',1,'2010-09-25 09:50:37',0),(297,39,'add','2010-09-25 10:00:30',1,'2010-09-25 10:00:30',0),(298,39,'edit','2010-09-25 10:00:30',1,'2010-09-25 10:00:30',0),(299,39,'delete','2010-09-25 10:00:30',1,'2010-09-25 10:00:30',0),(300,39,'index','2010-09-25 10:00:30',1,'2010-09-25 10:00:30',0),(348,43,'add','2010-10-01 08:42:04',1,'2010-10-01 08:42:04',0),(349,43,'edit','2010-10-01 08:42:04',1,'2010-10-01 08:42:04',0),(350,43,'delete','2010-10-01 08:42:04',1,'2010-10-01 08:42:04',0),(351,43,'index','2010-10-01 08:42:04',1,'2010-10-01 08:42:04',0),(352,44,'add','2010-10-01 08:43:04',1,'2010-10-01 08:43:04',0),(353,44,'edit','2010-10-01 08:43:04',1,'2010-10-01 08:43:04',0),(354,44,'delete','2010-10-01 08:43:04',1,'2010-10-01 08:43:04',0),(355,44,'index','2010-10-01 08:43:04',1,'2010-10-01 08:43:04',0),(384,40,'report_checkups','2010-10-14 12:06:37',0,'2010-10-14 12:06:37',1),(380,40,'report_diagnoses','2010-10-14 12:06:37',0,'2010-10-14 12:06:37',1),(379,40,'add','2010-10-14 12:06:37',0,'2010-10-14 12:06:37',1),(378,40,'delete','2010-10-14 12:06:37',0,'2010-10-14 12:06:37',1),(377,40,'edit','2010-10-14 12:06:37',0,'2010-10-14 12:06:37',1),(387,40,'report_stock','2010-10-14 12:06:37',0,'2010-10-14 12:06:37',1),(388,40,'view_zero_stocks','2010-10-14 12:06:37',0,'2010-10-14 12:06:37',1);
/*!40000 ALTER TABLE `module_actions` ENABLE KEYS */;
UNLOCK TABLES;

--
-- Table structure for table `modules`
--

DROP TABLE IF EXISTS `modules`;
SET @saved_cs_client     = @@character_set_client;
SET character_set_client = utf8;
CREATE TABLE `modules` (
  `id` int(10) NOT NULL auto_increment,
  `name` varchar(50) NOT NULL,
  `controller` varchar(50) NOT NULL,
  `show_all` tinyint(1) default '1',
  `created` datetime NOT NULL,
  `created_by` int(10) NOT NULL,
  `modified` datetime NOT NULL,
  `modified_by` int(10) NOT NULL,
  PRIMARY KEY  (`id`),
  KEY `name` (`name`),
  KEY `controller` (`controller`),
  KEY `created` (`created`),
  KEY `created_by` (`created_by`)
) ENGINE=MyISAM AUTO_INCREMENT=45 DEFAULT CHARSET=latin1;
SET character_set_client = @saved_cs_client;

--
-- Dumping data for table `modules`
--

LOCK TABLES `modules` WRITE;
/*!40000 ALTER TABLE `modules` DISABLE KEYS */;
INSERT INTO `modules` VALUES (5,'Cities','cities',1,'2009-12-17 12:00:01',1,'2010-08-19 16:26:14',1),(6,'Provinces','provinces',1,'2009-12-17 12:00:17',1,'2009-12-17 12:00:17',0),(8,'Unit Codes','unit_codes',1,'2009-12-17 12:00:54',1,'2009-12-17 12:00:54',0),(9,'Menu','menus',1,'2009-12-17 12:01:06',1,'2009-12-20 23:24:05',1),(10,'Menu Type','menu_types',1,'2009-12-17 12:01:51',1,'2009-12-17 12:01:51',0),(11,'User Management','users',1,'2009-12-17 12:02:55',1,'2009-12-20 23:23:42',1),(12,'Module Management','modules',1,'2009-12-17 12:05:49',1,'2009-12-17 12:05:49',0),(13,'Group Management','groups',1,'2009-12-17 12:47:42',1,'2009-12-17 12:47:42',0),(14,'Pages','pages',1,'2009-12-20 21:29:56',1,'2009-12-20 21:32:51',1),(15,'Settings','site_settings',1,'2009-12-21 11:39:21',1,'2009-12-21 11:39:21',0),(17,'Log Pengguna','user_logs',1,'2010-01-13 21:16:44',1,'2010-01-13 21:16:44',0),(42,'Pemeriksa','handlers',1,'2010-09-25 22:50:23',1,'2010-09-25 22:50:23',0),(41,'Jenis Pemeriksa','handler_types',1,'2010-09-25 22:35:50',1,'2010-09-25 22:35:50',0),(40,'Input Pemeriksaan','checkups',1,'2010-09-25 10:58:51',1,'2010-10-14 12:06:37',1),(35,'Input Pasien','patients',1,'2010-09-25 09:07:34',1,'2010-09-25 09:07:41',1),(36,'Jenis Pasien','patient_types',1,'2010-09-25 09:29:51',1,'2010-09-25 09:29:51',0),(37,'Diagnosis','diagnoses',1,'2010-09-25 09:44:34',1,'2010-09-25 09:44:34',0),(38,'Nama Obat','medicines',1,'2010-09-25 09:50:37',1,'2010-09-25 09:50:37',0),(39,'Jenis Pemeriksaan','checktypes',1,'2010-09-25 10:00:30',1,'2010-09-25 10:00:30',0),(43,'Satuan','units',1,'2010-10-01 08:42:04',1,'2010-10-01 08:42:04',0),(44,'Obat Masuk','medicine_ins',1,'2010-10-01 08:43:04',1,'2010-10-01 08:43:04',0);
/*!40000 ALTER TABLE `modules` ENABLE KEYS */;
UNLOCK TABLES;

--
-- Table structure for table `patient_types`
--

DROP TABLE IF EXISTS `patient_types`;
SET @saved_cs_client     = @@character_set_client;
SET character_set_client = utf8;
CREATE TABLE `patient_types` (
  `id` int(11) NOT NULL auto_increment,
  `name` varchar(20) NOT NULL,
  PRIMARY KEY  (`id`)
) ENGINE=MyISAM AUTO_INCREMENT=7 DEFAULT CHARSET=latin1;
SET character_set_client = @saved_cs_client;

--
-- Dumping data for table `patient_types`
--

LOCK TABLES `patient_types` WRITE;
/*!40000 ALTER TABLE `patient_types` DISABLE KEYS */;
INSERT INTO `patient_types` VALUES (1,'Pegawai'),(2,'Dosen Tidak Tetap'),(3,'Mahasiswa'),(4,'Tamu'),(5,'Pegawai Honorer'),(6,'Pegawai Cleaning S ');
/*!40000 ALTER TABLE `patient_types` ENABLE KEYS */;
UNLOCK TABLES;

--
-- Table structure for table `patients`
--

DROP TABLE IF EXISTS `patients`;
SET @saved_cs_client     = @@character_set_client;
SET character_set_client = utf8;
CREATE TABLE `patients` (
  `id` int(11) NOT NULL auto_increment,
  `code` varchar(10) NOT NULL,
  `name` varchar(100) NOT NULL,
  `dob` date NOT NULL,
  `sex` char(1) NOT NULL default 'M',
  `patient_type_id` int(11) NOT NULL,
  `user_id` int(11) default NULL,
  `created` datetime NOT NULL,
  `created_by` int(11) NOT NULL,
  `modified` datetime NOT NULL,
  `modified_by` int(11) NOT NULL,
  PRIMARY KEY  (`id`),
  KEY `name` (`name`),
  KEY `created` (`created`),
  KEY `patient_type_id` (`patient_type_id`),
  KEY `user_id` (`user_id`)
) ENGINE=MyISAM AUTO_INCREMENT=209 DEFAULT CHARSET=latin1;
SET character_set_client = @saved_cs_client;

--
-- Dumping data for table `patients`
--

LOCK TABLES `patients` WRITE;
/*!40000 ALTER TABLE `patients` DISABLE KEYS */;
INSERT INTO `patients` VALUES (5,'0001021010','Suyatmi','0000-00-00','M',1,14,'2010-09-27 09:36:22',1,'2010-10-02 09:41:56',1),(4,'0001021010','Drs.Heru Triyanto, MPd.','0000-00-00','M',1,2,'2010-09-27 09:36:12',1,'2010-10-02 09:42:03',1),(6,'0003270910','Bambang Wasito Adi, SH., M.Sc','0000-00-00','M',1,0,'2010-09-27 09:56:39',14,'2010-09-27 09:56:39',0),(7,'0004270910','Drs. Purnomo Ananto, MM.','0000-00-00','M',1,0,'2010-09-27 09:57:01',14,'2010-09-27 09:57:01',0),(8,'0005270910','Drs. Noor Riyadhi','0000-00-00','M',1,0,'2010-09-27 09:57:14',14,'2010-09-27 09:57:14',0),(9,'0006270910','Sarmada, S.Sos., M.Si.','0000-00-00','M',1,0,'2010-09-27 09:57:29',14,'2010-09-27 09:57:29',0),(10,'0007270910','Drs. Zalzulifa','0000-00-00','M',1,0,'2010-09-27 09:57:46',14,'2010-09-27 09:57:46',0),(11,'0008270910','Drs. Sudrajat, MM.','0000-00-00','M',1,0,'2010-09-27 09:58:11',14,'2010-09-27 09:58:11',0),(12,'0009270910','Drs. A. Sarmada, M.Pd.','0000-00-00','M',1,0,'2010-09-27 09:58:36',14,'2010-09-27 09:58:36',0),(13,'0010270910','Uliana Kreni, SH.','0000-00-00','M',1,0,'2010-09-27 09:58:49',14,'2010-09-27 09:58:49',0),(14,'0011270910','Bibit, S.Sos.','0000-00-00','M',1,0,'2010-09-27 09:59:02',14,'2010-09-27 09:59:02',0),(15,'0012270910','Dra. Esti Winahyu','0000-00-00','M',1,0,'2010-09-27 09:59:14',14,'2010-09-27 09:59:14',0),(16,'0013270910','Eri Sumantri, S.Kom.','0000-00-00','M',1,0,'2010-09-27 09:59:27',14,'2010-09-27 09:59:27',0),(17,'0014270910','Drs. Mukhyidin Djaiz, M.Si.','0000-00-00','M',1,0,'2010-09-27 09:59:45',14,'2010-09-27 09:59:45',0),(18,'0015270910','Drs. Abdul Muin Kadir, M.Pd.','0000-00-00','M',1,0,'2010-09-27 10:00:37',14,'2010-09-27 10:00:37',0),(19,'0016270910','Dardji Fair Eman, S.Pd.','0000-00-00','M',1,0,'2010-09-27 10:00:53',14,'2010-09-27 10:00:53',0),(20,'0017270910','Drs. Sugeng Indriyanto','0000-00-00','M',1,0,'2010-09-27 10:01:06',14,'2010-09-27 10:01:06',0),(21,'0018270910','Drs. M. Sudiyamto','0000-00-00','M',1,0,'2010-09-27 10:01:19',14,'2010-09-27 10:01:19',0),(22,'0019270910','Drs. Hari Purnomo','0000-00-00','M',1,0,'2010-09-27 10:01:31',14,'2010-09-27 10:01:31',0),(23,'0020270910','Jenti Eryda','0000-00-00','M',1,0,'2010-09-27 10:01:45',14,'2010-09-27 10:01:45',0),(24,'0021270910','Nofiandri Setyasmara, ST. M.Ak.','0000-00-00','M',1,0,'2010-09-27 10:02:05',14,'2010-09-27 10:02:05',0),(25,'0022270910','Dra. Heni Suprihatin','0000-00-00','M',1,0,'2010-09-27 10:02:50',14,'2010-09-27 10:02:50',0),(26,'0023270910','Onny Pitta','0000-00-00','M',1,0,'2010-09-27 10:03:08',14,'2010-09-27 10:03:08',0),(27,'0024270910','Samiyo','0000-00-00','M',1,0,'2010-09-27 10:03:16',14,'2010-09-27 10:03:16',0),(28,'0025270910','Sarwono, SE.','0000-00-00','M',1,0,'2010-09-27 10:03:27',14,'2010-09-27 10:03:27',0),(29,'0026270910','Danasmoro Brahmantyo','0000-00-00','M',1,0,'2010-09-27 10:03:49',14,'2010-09-27 10:03:49',0),(30,'0027270910','Etty Nurhayati','0000-00-00','M',1,0,'2010-09-27 10:04:03',14,'2010-09-27 10:04:03',0),(31,'0028270910','Loso, S.Pd.','0000-00-00','M',1,0,'2010-09-27 10:04:13',14,'2010-09-27 10:04:13',0),(32,'0029270910','Hugeng Budianto, SE.','0000-00-00','M',1,0,'2010-09-27 10:04:26',14,'2010-09-27 10:04:26',0),(33,'0030270910','Iis Kandar, SE., MM.','0000-00-00','M',1,0,'2010-09-27 10:04:43',14,'2010-09-27 10:04:43',0),(34,'0031270910','Yuliana, S.Kom.','0000-00-00','M',1,0,'2010-09-27 10:04:58',14,'2010-09-27 10:04:58',0),(35,'0032270910','Nasuroh','0000-00-00','M',1,0,'2010-09-27 10:05:09',14,'2010-09-27 10:05:09',0),(36,'0033270910','Bunga Roy Apriliya, SE.','0000-00-00','M',1,0,'2010-09-27 10:05:26',14,'2010-09-27 10:05:26',0),(37,'0034270910','Umi Wardhatun','0000-00-00','M',1,0,'2010-09-27 10:05:40',14,'2010-09-27 10:05:40',0),(38,'0035270910','Bernanti Lumbanraja','0000-00-00','M',1,0,'2010-09-27 10:06:41',14,'2010-09-27 10:06:41',0),(39,'0036270910','Arcenius Frido','0000-00-00','M',1,0,'2010-09-27 10:06:58',14,'2010-09-27 10:06:58',0),(40,'0037270910','Sujadi','0000-00-00','M',1,0,'2010-09-27 10:07:07',14,'2010-09-27 10:07:07',0),(41,'0038270910','Benget Sigalingging','0000-00-00','M',1,0,'2010-09-27 10:07:21',14,'2010-09-27 10:07:21',0),(42,'0039270910','Asis Setyobudi, S.Sos.','0000-00-00','M',1,0,'2010-09-27 10:07:44',14,'2010-09-27 10:07:44',0),(43,'0040270910','Kusnadi','0000-00-00','M',1,0,'2010-09-27 10:07:58',14,'2010-09-27 10:07:58',0),(44,'0041270910','Firwan Fajri','0000-00-00','M',1,0,'2010-09-27 10:08:11',14,'2010-09-27 10:08:11',0),(45,'0042270910','Hayuti','0000-00-00','M',1,0,'2010-09-27 10:08:29',14,'2010-09-27 10:08:29',0),(46,'0043270910','Rusnoto','0000-00-00','M',1,0,'2010-09-27 10:08:38',14,'2010-09-27 10:08:38',0),(47,'0044270910','Endang Sutisna','0000-00-00','M',1,0,'2010-09-27 10:08:52',14,'2010-09-27 10:08:52',0),(48,'0045270910','Imron Heri Musa','0000-00-00','M',1,0,'2010-09-27 10:09:09',14,'2010-09-27 10:09:09',0),(49,'0046270910','Mukti Rahayu','0000-00-00','M',1,0,'2010-09-27 10:11:02',14,'2010-09-27 10:11:02',0),(50,'0047270910','Runny Wachyuni','0000-00-00','M',1,0,'2010-09-27 10:11:14',14,'2010-09-27 10:11:14',0),(51,'0048270910','Karman','0000-00-00','M',1,0,'2010-09-27 10:11:24',14,'2010-09-27 10:11:24',0),(52,'0049270910','Agus Rhamdan','0000-00-00','M',1,0,'2010-09-27 10:22:43',14,'2010-09-27 10:22:43',0),(53,'0050270910','Widodo','0000-00-00','M',1,0,'2010-09-27 10:22:51',14,'2010-09-27 10:22:51',0),(54,'0051270910','Ali Masdar','0000-00-00','M',1,0,'2010-09-27 10:23:05',14,'2010-09-27 10:23:05',0),(55,'0052270910','Cecep Kurnia','0000-00-00','M',1,0,'2010-09-27 10:23:17',14,'2010-09-27 10:23:17',0),(56,'0053270910','Lusiana, A.Md.Graf.','0000-00-00','M',1,0,'2010-09-27 10:24:01',14,'2010-09-27 10:24:01',0),(57,'0054270910','Sumiarsih, A.Md.Graf.','0000-00-00','M',1,0,'2010-09-27 10:24:15',14,'2010-09-27 10:24:15',0),(58,'0055270910','Jusmaini','0000-00-00','M',1,0,'2010-09-27 10:24:36',14,'2010-09-27 10:24:36',0),(59,'0056270910','Sakim, S.Pd.I','0000-00-00','M',1,0,'2010-09-27 10:24:52',14,'2010-09-27 10:24:52',0),(60,'0057270910','Dra. Rinawanti','0000-00-00','M',1,0,'2010-09-27 10:25:32',14,'2010-09-27 10:25:32',0),(61,'0058270910','Sihar Sibuea','0000-00-00','M',1,0,'2010-09-27 10:25:43',14,'2010-09-27 10:25:43',0),(62,'0059270910','Mucholid','0000-00-00','M',1,0,'2010-09-27 10:25:55',14,'2010-09-27 10:25:55',0),(63,'0060270910','Aka Hariyanto','0000-00-00','M',1,0,'2010-09-27 10:26:08',14,'2010-09-27 10:26:08',0),(64,'0061270910','Prayudi, S.Pd.','0000-00-00','M',1,0,'2010-09-27 10:26:22',14,'2010-09-27 10:26:22',0),(65,'0062270910','Raden Danie Octaviar','0000-00-00','M',1,0,'2010-09-27 10:26:38',14,'2010-09-27 10:26:38',0),(66,'0063270910','A. Bastari Burhanudin, S.Sos.','0000-00-00','M',1,0,'2010-09-27 10:27:07',14,'2010-09-27 10:27:07',0),(67,'0064270910','Juliana Jouke Polli','0000-00-00','M',1,0,'2010-09-27 10:27:21',14,'2010-09-27 10:27:21',0),(68,'0065270910','Dwi Riyono, ST.','0000-00-00','M',1,0,'2010-09-27 10:27:35',14,'2010-09-27 10:27:35',0),(69,'0066270910','Versi Virgontoro, ST.','0000-00-00','M',1,0,'2010-09-27 10:27:54',14,'2010-09-27 10:27:54',0),(70,'0067270910','M. Asmungin','0000-00-00','M',1,0,'2010-09-27 10:28:06',14,'2010-09-27 10:28:06',0),(71,'0068270910','M. Taufik, S.Pd.','0000-00-00','M',1,0,'2010-09-27 10:28:23',14,'2010-09-27 10:28:23',0),(72,'0069270910','Anshorudin','0000-00-00','M',1,0,'2010-09-27 10:28:33',14,'2010-09-27 10:28:33',0),(73,'0070270910','Nurjalih, S.Pd.','0000-00-00','M',1,0,'2010-09-27 10:30:05',14,'2010-09-27 10:30:05',0),(74,'0071270910','Sri Wuryansari','0000-00-00','M',1,0,'2010-09-27 10:30:17',14,'2010-09-27 10:30:17',0),(75,'0072270910','Yantonius Ginting','0000-00-00','M',1,0,'2010-09-27 10:30:27',14,'2010-09-27 10:30:27',0),(76,'0073270910','Mulyanuddin, S.Pd.','0000-00-00','M',1,0,'2010-09-27 10:30:40',14,'2010-09-27 10:30:40',0),(77,'0074270910','Sulistiyo Wibowo, S.Sn.','0000-00-00','M',1,0,'2010-09-27 10:30:57',14,'2010-09-27 10:30:57',0),(78,'0075270910','Juriana','0000-00-00','M',1,0,'2010-09-27 10:31:06',14,'2010-09-27 10:31:06',0),(79,'0076270910','Dewi Nita','0000-00-00','M',1,0,'2010-09-27 10:31:16',14,'2010-09-27 10:31:16',0),(80,'0077270910','Chairul Djamal','0000-00-00','M',1,0,'2010-09-27 10:31:36',14,'2010-09-27 10:31:36',0),(81,'0078270910','Drs. Benget Simamora, MM.','0000-00-00','M',1,0,'2010-09-27 10:32:03',14,'2010-09-27 10:32:03',0),(82,'0079270910','Hotler Pakpahan, SH.','0000-00-00','M',1,0,'2010-09-27 10:32:20',14,'2010-09-27 10:32:20',0),(83,'0080270910','Susetyo Rusyanto, A.Md.Graf.','0000-00-00','M',1,0,'2010-09-27 10:32:41',14,'2010-09-27 10:32:41',0),(84,'0081270910','Tabingin','0000-00-00','M',1,0,'2010-09-27 10:32:52',14,'2010-09-27 10:32:52',0),(85,'0082270910','Rotua Sirait','0000-00-00','M',1,0,'2010-09-27 10:33:03',14,'2010-09-27 10:33:03',0),(86,'0083270910','Drs. Ade Firmansyah., M.Si.','0000-00-00','M',1,0,'2010-09-27 10:33:26',14,'2010-09-27 10:33:26',0),(87,'0084270910','Drs. Rommel Silalahi','0000-00-00','M',1,0,'2010-09-27 10:33:41',14,'2010-09-27 10:33:41',0),(88,'0085270910','Meuthia Suryani','0000-00-00','M',1,0,'2010-09-27 10:33:53',14,'2010-09-27 10:33:53',0),(89,'0086270910','Muryaningsih','0000-00-00','M',1,0,'2010-09-27 10:34:05',14,'2010-09-27 10:34:05',0),(90,'0087270910','Mawan Nugraha, S.Si. M.,Acc.','0000-00-00','M',1,0,'2010-09-27 10:34:57',14,'2010-09-27 10:34:57',0),(91,'0088270910','Ahmad Susanto, S.Sos.','0000-00-00','M',1,0,'2010-09-27 10:35:31',14,'2010-09-27 10:35:31',0),(92,'0089270910','Lelayati','0000-00-00','M',1,0,'2010-09-27 10:35:41',14,'2010-09-27 10:35:41',0),(93,'0090270910','Reni Nurmalasari, S.Sos.','0000-00-00','M',1,0,'2010-09-27 10:36:02',14,'2010-09-27 10:36:02',0),(94,'0091270910','Zul Fauzan, A.Md.','0000-00-00','M',1,0,'2010-09-27 10:36:16',14,'2010-09-27 10:36:16',0),(95,'0092270910','Mat Sani, A.Md.','0000-00-00','M',1,0,'2010-09-27 10:36:28',14,'2010-09-27 10:36:28',0),(96,'0093270910','Arifin Beni Saiba, A.Md.','0000-00-00','M',1,0,'2010-09-27 10:36:46',14,'2010-09-27 10:36:46',0),(97,'0094270910','Hermanto, A.Md.','0000-00-00','M',1,0,'2010-09-27 10:36:58',14,'2010-09-27 10:36:58',0),(98,'0095270910','Anto Tjahjanto, BA.','0000-00-00','M',1,0,'2010-09-27 10:37:25',14,'2010-09-27 10:37:25',0),(99,'0096270910','Jumadi, M','0000-00-00','M',1,0,'2010-09-27 10:41:01',14,'2010-09-27 10:41:01',0),(100,'0097270910','Krisna Suharto, B.Sc.','0000-00-00','M',1,0,'2010-09-27 10:41:40',14,'2010-09-27 10:41:40',0),(101,'0098270910','Drs. Joko Bambang Triatmojo','0000-00-00','M',1,0,'2010-09-27 10:42:02',14,'2010-09-27 10:42:02',0),(102,'0099270910','Lukman Hakim, S.Sos.','0000-00-00','M',1,0,'2010-09-27 10:42:17',14,'2010-09-27 10:42:17',0),(103,'0100270910','Suryadi, S.Pd.','0000-00-00','M',1,0,'2010-09-27 10:42:30',14,'2010-09-27 10:42:30',0),(104,'0101270910','Hakim Ismail, S.Pd.','0000-00-00','M',1,0,'2010-09-27 10:43:25',14,'2010-09-27 10:43:25',0),(105,'0102270910','Sunarto, A.Md.Graf.','0000-00-00','M',1,0,'2010-09-27 10:43:52',14,'2010-09-27 10:43:52',0),(106,'0103270910','Kusdarajat, A.Md.Graf.','0000-00-00','M',1,0,'2010-09-27 10:44:06',14,'2010-09-27 10:44:06',0),(107,'0104270910','Agus Priyogo','0000-00-00','M',1,0,'2010-09-27 10:44:24',14,'2010-09-27 10:44:24',0),(108,'0105270910','Nadi Suryadi','0000-00-00','M',1,0,'2010-09-27 10:44:35',14,'2010-09-27 10:44:35',0),(109,'0106270910','M. Yamin','0000-00-00','M',1,0,'2010-09-27 10:44:45',14,'2010-09-27 10:44:45',0),(110,'0107270910','Subardja','0000-00-00','M',1,0,'2010-09-27 10:44:56',14,'2010-09-27 10:44:56',0),(111,'0108270910','Karnadi','0000-00-00','M',1,0,'2010-09-27 10:45:05',14,'2010-09-27 10:45:05',0),(112,'0109270910','Abdul Karim','0000-00-00','M',1,0,'2010-09-27 10:45:16',14,'2010-09-27 10:45:16',0),(113,'0110270910','Tuparno, A.Md.Graf.','0000-00-00','M',1,0,'2010-09-27 10:45:31',14,'2010-09-27 10:45:31',0),(114,'0111270910','Asep Dinarya, A.Md.Graf.','0000-00-00','M',1,0,'2010-09-27 10:45:46',14,'2010-09-27 10:45:46',0),(115,'0112270910','Suprihatin, A.Md.Graf.','0000-00-00','M',1,0,'2010-09-27 10:46:02',14,'2010-09-27 10:46:02',0),(116,'0113270910','Munawir','0000-00-00','M',1,0,'2010-09-27 10:47:16',14,'2010-09-27 10:47:16',0),(117,'0114270910','Zainudin S., A.Md.Graf.','0000-00-00','M',1,0,'2010-09-27 10:47:54',14,'2010-09-27 10:47:54',0),(118,'0115270910','Izbik, A.Md.Graf.','0000-00-00','M',1,0,'2010-09-27 10:48:08',14,'2010-09-27 10:48:08',0),(119,'0116270910','Soedihanto, A.Md.Graf.','0000-00-00','M',1,0,'2010-09-27 10:48:23',14,'2010-09-27 10:48:23',0),(120,'0117270910','Dwi Wahyuningsih','0000-00-00','M',1,0,'2010-09-27 10:48:44',14,'2010-09-27 10:48:44',0),(121,'0118270910','Triyono Indrasiwi Kuncoro Aji, S.St.','0000-00-00','M',1,0,'2010-09-27 10:49:24',14,'2010-09-27 10:49:24',0),(122,'0119270910','M. Tabrani Jamara, ST., MM.','0000-00-00','M',1,0,'2010-09-27 10:50:07',14,'2010-09-27 10:50:07',0),(123,'0120270910','Sentot Mardjuki, S.Sos., M.Si.','0000-00-00','M',1,0,'2010-09-27 10:50:27',14,'2010-09-27 10:50:27',0),(124,'0121270910','Untung Basuki, S.Pd.','0000-00-00','M',1,0,'2010-09-27 10:50:41',14,'2010-09-27 10:50:41',0),(125,'0122270910','Sutiyo, S.Pd.','0000-00-00','M',1,0,'2010-09-27 10:50:54',14,'2010-09-27 10:50:54',0),(126,'0123270910','Drs. I Wayan Suarjana','0000-00-00','M',1,0,'2010-09-27 10:51:09',14,'2010-09-27 10:51:09',0),(127,'0124270910','Abd. Madjid, AY., S.Pd.','0000-00-00','M',1,0,'2010-09-27 10:51:32',14,'2010-09-27 10:51:32',0),(128,'0125270910','M. Irfan, HS., S.Pd.','0000-00-00','M',1,0,'2010-09-27 10:52:01',14,'2010-09-27 10:52:01',0),(129,'0126270910','Dayu Sri Herti, S.Pd.','0000-00-00','M',1,0,'2010-09-27 10:52:17',14,'2010-09-27 10:52:17',0),(130,'0127270910','Johannes Siwalette, S.Pd.','0000-00-00','M',1,0,'2010-09-27 10:52:39',14,'2010-09-27 10:52:39',0),(131,'0128270910','Drs. Ahmad Hasan','0000-00-00','M',1,0,'2010-09-27 10:53:17',14,'2010-09-27 10:53:17',0),(132,'0129270910','Efnyta Muchtar, S.Sos.','0000-00-00','M',1,0,'2010-09-27 10:54:21',14,'2010-09-27 10:54:21',0),(133,'0130270910','Ponadi, S.Pd.','0000-00-00','M',1,0,'2010-09-27 10:54:32',14,'2010-09-27 10:54:32',0),(134,'0131270910','Drs. Jimmy Paat, M.Si.','0000-00-00','M',1,0,'2010-09-27 10:54:49',14,'2010-09-27 10:54:49',0),(135,'0133270910','Barita Siringoringo, S.Pd.','0000-00-00','M',1,0,'2010-09-27 10:55:11',14,'2010-09-27 10:55:32',14),(136,'0133270910','Nova Darmanto, S.Sos.','0000-00-00','M',1,0,'2010-09-27 10:55:55',14,'2010-09-27 10:55:55',0),(137,'0134270910','Tedy Tapianto, S.Pd.','0000-00-00','M',1,0,'2010-09-27 10:56:14',14,'2010-09-27 10:56:14',0),(138,'0135270910','Anindita Budi Astuti, SE., MM.','0000-00-00','M',1,0,'2010-09-27 10:56:41',14,'2010-09-27 10:56:41',0),(139,'0136270910','Agung Budi Prasetyo, MT.','0000-00-00','M',1,0,'2010-09-27 10:57:29',14,'2010-09-27 10:57:29',0),(140,'0137270910','Misbah Fikrianto, MM.','0000-00-00','M',1,0,'2010-09-27 10:57:53',14,'2010-09-27 10:57:53',0),(141,'0138270910','Rudy Cahyadi, MT.','0000-00-00','M',1,0,'2010-09-27 10:58:14',14,'2010-09-27 10:58:14',0),(142,'0139270910','Suratni, M.Hum.','0000-00-00','M',1,0,'2010-09-27 10:58:28',14,'2010-09-27 10:58:28',0),(143,'0140270910','Erlan Saufudin, M.Hum.','0000-00-00','M',1,0,'2010-09-27 10:58:54',14,'2010-09-27 10:58:54',0),(144,'0141270910','M. Nurwahidin, M.Si.','0000-00-00','M',1,0,'2010-09-27 10:59:33',14,'2010-09-27 10:59:33',0),(145,'0142270910','Tipri Rosa Kartika, MM.','0000-00-00','M',1,0,'2010-09-27 11:00:05',14,'2010-09-27 11:00:05',0),(146,'0143270910','M. Yunus Fitryadi, MM.','0000-00-00','M',1,0,'2010-09-27 11:00:36',14,'2010-09-27 11:00:36',0),(147,'0144270910','Rita Sofiantini','0000-00-00','M',5,0,'2010-09-27 11:14:36',14,'2010-09-27 11:14:36',0),(148,'0145270910','Martino','0000-00-00','M',5,0,'2010-09-27 11:15:08',14,'2010-09-27 11:15:08',0),(149,'0146270910','Alim','0000-00-00','M',5,0,'2010-09-27 11:15:37',14,'2010-09-27 11:15:37',0),(150,'0147270910','Iin Suryadi','0000-00-00','M',5,0,'2010-09-27 11:15:55',14,'2010-09-27 11:15:55',0),(151,'0148270910','Saini Daung','0000-00-00','M',5,0,'2010-09-27 11:16:22',14,'2010-09-27 11:16:22',0),(152,'0149270910','Madjum','0000-00-00','M',5,0,'2010-09-27 11:16:52',14,'2010-09-27 11:16:52',0),(153,'0150270910','Suryana','0000-00-00','M',5,0,'2010-09-27 11:19:54',14,'2010-09-27 11:19:54',0),(154,'0151270910','Iman','0000-00-00','M',5,0,'2010-09-27 11:20:06',14,'2010-09-27 11:20:06',0),(155,'0152270910','Jajang Jumara','0000-00-00','M',5,0,'2010-09-27 11:20:24',14,'2010-09-27 11:20:24',0),(156,'0153270910','Jaelani','0000-00-00','M',5,0,'2010-09-27 11:20:36',14,'2010-09-27 11:20:36',0),(157,'0154270910','Paijan','0000-00-00','M',5,0,'2010-09-27 11:20:47',14,'2010-09-27 11:20:47',0),(158,'0155270910','Saswiko','0000-00-00','M',5,0,'2010-09-27 11:21:03',14,'2010-09-27 11:21:03',0),(159,'0156270910','Sentot Sukaryadi','0000-00-00','M',5,0,'2010-09-27 11:21:20',14,'2010-09-27 11:21:20',0),(160,'0157270910','Nyoman Indra','0000-00-00','M',5,0,'2010-09-27 11:21:41',14,'2010-09-27 11:21:41',0),(161,'0158270910','Dudung Ruhendi','0000-00-00','M',5,0,'2010-09-27 11:21:55',14,'2010-09-27 11:21:55',0),(162,'0159270910','Lulus Wijaya','0000-00-00','M',5,0,'2010-09-27 11:22:10',14,'2010-09-27 11:22:10',0),(163,'0160270910','Bahrudin','0000-00-00','M',5,0,'2010-09-27 11:22:23',14,'2010-09-27 11:22:23',0),(164,'0001280910','Hairul Anwar','0000-00-00','M',5,0,'2010-09-28 10:52:27',14,'2010-09-28 10:52:27',0),(165,'0002280910','Budiarti Laksmitasari','0000-00-00','M',5,0,'2010-09-28 10:52:55',14,'2010-09-28 10:52:55',0),(166,'0003280910','Assifa Swasti Anindita','0000-00-00','M',5,0,'2010-09-28 10:53:19',14,'2010-09-28 10:53:19',0),(167,'0004280910','Aliyah','0000-00-00','M',5,0,'2010-09-28 10:53:32',14,'2010-09-28 10:53:32',0),(168,'0005280910','Tardi Sutardi','0000-00-00','M',6,0,'2010-09-28 10:54:08',14,'2010-09-28 10:54:08',0),(169,'0006280910','M. Jais','0000-00-00','M',6,0,'2010-09-28 10:54:19',14,'2010-09-28 10:54:19',0),(170,'0007280910','Rahmawati','0000-00-00','M',6,0,'2010-09-28 10:54:32',14,'2010-09-28 10:54:32',0),(171,'0008280910','Sarwati','0000-00-00','M',6,0,'2010-09-28 10:54:46',14,'2010-09-28 10:54:46',0),(172,'0009280910','Heryati/Dede','0000-00-00','M',6,0,'2010-09-28 10:55:07',14,'2010-09-28 10:55:07',0),(173,'0010280910','Yusri','0000-00-00','M',6,0,'2010-09-28 10:55:29',14,'2010-09-28 10:55:29',0),(174,'0011280910','Asep Saepudin','0000-00-00','M',6,0,'2010-09-28 10:55:52',14,'2010-09-28 10:55:52',0),(175,'0012280910','Ace Slamet','0000-00-00','M',6,0,'2010-09-28 10:56:06',14,'2010-09-28 10:56:06',0),(176,'0013280910','Abdul Holik','0000-00-00','M',6,0,'2010-09-28 10:56:21',14,'2010-09-28 10:56:21',0),(177,'0014280910','Irwansyah','0000-00-00','M',6,0,'2010-09-28 10:56:33',14,'2010-09-28 10:56:33',0),(178,'0015280910','Asmawi','0000-00-00','M',6,0,'2010-09-28 10:57:02',14,'2010-09-28 10:57:02',0),(179,'0016280910','Andi Sugiarto','0000-00-00','M',6,0,'2010-09-28 10:57:55',14,'2010-09-28 10:57:55',0),(180,'0017280910','Asep Supriyatna','0000-00-00','M',6,0,'2010-09-28 10:58:39',14,'2010-09-28 10:58:39',0),(181,'0018280910','Pian Iskandar','0000-00-00','M',6,0,'2010-09-28 10:58:54',14,'2010-09-28 10:58:54',0),(182,'0019280910','Umar Rusmana','0000-00-00','M',6,0,'2010-09-28 10:59:06',14,'2010-09-28 10:59:06',0),(183,'0020280910','M. Haris','0000-00-00','M',6,0,'2010-09-28 10:59:20',14,'2010-09-28 10:59:20',0),(184,'0021280910','Pathoni','0000-00-00','M',6,0,'2010-09-28 10:59:36',14,'2010-09-28 10:59:36',0),(185,'0022280910','Misar','0000-00-00','M',6,0,'2010-09-28 10:59:51',14,'2010-09-28 10:59:51',0),(186,'0023280910','Saim','0000-00-00','M',6,0,'2010-09-28 11:00:01',14,'2010-09-28 11:00:01',0),(187,'0024280910','Sanen','0000-00-00','M',6,0,'2010-09-28 11:00:18',14,'2010-09-28 11:00:18',0),(188,'0025280910','Sulaeman','0000-00-00','M',6,0,'2010-09-28 11:00:31',14,'2010-09-28 11:00:31',0),(189,'0026280910','Wijatmo','0000-00-00','M',6,0,'2010-09-28 11:00:44',14,'2010-09-28 11:00:44',0),(190,'0027280910','Armin S.','0000-00-00','M',6,0,'2010-09-28 11:01:00',14,'2010-09-28 11:01:00',0),(191,'0028280910','Pajar','0000-00-00','M',6,0,'2010-09-28 11:01:12',14,'2010-09-28 11:01:12',0),(192,'0029280910','Masri','0000-00-00','M',6,0,'2010-09-28 11:01:33',14,'2010-09-28 11:01:33',0),(193,'0001181010','Rani rahayu','2010-10-18','M',3,13,'2010-10-18 11:40:04',13,'2010-10-18 11:40:04',0),(194,'0002181010','Nn Maria ulfa','2010-10-18','M',3,13,'2010-10-18 13:12:47',13,'2010-10-18 13:12:47',0),(195,'0003181010','Tn Revo yasin','2010-10-18','M',3,13,'2010-10-18 13:13:44',13,'2010-10-18 13:13:44',0),(196,'0004181010','Tn Sutarto','2010-10-18','M',3,13,'2010-10-18 13:14:12',13,'2010-10-18 13:14:12',0),(197,'0005181010','Tn Prawito','2010-10-18','M',1,13,'2010-10-18 13:14:52',13,'2010-10-18 13:14:52',0),(198,'0006181010','Tn Deto','2010-10-18','M',3,13,'2010-10-18 13:15:18',13,'2010-10-18 13:15:18',0),(199,'0007181010','Tn Iqbal zulfikar','2010-10-18','M',3,13,'2010-10-18 13:16:09',13,'2010-10-18 13:16:09',0),(200,'0008181010','Nn Sulastri','2010-10-18','M',3,13,'2010-10-18 13:16:37',13,'2010-10-18 13:16:37',0),(201,'0009181010','Nn Rossy','2010-10-18','M',3,13,'2010-10-18 13:17:12',13,'2010-10-18 13:17:12',0),(202,'0010181010','Nn Hilda','2010-10-18','M',3,13,'2010-10-18 13:17:35',13,'2010-10-18 13:17:35',0),(203,'0011181010','Nn Ghisani','2010-10-18','M',3,13,'2010-10-18 13:18:01',13,'2010-10-18 13:18:01',0),(204,'0012181010','Nn Bibarachatu','2010-10-18','M',3,13,'2010-10-18 13:18:34',13,'2010-10-18 13:18:34',0),(205,'0001201010','Fintan','2010-10-20','M',3,13,'2010-10-20 10:30:33',13,'2010-10-20 10:30:33',0),(206,'0002201010','Irma Nuraini','2010-10-20','M',3,13,'2010-10-20 14:54:09',13,'2010-10-20 14:54:09',0),(207,'0001211010','Nn Nova woro','2010-10-21','M',3,13,'2010-10-21 12:16:37',13,'2010-10-21 12:16:37',0),(208,'0001221010','Tn Adhika.p','2010-10-22','M',3,13,'2010-10-22 08:44:17',13,'2010-10-22 08:44:17',0);
/*!40000 ALTER TABLE `patients` ENABLE KEYS */;
UNLOCK TABLES;

--
-- Table structure for table `provinces`
--

DROP TABLE IF EXISTS `provinces`;
SET @saved_cs_client     = @@character_set_client;
SET character_set_client = utf8;
CREATE TABLE `provinces` (
  `id` int(10) unsigned NOT NULL auto_increment,
  `code` varchar(2) default NULL,
  `name` varchar(60) default NULL,
  `created_by` varchar(60) default NULL,
  `created` datetime default NULL,
  `modified_by` varchar(60) default NULL,
  `modified` datetime default NULL,
  PRIMARY KEY  (`id`)
) ENGINE=MyISAM AUTO_INCREMENT=49 DEFAULT CHARSET=latin1;
SET character_set_client = @saved_cs_client;

--
-- Dumping data for table `provinces`
--

LOCK TABLES `provinces` WRITE;
/*!40000 ALTER TABLE `provinces` DISABLE KEYS */;
INSERT INTO `provinces` VALUES (1,'BB','KEPULAUAN BANGKA BELITUNG',NULL,NULL,NULL,NULL),(2,'BK','BENGKULU',NULL,NULL,NULL,NULL),(3,'BL','BALI',NULL,NULL,NULL,NULL),(4,'BT','BANTEN',NULL,NULL,NULL,NULL),(7,'CR','SULAWESI TENGGARA',NULL,NULL,NULL,NULL),(11,'JB','JAWA BARAT',NULL,NULL,NULL,NULL),(18,'KH','KALIMANTAN TENGAH',NULL,NULL,NULL,NULL),(19,'KR','KEPULAUAN RIAU',NULL,NULL,NULL,NULL),(20,'KS','KALIMANTAN SELATAN',NULL,NULL,NULL,NULL),(22,'LP','LAMPUNG',NULL,NULL,NULL,NULL),(23,'ML','MALUKU',NULL,NULL,NULL,NULL),(24,'CB','SULAWESI BARAT',NULL,NULL,NULL,NULL),(25,'CH','SULAWESI TENGAH',NULL,NULL,NULL,NULL),(26,'CS','SULAWESI SELATAN',NULL,NULL,NULL,NULL),(27,'CU','SULAWESI UTARA',NULL,NULL,NULL,NULL),(28,'GT','GORONTALO',NULL,NULL,NULL,NULL),(29,'JH','JAWA TENGAH',NULL,NULL,NULL,NULL),(30,'JK','JAKARTA',NULL,NULL,NULL,NULL),(31,'JM','JAMBI',NULL,NULL,NULL,NULL),(32,'JO','DAERAH ISTIMEWA YOGYAKARTA',NULL,NULL,NULL,NULL),(33,'JT','JAWA TIMUR',NULL,NULL,NULL,NULL),(34,'KB','KALIMANTAN BARAT',NULL,NULL,NULL,NULL),(35,'KT','KALIMANTAN TIMUR',NULL,NULL,NULL,NULL),(36,'MU','MALUKU UTARA',NULL,NULL,NULL,NULL),(37,'NA','NANGROE ACEH DARUSSALAM',NULL,NULL,NULL,NULL),(38,'NB','NUSA TENGGARA BARAT',NULL,NULL,NULL,NULL),(39,'NT','NUSA TENGGARA TIMUR',NULL,NULL,NULL,NULL),(40,'PB','PAPUA BARAT',NULL,NULL,NULL,NULL),(41,'PP','PAPUA',NULL,NULL,NULL,NULL),(42,'RI','RIAU',NULL,NULL,NULL,NULL),(43,'SB','SUMATERA BARAT',NULL,NULL,NULL,NULL),(44,'SS','SUMATERA SELATAN',NULL,NULL,NULL,NULL),(45,'SU','SUMATERA UTARA',NULL,NULL,NULL,NULL),(46,'NY','NEW YORK',NULL,NULL,NULL,NULL),(47,'WS','WASHINGTON DC.',NULL,NULL,NULL,NULL),(48,'BM','BOMBAY',NULL,NULL,NULL,NULL);
/*!40000 ALTER TABLE `provinces` ENABLE KEYS */;
UNLOCK TABLES;

--
-- Table structure for table `site_settings`
--

DROP TABLE IF EXISTS `site_settings`;
SET @saved_cs_client     = @@character_set_client;
SET character_set_client = utf8;
CREATE TABLE `site_settings` (
  `id` smallint(6) NOT NULL auto_increment,
  `param` varchar(20) NOT NULL,
  `value` varchar(100) NOT NULL,
  PRIMARY KEY  (`id`)
) ENGINE=MyISAM AUTO_INCREMENT=9 DEFAULT CHARSET=latin1;
SET character_set_client = @saved_cs_client;

--
-- Dumping data for table `site_settings`
--

LOCK TABLES `site_settings` WRITE;
/*!40000 ALTER TABLE `site_settings` DISABLE KEYS */;
INSERT INTO `site_settings` VALUES (1,'default_lang','ind'),(2,'site_name','Poliklinik On-Line'),(3,'site_address1','Jl. Srengseng Sawah, Jagakarsa, Jakarta Selatan.'),(4,'site_address2','(Sebelah Utara Universitas Indonesia)'),(5,'site_email','h_triyanto@yahoo.co.id'),(6,'site_web','polimedia.ac.id'),(8,'site_phone','0811981962');
/*!40000 ALTER TABLE `site_settings` ENABLE KEYS */;
UNLOCK TABLES;

--
-- Table structure for table `unit_codes`
--

DROP TABLE IF EXISTS `unit_codes`;
SET @saved_cs_client     = @@character_set_client;
SET character_set_client = utf8;
CREATE TABLE `unit_codes` (
  `id` smallint(6) NOT NULL auto_increment,
  `name` varchar(100) NOT NULL,
  `code` varchar(10) NOT NULL,
  `created` datetime NOT NULL,
  `created_by` int(10) NOT NULL,
  `modified` datetime NOT NULL,
  `modified_by` int(10) NOT NULL,
  PRIMARY KEY  (`id`),
  UNIQUE KEY `code` (`code`),
  KEY `name` (`name`)
) ENGINE=MyISAM AUTO_INCREMENT=62 DEFAULT CHARSET=latin1;
SET character_set_client = @saved_cs_client;

--
-- Dumping data for table `unit_codes`
--

LOCK TABLES `unit_codes` WRITE;
/*!40000 ALTER TABLE `unit_codes` DISABLE KEYS */;
INSERT INTO `unit_codes` VALUES (1,'Direktur','01','2009-12-12 22:19:32',1,'2010-08-18 23:04:15',1),(2,'Pudir I','02','2009-12-12 22:26:20',1,'2010-08-13 08:22:58',2),(3,'Pudir II','03','2009-12-12 22:26:54',1,'2010-08-13 08:23:12',2),(4,'Pudir III','04','2009-12-12 22:27:10',1,'2010-08-13 08:23:23',2),(5,'Pudir IV','05','2009-12-12 22:27:24',1,'2010-08-13 08:23:32',2),(6,'Pudir III','06','2009-12-12 22:27:50',1,'2010-01-14 22:09:52',1),(7,'Pudir IV','07','2009-12-12 22:28:23',1,'2010-01-14 22:10:16',1),(8,'Bagian Administrai Umum dan Keuangan','08','2009-12-12 22:28:54',1,'2010-08-13 08:24:27',2),(9,'Bagian Administrasi Akademik dan Kemahasiswaan','09','2009-12-12 22:29:27',1,'2010-08-13 08:25:03',2),(10,'Subbag Umum','10','2009-12-12 22:29:45',1,'2010-09-27 08:08:14',1),(11,'Subbagian Tatalaksana dan Kepegawaian','11','2009-12-12 22:30:25',1,'2010-08-13 08:25:48',2),(12,'Subbagian Keuangan','12','2009-12-12 22:30:51',1,'2010-08-13 08:26:02',2),(19,'Subbagian Akademik dan Kemahasiswaan','13','2010-01-14 23:27:22',1,'2010-08-13 08:26:28',2),(45,'Subbagian Perencanaan dan Sistem Informasi','14','2010-08-13 08:26:54',2,'2010-08-13 08:26:54',0),(46,'Jurusan Teknik Grafika','15','2010-08-13 08:27:34',2,'2010-08-13 08:27:34',0),(47,'Jurusan Desain Grafis','16','2010-08-13 08:27:49',2,'2010-08-13 08:27:49',0),(48,'Jurusan Penerbitan','17','2010-08-13 08:28:00',2,'2010-08-13 08:28:00',0),(49,'Program Studi Teknik Grafika','18','2010-08-13 08:28:20',2,'2010-08-13 08:28:20',0),(50,'Program Studi Teknik Kemasan','19','2010-08-13 08:28:39',2,'2010-08-13 08:28:39',0),(51,'Program Studi Desain Grafis','20','2010-08-13 08:29:05',2,'2010-08-13 08:29:05',0),(52,'Program Studi Periklanan','21','2010-08-13 08:29:18',2,'2010-08-13 08:29:18',0),(53,'Program Studi Penerbitan','22','2010-08-13 08:29:30',2,'2010-08-13 08:29:30',0),(54,'Program Studi Fotografi','23','2010-08-13 08:29:44',2,'2010-08-13 08:29:44',0),(55,'UPT Perpustakaan','24','2010-08-13 08:30:00',2,'2010-08-13 08:30:00',0),(56,'UPT Pusat Informatika','25','2010-08-13 08:30:13',2,'2010-08-13 08:30:13',0),(57,'UPT Percetakan dan Penerbitan','26','2010-08-13 08:30:27',2,'2010-08-13 08:30:27',0),(58,'UPT Desain dan Periklanan','27','2010-08-13 08:30:44',2,'2010-08-13 08:30:44',0),(59,'UP2M','28','2010-08-13 08:30:56',2,'2010-08-13 08:30:56',0),(60,'UPT Humas','29','2010-08-13 08:31:23',2,'2010-08-13 08:31:23',0),(61,'UPT Bisnis','30','2010-08-13 08:31:55',2,'2010-08-13 08:31:55',0);
/*!40000 ALTER TABLE `unit_codes` ENABLE KEYS */;
UNLOCK TABLES;

--
-- Table structure for table `units`
--

DROP TABLE IF EXISTS `units`;
SET @saved_cs_client     = @@character_set_client;
SET character_set_client = utf8;
CREATE TABLE `units` (
  `id` int(10) NOT NULL auto_increment,
  `name` varchar(20) NOT NULL,
  PRIMARY KEY  (`id`),
  KEY `name` (`name`)
) ENGINE=MyISAM AUTO_INCREMENT=13 DEFAULT CHARSET=latin1;
SET character_set_client = @saved_cs_client;

--
-- Dumping data for table `units`
--

LOCK TABLES `units` WRITE;
/*!40000 ALTER TABLE `units` DISABLE KEYS */;
INSERT INTO `units` VALUES (1,'Pil'),(2,'Botol'),(3,'Sendok'),(4,'Lembar'),(5,'Butir'),(6,'Pak'),(7,'Tube'),(8,'Bungkus'),(9,'Ampul'),(10,'Kolf'),(11,'Buah'),(12,'Strip');
/*!40000 ALTER TABLE `units` ENABLE KEYS */;
UNLOCK TABLES;

--
-- Table structure for table `user_logs`
--

DROP TABLE IF EXISTS `user_logs`;
SET @saved_cs_client     = @@character_set_client;
SET character_set_client = utf8;
CREATE TABLE `user_logs` (
  `id` int(11) NOT NULL,
  `user_id` int(11) NOT NULL,
  `ip_address` char(15) NOT NULL,
  `controller` varchar(50) NOT NULL,
  `action` varchar(50) NOT NULL,
  `request_method` varchar(10) NOT NULL,
  `referer` varchar(100) NOT NULL,
  `url` varchar(100) NOT NULL,
  `user_agent` tinytext NOT NULL,
  `created` datetime NOT NULL,
  KEY `user_id` (`user_id`),
  KEY `ip_address` (`ip_address`),
  KEY `created` (`created`)
) ENGINE=MyISAM DEFAULT CHARSET=latin1;
SET character_set_client = @saved_cs_client;

--
-- Dumping data for table `user_logs`
--

LOCK TABLES `user_logs` WRITE;
/*!40000 ALTER TABLE `user_logs` DISABLE KEYS */;
INSERT INTO `user_logs` VALUES (0,1,'110.138.32.88','checkups','report_checktypes','GET','http://poliklinik.baukpoltek.net/medicines','/index.php?url=checkups/report_checktypes','Mozilla/5.0 (Windows; U; Windows NT 5.1; en-US; rv:1.9.1.13) Gecko/20100914 Firefox/3.5.13','2010-10-18 07:15:15'),(0,1,'110.138.32.88','checkups','report_patients','GET','http://poliklinik.baukpoltek.net/medicines','/index.php?url=checkups/report_patients','Mozilla/5.0 (Windows; U; Windows NT 5.1; en-US; rv:1.9.1.13) Gecko/20100914 Firefox/3.5.13','2010-10-18 07:15:10'),(0,1,'110.138.32.88','medicines','index','GET','http://poliklinik.baukpoltek.net/medicines','/index.php?url=medicines/index/page:5&ajax=1','Mozilla/5.0 (Windows; U; Windows NT 5.1; en-US; rv:1.9.1.13) Gecko/20100914 Firefox/3.5.13','2010-10-18 07:15:00'),(0,1,'110.138.32.88','medicines','index','GET','http://poliklinik.baukpoltek.net/medicine_ins','/index.php?url=medicines','Mozilla/5.0 (Windows; U; Windows NT 5.1; en-US; rv:1.9.1.13) Gecko/20100914 Firefox/3.5.13','2010-10-18 07:14:56'),(0,1,'110.138.32.88','medicine_ins','index','GET','http://poliklinik.baukpoltek.net/medicine_ins','/index.php?url=medicine_ins','Mozilla/5.0 (Windows; U; Windows NT 5.1; en-US; rv:1.9.1.13) Gecko/20100914 Firefox/3.5.13','2010-10-18 07:14:48'),(0,1,'110.138.32.88','medicine_ins','index','GET','http://poliklinik.baukpoltek.net/medicine_ins','/index.php?url=medicine_ins/index/page:7&ajax=1','Mozilla/5.0 (Windows; U; Windows NT 5.1; en-US; rv:1.9.1.13) Gecko/20100914 Firefox/3.5.13','2010-10-18 07:13:28'),(0,1,'110.138.32.88','checkups','report_stock','GET','http://poliklinik.baukpoltek.net/medicine_ins','/index.php?url=checkups/report_stock','Mozilla/5.0 (Windows; U; Windows NT 5.1; en-US; rv:1.9.1.13) Gecko/20100914 Firefox/3.5.13','2010-10-18 07:13:48'),(0,1,'110.138.32.88','medicine_ins','index','GET','http://poliklinik.baukpoltek.net/checkups/view_zero_stocks','/index.php?url=medicine_ins','Mozilla/5.0 (Windows; U; Windows NT 5.1; en-US; rv:1.9.1.13) Gecko/20100914 Firefox/3.5.13','2010-10-18 07:13:25'),(0,1,'110.138.32.88','checkups','view_zero_stocks','GET','http://poliklinik.baukpoltek.net/checkups/report_stock_medicines','/index.php?url=checkups/view_zero_stocks','Mozilla/5.0 (Windows; U; Windows NT 5.1; en-US; rv:1.9.1.13) Gecko/20100914 Firefox/3.5.13','2010-10-18 07:13:14'),(0,1,'110.138.32.88','checkups','report_stock','GET','http://poliklinik.baukpoltek.net/checkups/report_stock_medicines','/index.php?url=checkups/report_stock','Mozilla/5.0 (Windows; U; Windows NT 5.1; en-US; rv:1.9.1.13) Gecko/20100914 Firefox/3.5.13','2010-10-18 07:12:46'),(0,1,'110.138.32.88','checkups','report_stock_medicines','POST','http://poliklinik.baukpoltek.net/checkups/report_stock_medicines','/index.php?url=checkups/report_stock_medicines','Mozilla/5.0 (Windows; U; Windows NT 5.1; en-US; rv:1.9.1.13) Gecko/20100914 Firefox/3.5.13','2010-10-18 07:12:39'),(0,1,'110.138.32.88','checkups','report_stock_medicines','GET','http://poliklinik.baukpoltek.net/','/index.php?url=checkups/report_stock_medicines','Mozilla/5.0 (Windows; U; Windows NT 5.1; en-US; rv:1.9.1.13) Gecko/20100914 Firefox/3.5.13','2010-10-18 07:12:37'),(0,1,'110.138.32.88','pages','display','GET','http://poliklinik.baukpoltek.net/users/login','/','Mozilla/5.0 (Windows; U; Windows NT 5.1; en-US; rv:1.9.1.13) Gecko/20100914 Firefox/3.5.13','2010-10-18 07:12:29'),(0,1,'202.153.225.69','medicines','index','GET','http://poliklinik.baukpoltek.net/medicines/edit/96','/index.php?url=medicines','Mozilla/5.0 (X11; U; Linux i686; en-US; rv:1.9.2.10) Gecko/20100915 Ubuntu/10.04 (lucid) Firefox/3.6.10','2010-10-23 16:21:05'),(0,1,'202.153.225.69','checkups','report_stock','GET','http://poliklinik.baukpoltek.net/medicines','/index.php?url=checkups/report_stock','Mozilla/5.0 (X11; U; Linux i686; en-US; rv:1.9.2.10) Gecko/20100915 Ubuntu/10.04 (lucid) Firefox/3.6.10','2010-10-23 16:35:12'),(0,1,'202.153.225.69','medicines','edit','GET','http://poliklinik.baukpoltek.net/medicines','/index.php?url=medicines/edit/96','Mozilla/5.0 (X11; U; Linux i686; en-US; rv:1.9.2.10) Gecko/20100915 Ubuntu/10.04 (lucid) Firefox/3.6.10','2010-10-23 16:21:00'),(0,1,'202.153.225.69','medicines','index','GET','http://poliklinik.baukpoltek.net/medicines','/index.php?url=medicines/index/page:5&ajax=1','Mozilla/5.0 (X11; U; Linux i686; en-US; rv:1.9.2.10) Gecko/20100915 Ubuntu/10.04 (lucid) Firefox/3.6.10','2010-10-23 16:20:56'),(0,1,'202.153.225.69','medicines','index','GET','http://poliklinik.baukpoltek.net/medicines','/index.php?url=medicines/index/page:5&ajax=1','Mozilla/5.0 (X11; U; Linux i686; en-US; rv:1.9.2.10) Gecko/20100915 Ubuntu/10.04 (lucid) Firefox/3.6.10','2010-10-23 16:20:44'),(0,1,'202.153.225.69','medicines','edit','GET','http://poliklinik.baukpoltek.net/medicines','/index.php?url=medicines/edit/96','Mozilla/5.0 (X11; U; Linux i686; en-US; rv:1.9.2.10) Gecko/20100915 Ubuntu/10.04 (lucid) Firefox/3.6.10','2010-10-23 16:20:50'),(0,1,'202.153.225.69','medicines','index','GET','http://poliklinik.baukpoltek.net/medicines','/index.php?url=medicines/index/page:1&ajax=1','Mozilla/5.0 (X11; U; Linux i686; en-US; rv:1.9.2.10) Gecko/20100915 Ubuntu/10.04 (lucid) Firefox/3.6.10','2010-10-23 16:20:35'),(0,1,'202.153.225.69','medicines','index','GET','http://poliklinik.baukpoltek.net/medicines','/index.php?url=medicines/index/page:4&ajax=1','Mozilla/5.0 (X11; U; Linux i686; en-US; rv:1.9.2.10) Gecko/20100915 Ubuntu/10.04 (lucid) Firefox/3.6.10','2010-10-23 16:20:32'),(0,1,'202.153.225.69','medicines','index','GET','http://poliklinik.baukpoltek.net/medicines','/index.php?url=medicines/index/page:5&ajax=1','Mozilla/5.0 (X11; U; Linux i686; en-US; rv:1.9.2.10) Gecko/20100915 Ubuntu/10.04 (lucid) Firefox/3.6.10','2010-10-23 16:20:27'),(0,1,'202.153.225.69','medicines','index','GET','http://poliklinik.baukpoltek.net/medicines','/index.php?url=medicines/index/page:1&ajax=1','Mozilla/5.0 (X11; U; Linux i686; en-US; rv:1.9.2.10) Gecko/20100915 Ubuntu/10.04 (lucid) Firefox/3.6.10','2010-10-23 16:20:07'),(0,1,'202.153.225.69','medicines','index','GET','http://poliklinik.baukpoltek.net/medicines','/index.php?url=medicines/index/page:3&ajax=1','Mozilla/5.0 (X11; U; Linux i686; en-US; rv:1.9.2.10) Gecko/20100915 Ubuntu/10.04 (lucid) Firefox/3.6.10','2010-10-23 16:20:00'),(0,1,'202.153.225.69','checkups','report_stock','GET','http://poliklinik.baukpoltek.net/medicines','/index.php?url=checkups/report_stock','Mozilla/5.0 (X11; U; Linux i686; en-US; rv:1.9.2.10) Gecko/20100915 Ubuntu/10.04 (lucid) Firefox/3.6.10','2010-10-23 16:20:00'),(0,1,'202.153.225.69','medicines','index','GET','http://poliklinik.baukpoltek.net/medicines','/index.php?url=medicines/index/page:2&ajax=1','Mozilla/5.0 (X11; U; Linux i686; en-US; rv:1.9.2.10) Gecko/20100915 Ubuntu/10.04 (lucid) Firefox/3.6.10','2010-10-23 16:20:04'),(0,1,'202.153.225.69','medicines','index','GET','http://poliklinik.baukpoltek.net/medicines','/index.php?url=medicines/index/page:4&ajax=1','Mozilla/5.0 (X11; U; Linux i686; en-US; rv:1.9.2.10) Gecko/20100915 Ubuntu/10.04 (lucid) Firefox/3.6.10','2010-10-23 16:19:51'),(0,1,'202.153.225.69','medicines','index','GET','http://poliklinik.baukpoltek.net/medicines','/index.php?url=medicines/index/page:5&ajax=1','Mozilla/5.0 (X11; U; Linux i686; en-US; rv:1.9.2.10) Gecko/20100915 Ubuntu/10.04 (lucid) Firefox/3.6.10','2010-10-23 16:19:48'),(0,13,'125.161.156.25','pages','display','GET','http://poliklinik.baukpoltek.net/users/login','/','Mozilla/5.0 (Windows; U; Windows NT 5.1; id; rv:1.9.2.9) Gecko/20100824 Firefox/3.6.9','2010-10-22 13:39:07'),(0,13,'125.161.156.25','checkups','index','GET','http://poliklinik.baukpoltek.net/','/index.php?url=checkups','Mozilla/5.0 (Windows; U; Windows NT 5.1; id; rv:1.9.2.9) Gecko/20100824 Firefox/3.6.9','2010-10-22 13:39:11'),(0,13,'125.161.156.25','checkups','add','GET','http://poliklinik.baukpoltek.net/checkups','/index.php?url=checkups/add','Mozilla/5.0 (Windows; U; Windows NT 5.1; id; rv:1.9.2.9) Gecko/20100824 Firefox/3.6.9','2010-10-22 13:39:15'),(0,13,'125.161.156.25','checkups','patient_detail','GET','http://poliklinik.baukpoltek.net/checkups/add','/index.php?url=checkups/patient_detail/80','Mozilla/5.0 (Windows; U; Windows NT 5.1; id; rv:1.9.2.9) Gecko/20100824 Firefox/3.6.9','2010-10-22 13:39:31'),(0,13,'125.161.156.25','checkups','add','POST','http://poliklinik.baukpoltek.net/checkups/add','/index.php?url=checkups/add','Mozilla/5.0 (Windows; U; Windows NT 5.1; id; rv:1.9.2.9) Gecko/20100824 Firefox/3.6.9','2010-10-22 13:43:00'),(0,13,'125.161.156.25','checkups','index','GET','http://poliklinik.baukpoltek.net/checkups/add','/index.php?url=checkups','Mozilla/5.0 (Windows; U; Windows NT 5.1; id; rv:1.9.2.9) Gecko/20100824 Firefox/3.6.9','2010-10-22 13:43:01'),(0,13,'125.161.156.25','checkups','add','GET','http://poliklinik.baukpoltek.net/checkups','/index.php?url=checkups/add','Mozilla/5.0 (Windows; U; Windows NT 5.1; id; rv:1.9.2.9) Gecko/20100824 Firefox/3.6.9','2010-10-22 13:45:19'),(0,13,'125.161.156.25','checkups','patient_detail','GET','http://poliklinik.baukpoltek.net/checkups/add','/index.php?url=checkups/patient_detail/83','Mozilla/5.0 (Windows; U; Windows NT 5.1; id; rv:1.9.2.9) Gecko/20100824 Firefox/3.6.9','2010-10-22 13:45:49'),(0,13,'125.161.156.25','checkups','add','POST','http://poliklinik.baukpoltek.net/checkups/add','/index.php?url=checkups/add','Mozilla/5.0 (Windows; U; Windows NT 5.1; id; rv:1.9.2.9) Gecko/20100824 Firefox/3.6.9','2010-10-22 13:46:48'),(0,13,'125.161.156.25','checkups','index','GET','http://poliklinik.baukpoltek.net/checkups/add','/index.php?url=checkups','Mozilla/5.0 (Windows; U; Windows NT 5.1; id; rv:1.9.2.9) Gecko/20100824 Firefox/3.6.9','2010-10-22 13:46:48'),(0,1,'202.153.225.69','pages','display','GET','http://poliklinik.baukpoltek.net/users/login','/','Mozilla/5.0 (X11; U; Linux i686; en-US; rv:1.9.2.10) Gecko/20100915 Ubuntu/10.04 (lucid) Firefox/3.6.10','2010-10-23 15:54:59'),(0,1,'202.153.225.69','checkups','report_stock_medicines','GET','http://poliklinik.baukpoltek.net/','/index.php?url=checkups/report_stock_medicines','Mozilla/5.0 (X11; U; Linux i686; en-US; rv:1.9.2.10) Gecko/20100915 Ubuntu/10.04 (lucid) Firefox/3.6.10','2010-10-23 15:55:04'),(0,1,'202.153.225.69','checkups','report_stock_medicines','POST','http://poliklinik.baukpoltek.net/checkups/report_stock_medicines','/index.php?url=checkups/report_stock_medicines','Mozilla/5.0 (X11; U; Linux i686; en-US; rv:1.9.2.10) Gecko/20100915 Ubuntu/10.04 (lucid) Firefox/3.6.10','2010-10-23 15:55:09'),(0,1,'202.153.225.69','checkups','report_patients','GET','http://poliklinik.baukpoltek.net/checkups/report_stock_medicines','/index.php?url=checkups/report_patients','Mozilla/5.0 (X11; U; Linux i686; en-US; rv:1.9.2.10) Gecko/20100915 Ubuntu/10.04 (lucid) Firefox/3.6.10','2010-10-23 15:58:58'),(0,1,'202.153.225.69','checkups','report_checktypes','GET','http://poliklinik.baukpoltek.net/checkups/report_stock_medicines','/index.php?url=checkups/report_checktypes','Mozilla/5.0 (X11; U; Linux i686; en-US; rv:1.9.2.10) Gecko/20100915 Ubuntu/10.04 (lucid) Firefox/3.6.10','2010-10-23 15:59:01'),(0,1,'202.153.225.69','checkups','report_checktypes','GET','http://poliklinik.baukpoltek.net/checkups/report_stock_medicines','/index.php?url=checkups/report_checktypes','Mozilla/5.0 (X11; U; Linux i686; en-US; rv:1.9.2.10) Gecko/20100915 Ubuntu/10.04 (lucid) Firefox/3.6.10','2010-10-23 16:02:37'),(0,1,'202.153.225.69','checkups','report_checktypes','GET','http://poliklinik.baukpoltek.net/checkups/report_stock_medicines','/index.php?url=checkups/report_checktypes','Mozilla/5.0 (X11; U; Linux i686; en-US; rv:1.9.2.10) Gecko/20100915 Ubuntu/10.04 (lucid) Firefox/3.6.10','2010-10-23 16:03:36'),(0,1,'202.153.225.69','checkups','report_checktypes','GET','http://poliklinik.baukpoltek.net/checkups/report_stock_medicines','/index.php?url=checkups/report_checktypes','Mozilla/5.0 (X11; U; Linux i686; en-US; rv:1.9.2.10) Gecko/20100915 Ubuntu/10.04 (lucid) Firefox/3.6.10','2010-10-23 16:04:04'),(0,1,'202.153.225.69','checkups','report_checktypes','GET','http://poliklinik.baukpoltek.net/checkups/report_stock_medicines','/index.php?url=checkups/report_checktypes','Mozilla/5.0 (X11; U; Linux i686; en-US; rv:1.9.2.10) Gecko/20100915 Ubuntu/10.04 (lucid) Firefox/3.6.10','2010-10-23 16:05:52'),(0,1,'202.153.225.69','checkups','report_patients','GET','http://poliklinik.baukpoltek.net/checkups/report_stock_medicines','/index.php?url=checkups/report_patients','Mozilla/5.0 (X11; U; Linux i686; en-US; rv:1.9.2.10) Gecko/20100915 Ubuntu/10.04 (lucid) Firefox/3.6.10','2010-10-23 16:07:22'),(0,1,'202.153.225.69','checkups','report_patients','GET','http://poliklinik.baukpoltek.net/checkups/report_stock_medicines','/index.php?url=checkups/report_patients','Mozilla/5.0 (X11; U; Linux i686; en-US; rv:1.9.2.10) Gecko/20100915 Ubuntu/10.04 (lucid) Firefox/3.6.10','2010-10-23 16:08:52'),(0,1,'202.153.225.69','checkups','report_patients','GET','http://poliklinik.baukpoltek.net/checkups/report_stock_medicines','/index.php?url=checkups/report_patients','Mozilla/5.0 (X11; U; Linux i686; en-US; rv:1.9.2.10) Gecko/20100915 Ubuntu/10.04 (lucid) Firefox/3.6.10','2010-10-23 16:09:24'),(0,1,'202.153.225.69','medicines','index','GET','http://poliklinik.baukpoltek.net/medicines','/index.php?url=medicines/index/page:3&ajax=1','Mozilla/5.0 (X11; U; Linux i686; en-US; rv:1.9.2.10) Gecko/20100915 Ubuntu/10.04 (lucid) Firefox/3.6.10','2010-10-23 16:19:43'),(0,1,'202.153.225.69','medicines','index','GET','http://poliklinik.baukpoltek.net/medicines','/index.php?url=medicines/index/page:4&ajax=1','Mozilla/5.0 (X11; U; Linux i686; en-US; rv:1.9.2.10) Gecko/20100915 Ubuntu/10.04 (lucid) Firefox/3.6.10','2010-10-23 16:19:45'),(0,1,'202.153.225.69','medicines','index','GET','http://poliklinik.baukpoltek.net/medicines','/index.php?url=medicines/index/page:2&ajax=1','Mozilla/5.0 (X11; U; Linux i686; en-US; rv:1.9.2.10) Gecko/20100915 Ubuntu/10.04 (lucid) Firefox/3.6.10','2010-10-23 16:19:41'),(0,1,'202.153.225.69','medicines','index','GET','http://poliklinik.baukpoltek.net/checkups/add','/index.php?url=medicines','Mozilla/5.0 (X11; U; Linux i686; en-US; rv:1.9.2.10) Gecko/20100915 Ubuntu/10.04 (lucid) Firefox/3.6.10','2010-10-23 16:19:36'),(0,1,'202.153.225.69','checkups','report_stock','GET','http://poliklinik.baukpoltek.net/checkups/add','/index.php?url=checkups/report_stock','Mozilla/5.0 (X11; U; Linux i686; en-US; rv:1.9.2.10) Gecko/20100915 Ubuntu/10.04 (lucid) Firefox/3.6.10','2010-10-23 16:19:13'),(0,1,'202.153.225.69','checkups','report_stock','GET','http://poliklinik.baukpoltek.net/checkups/add','/index.php?url=checkups/report_stock','Mozilla/5.0 (X11; U; Linux i686; en-US; rv:1.9.2.10) Gecko/20100915 Ubuntu/10.04 (lucid) Firefox/3.6.10','2010-10-23 16:19:07'),(0,1,'202.153.225.69','checkups','patient_detail','GET','http://poliklinik.baukpoltek.net/checkups/add','/index.php?url=checkups/patient_detail/76','Mozilla/5.0 (X11; U; Linux i686; en-US; rv:1.9.2.10) Gecko/20100915 Ubuntu/10.04 (lucid) Firefox/3.6.10','2010-10-23 16:18:45'),(0,1,'202.153.225.69','checkups','patient_detail','GET','http://poliklinik.baukpoltek.net/checkups/add','/index.php?url=checkups/patient_detail/78','Mozilla/5.0 (X11; U; Linux i686; en-US; rv:1.9.2.10) Gecko/20100915 Ubuntu/10.04 (lucid) Firefox/3.6.10','2010-10-23 16:18:19'),(0,1,'202.153.225.69','checkups','index','GET','http://poliklinik.baukpoltek.net/checkups/add','/index.php?url=checkups','Mozilla/5.0 (X11; U; Linux i686; en-US; rv:1.9.2.10) Gecko/20100915 Ubuntu/10.04 (lucid) Firefox/3.6.10','2010-10-23 16:17:42'),(0,1,'202.153.225.69','checkups','add','GET','http://poliklinik.baukpoltek.net/checkups','/index.php?url=checkups/add','Mozilla/5.0 (X11; U; Linux i686; en-US; rv:1.9.2.10) Gecko/20100915 Ubuntu/10.04 (lucid) Firefox/3.6.10','2010-10-23 16:17:45'),(0,1,'202.153.225.69','checkups','patient_detail','GET','http://poliklinik.baukpoltek.net/checkups/add','/index.php?url=checkups/patient_detail/13','Mozilla/5.0 (X11; U; Linux i686; en-US; rv:1.9.2.10) Gecko/20100915 Ubuntu/10.04 (lucid) Firefox/3.6.10','2010-10-23 16:17:42'),(0,1,'202.153.225.69','checkups','patient_detail','GET','http://poliklinik.baukpoltek.net/checkups/add','/index.php?url=checkups/patient_detail/5','Mozilla/5.0 (X11; U; Linux i686; en-US; rv:1.9.2.10) Gecko/20100915 Ubuntu/10.04 (lucid) Firefox/3.6.10','2010-10-23 16:17:17'),(0,1,'202.153.225.69','checkups','add','GET','http://poliklinik.baukpoltek.net/checkups','/index.php?url=checkups/add','Mozilla/5.0 (X11; U; Linux i686; en-US; rv:1.9.2.10) Gecko/20100915 Ubuntu/10.04 (lucid) Firefox/3.6.10','2010-10-23 16:16:46'),(0,1,'202.153.225.69','checkups','index','GET','http://poliklinik.baukpoltek.net/checkups/edit/14','/index.php?url=checkups','Mozilla/5.0 (X11; U; Linux i686; en-US; rv:1.9.2.10) Gecko/20100915 Ubuntu/10.04 (lucid) Firefox/3.6.10','2010-10-23 16:16:43'),(0,1,'202.153.225.69','checkups','edit','GET','http://poliklinik.baukpoltek.net/checkups','/index.php?url=checkups/edit/14','Mozilla/5.0 (X11; U; Linux i686; en-US; rv:1.9.2.10) Gecko/20100915 Ubuntu/10.04 (lucid) Firefox/3.6.10','2010-10-23 16:16:36'),(0,1,'202.153.225.69','checkups','index','GET','http://poliklinik.baukpoltek.net/checkups/edit/87','/index.php?url=checkups','Mozilla/5.0 (X11; U; Linux i686; en-US; rv:1.9.2.10) Gecko/20100915 Ubuntu/10.04 (lucid) Firefox/3.6.10','2010-10-23 16:16:29'),(0,1,'202.153.225.69','checkups','edit','PUT','http://poliklinik.baukpoltek.net/checkups/edit/87','/index.php?url=checkups/edit/87','Mozilla/5.0 (X11; U; Linux i686; en-US; rv:1.9.2.10) Gecko/20100915 Ubuntu/10.04 (lucid) Firefox/3.6.10','2010-10-23 16:16:29'),(0,1,'202.153.225.69','checkups','edit','GET','http://poliklinik.baukpoltek.net/checkups','/index.php?url=checkups/edit/87','Mozilla/5.0 (X11; U; Linux i686; en-US; rv:1.9.2.10) Gecko/20100915 Ubuntu/10.04 (lucid) Firefox/3.6.10','2010-10-23 16:16:14'),(0,1,'202.153.225.69','checkups','index','GET','http://poliklinik.baukpoltek.net/checkups','/index.php?url=checkups/index/page:5&ajax=1','Mozilla/5.0 (X11; U; Linux i686; en-US; rv:1.9.2.10) Gecko/20100915 Ubuntu/10.04 (lucid) Firefox/3.6.10','2010-10-23 16:15:58'),(0,1,'202.153.225.69','checkups','index','GET','http://poliklinik.baukpoltek.net/checkups','/index.php?url=checkups/index/page:4&ajax=1','Mozilla/5.0 (X11; U; Linux i686; en-US; rv:1.9.2.10) Gecko/20100915 Ubuntu/10.04 (lucid) Firefox/3.6.10','2010-10-23 16:16:10'),(0,1,'202.153.225.69','checkups','index','GET','http://poliklinik.baukpoltek.net/checkups','/index.php?url=checkups/index/page:6&ajax=1','Mozilla/5.0 (X11; U; Linux i686; en-US; rv:1.9.2.10) Gecko/20100915 Ubuntu/10.04 (lucid) Firefox/3.6.10','2010-10-23 16:15:40'),(0,1,'202.153.225.69','checkups','index','GET','http://poliklinik.baukpoltek.net/checkups','/index.php?url=checkups/index/page:7&ajax=1','Mozilla/5.0 (X11; U; Linux i686; en-US; rv:1.9.2.10) Gecko/20100915 Ubuntu/10.04 (lucid) Firefox/3.6.10','2010-10-23 16:15:31'),(0,1,'202.153.225.69','checkups','index','GET','http://poliklinik.baukpoltek.net/checkups','/index.php?url=checkups/index/page:1&ajax=1','Mozilla/5.0 (X11; U; Linux i686; en-US; rv:1.9.2.10) Gecko/20100915 Ubuntu/10.04 (lucid) Firefox/3.6.10','2010-10-23 16:15:17'),(0,1,'202.153.225.69','checkups','index','GET','http://poliklinik.baukpoltek.net/checkups','/index.php?url=checkups/index/page:2&ajax=1','Mozilla/5.0 (X11; U; Linux i686; en-US; rv:1.9.2.10) Gecko/20100915 Ubuntu/10.04 (lucid) Firefox/3.6.10','2010-10-23 16:15:03'),(0,1,'202.153.225.69','checkups','index','GET','http://poliklinik.baukpoltek.net/checkups','/index.php?url=checkups/index/page:3&ajax=1','Mozilla/5.0 (X11; U; Linux i686; en-US; rv:1.9.2.10) Gecko/20100915 Ubuntu/10.04 (lucid) Firefox/3.6.10','2010-10-23 16:14:47'),(0,1,'202.153.225.69','checkups','index','GET','http://poliklinik.baukpoltek.net/checkups','/index.php?url=checkups/index/page:4&ajax=1','Mozilla/5.0 (X11; U; Linux i686; en-US; rv:1.9.2.10) Gecko/20100915 Ubuntu/10.04 (lucid) Firefox/3.6.10','2010-10-23 16:14:38'),(0,1,'202.153.225.69','checkups','index','GET','http://poliklinik.baukpoltek.net/checkups','/index.php?url=checkups/index/page:5&ajax=1','Mozilla/5.0 (X11; U; Linux i686; en-US; rv:1.9.2.10) Gecko/20100915 Ubuntu/10.04 (lucid) Firefox/3.6.10','2010-10-23 16:14:30'),(0,1,'202.153.225.69','checkups','index','GET','http://poliklinik.baukpoltek.net/checkups','/index.php?url=checkups/index/page:6&ajax=1','Mozilla/5.0 (X11; U; Linux i686; en-US; rv:1.9.2.10) Gecko/20100915 Ubuntu/10.04 (lucid) Firefox/3.6.10','2010-10-23 16:14:23'),(0,1,'202.153.225.69','checkups','index','GET','http://poliklinik.baukpoltek.net/checkups','/index.php?url=checkups/index/page:7&ajax=1','Mozilla/5.0 (X11; U; Linux i686; en-US; rv:1.9.2.10) Gecko/20100915 Ubuntu/10.04 (lucid) Firefox/3.6.10','2010-10-23 16:14:18'),(0,1,'202.153.225.69','checkups','index','GET','http://poliklinik.baukpoltek.net/checkups/report_patient_status','/index.php?url=checkups','Mozilla/5.0 (X11; U; Linux i686; en-US; rv:1.9.2.10) Gecko/20100915 Ubuntu/10.04 (lucid) Firefox/3.6.10','2010-10-23 16:14:03'),(0,1,'202.153.225.69','checkups','report_patient_status','POST','http://poliklinik.baukpoltek.net/checkups/report_patient_status','/index.php?url=checkups/report_patient_status','Mozilla/5.0 (X11; U; Linux i686; en-US; rv:1.9.2.10) Gecko/20100915 Ubuntu/10.04 (lucid) Firefox/3.6.10','2010-10-23 16:13:10'),(0,1,'202.153.225.69','checkups','report_patient_status','POST','http://poliklinik.baukpoltek.net/checkups/report_patient_status','/index.php?url=checkups/report_patient_status','Mozilla/5.0 (X11; U; Linux i686; en-US; rv:1.9.2.10) Gecko/20100915 Ubuntu/10.04 (lucid) Firefox/3.6.10','2010-10-23 16:11:53'),(0,1,'202.153.225.69','checkups','report_patient_status','POST','http://poliklinik.baukpoltek.net/checkups/report_patient_status','/index.php?url=checkups/report_patient_status','Mozilla/5.0 (X11; U; Linux i686; en-US; rv:1.9.2.10) Gecko/20100915 Ubuntu/10.04 (lucid) Firefox/3.6.10','2010-10-23 16:11:44'),(0,1,'202.153.225.69','checkups','report_checkups','POST','http://poliklinik.baukpoltek.net/checkups/report_checkups','/index.php?url=checkups/report_checkups','Mozilla/5.0 (X11; U; Linux i686; en-US; rv:1.9.2.10) Gecko/20100915 Ubuntu/10.04 (lucid) Firefox/3.6.10','2010-10-23 16:11:16'),(0,1,'202.153.225.69','checkups','report_patient_status','GET','http://poliklinik.baukpoltek.net/checkups/report_checkups','/index.php?url=checkups/report_patient_status','Mozilla/5.0 (X11; U; Linux i686; en-US; rv:1.9.2.10) Gecko/20100915 Ubuntu/10.04 (lucid) Firefox/3.6.10','2010-10-23 16:11:36'),(0,1,'202.153.225.69','checkups','report_checkups','GET','http://poliklinik.baukpoltek.net/checkups/','/index.php?url=checkups/report_checkups','Mozilla/5.0 (X11; U; Linux i686; en-US; rv:1.9.2.10) Gecko/20100915 Ubuntu/10.04 (lucid) Firefox/3.6.10','2010-10-23 16:11:09'),(0,1,'202.153.225.69','checkups','report_checktypes','GET','http://poliklinik.baukpoltek.net/checkups/','/index.php?url=checkups/report_checktypes','Mozilla/5.0 (X11; U; Linux i686; en-US; rv:1.9.2.10) Gecko/20100915 Ubuntu/10.04 (lucid) Firefox/3.6.10','2010-10-23 16:10:52'),(0,1,'202.153.225.69','checkups','report_diagnoses','GET','http://poliklinik.baukpoltek.net/checkups/','/index.php?url=checkups/report_diagnoses','Mozilla/5.0 (X11; U; Linux i686; en-US; rv:1.9.2.10) Gecko/20100915 Ubuntu/10.04 (lucid) Firefox/3.6.10','2010-10-23 16:11:02'),(0,1,'202.153.225.69','checkups','report_patients','GET','http://poliklinik.baukpoltek.net/checkups/','/index.php?url=checkups/report_patients','Mozilla/5.0 (X11; U; Linux i686; en-US; rv:1.9.2.10) Gecko/20100915 Ubuntu/10.04 (lucid) Firefox/3.6.10','2010-10-23 16:10:49'),(0,1,'202.153.225.69','checkups','index','GET','','/index.php?url=checkups/','Mozilla/5.0 (X11; U; Linux i686; en-US; rv:1.9.2.10) Gecko/20100915 Ubuntu/10.04 (lucid) Firefox/3.6.10','2010-10-23 16:10:43'),(0,1,'202.153.225.69','checkups','report_patients','GET','http://poliklinik.baukpoltek.net/checkups/report_stock_medicines','/index.php?url=checkups/report_patients','Mozilla/5.0 (X11; U; Linux i686; en-US; rv:1.9.2.10) Gecko/20100915 Ubuntu/10.04 (lucid) Firefox/3.6.10','2010-10-23 16:09:50'),(0,1,'202.153.225.69','checkups','report_patients','GET','http://poliklinik.baukpoltek.net/checkups/report_stock_medicines','/index.php?url=checkups/report_patients','Mozilla/5.0 (X11; U; Linux i686; en-US; rv:1.9.2.10) Gecko/20100915 Ubuntu/10.04 (lucid) Firefox/3.6.10','2010-10-23 16:10:38'),(0,1,'202.153.225.69','checkups','report_patients','GET','http://poliklinik.baukpoltek.net/checkups/report_stock_medicines','/index.php?url=checkups/report_patients','Mozilla/5.0 (X11; U; Linux i686; en-US; rv:1.9.2.10) Gecko/20100915 Ubuntu/10.04 (lucid) Firefox/3.6.10','2010-10-23 16:09:40'),(0,13,'125.161.156.25','checkups','add','POST','http://poliklinik.baukpoltek.net/checkups/add','/index.php?url=checkups/add','Mozilla/5.0 (Windows; U; Windows NT 5.1; id; rv:1.9.2.9) Gecko/20100824 Firefox/3.6.9','2010-10-22 12:55:35'),(0,13,'125.161.156.25','checkups','index','GET','http://poliklinik.baukpoltek.net/checkups/add','/index.php?url=checkups','Mozilla/5.0 (Windows; U; Windows NT 5.1; id; rv:1.9.2.9) Gecko/20100824 Firefox/3.6.9','2010-10-22 12:55:36'),(0,13,'125.161.156.25','users','logout','GET','http://poliklinik.baukpoltek.net/checkups','/index.php?url=users/logout','Mozilla/5.0 (Windows; U; Windows NT 5.1; id; rv:1.9.2.9) Gecko/20100824 Firefox/3.6.9','2010-10-22 12:56:12'),(0,13,'125.161.156.25','checkups','index','GET','http://poliklinik.baukpoltek.net/checkups','/index.php?url=checkups/index/page:7&ajax=1','Mozilla/5.0 (Windows; U; Windows NT 5.1; id; rv:1.9.2.9) Gecko/20100824 Firefox/3.6.9','2010-10-22 12:55:45'),(0,13,'125.161.156.25','checkups','add','GET','http://poliklinik.baukpoltek.net/users/login','/index.php?url=checkups/add','Mozilla/5.0 (Windows; U; Windows NT 5.1; id; rv:1.9.2.9) Gecko/20100824 Firefox/3.6.9','2010-10-22 12:53:08'),(0,13,'125.161.156.25','checkups','patient_detail','GET','http://poliklinik.baukpoltek.net/checkups/add','/index.php?url=checkups/patient_detail/167','Mozilla/5.0 (Windows; U; Windows NT 5.1; id; rv:1.9.2.9) Gecko/20100824 Firefox/3.6.9','2010-10-22 12:53:37'),(0,13,'125.161.156.25','checkups','index','GET','http://poliklinik.baukpoltek.net/checkups','/index.php?url=checkups/index/page:7&ajax=1','Mozilla/5.0 (Windows; U; Windows NT 5.1; id; rv:1.9.2.9) Gecko/20100824 Firefox/3.6.9','2010-10-22 09:20:56'),(0,13,'125.161.156.25','checkups','index','GET','http://poliklinik.baukpoltek.net/checkups/add','/index.php?url=checkups','Mozilla/5.0 (Windows; U; Windows NT 5.1; id; rv:1.9.2.9) Gecko/20100824 Firefox/3.6.9','2010-10-22 09:20:47'),(0,13,'125.161.156.25','checkups','add','POST','http://poliklinik.baukpoltek.net/checkups/add','/index.php?url=checkups/add','Mozilla/5.0 (Windows; U; Windows NT 5.1; id; rv:1.9.2.9) Gecko/20100824 Firefox/3.6.9','2010-10-22 09:20:46'),(0,13,'125.161.156.25','checkups','patient_detail','GET','http://poliklinik.baukpoltek.net/checkups/add','/index.php?url=checkups/patient_detail/157','Mozilla/5.0 (Windows; U; Windows NT 5.1; id; rv:1.9.2.9) Gecko/20100824 Firefox/3.6.9','2010-10-22 09:17:53'),(0,13,'125.161.156.25','checkups','add','POST','http://poliklinik.baukpoltek.net/checkups/add','/index.php?url=checkups/add','Mozilla/5.0 (Windows; U; Windows NT 5.1; id; rv:1.9.2.9) Gecko/20100824 Firefox/3.6.9','2010-10-22 09:17:35'),(0,13,'125.161.156.25','checkups','index','GET','http://poliklinik.baukpoltek.net/checkups/add','/index.php?url=checkups','Mozilla/5.0 (Windows; U; Windows NT 5.1; id; rv:1.9.2.9) Gecko/20100824 Firefox/3.6.9','2010-10-22 09:17:36'),(0,13,'125.161.156.25','checkups','add','GET','http://poliklinik.baukpoltek.net/checkups','/index.php?url=checkups/add','Mozilla/5.0 (Windows; U; Windows NT 5.1; id; rv:1.9.2.9) Gecko/20100824 Firefox/3.6.9','2010-10-22 09:17:39'),(0,13,'125.161.156.25','checkups','add','GET','http://poliklinik.baukpoltek.net/checkups','/index.php?url=checkups/add','Mozilla/5.0 (Windows; U; Windows NT 5.1; id; rv:1.9.2.9) Gecko/20100824 Firefox/3.6.9','2010-10-22 09:15:41'),(0,13,'125.161.156.25','checkups','patient_detail','GET','http://poliklinik.baukpoltek.net/checkups/add','/index.php?url=checkups/patient_detail/168','Mozilla/5.0 (Windows; U; Windows NT 5.1; id; rv:1.9.2.9) Gecko/20100824 Firefox/3.6.9','2010-10-22 09:16:39'),(0,13,'125.161.156.25','checkups','index','GET','http://poliklinik.baukpoltek.net/checkups','/index.php?url=checkups/index/page:7&ajax=1','Mozilla/5.0 (Windows; U; Windows NT 5.1; id; rv:1.9.2.9) Gecko/20100824 Firefox/3.6.9','2010-10-22 09:15:29'),(0,13,'125.161.156.25','pages','display','GET','http://poliklinik.baukpoltek.net/users/login','/','Mozilla/5.0 (Windows; U; Windows NT 5.1; id; rv:1.9.2.9) Gecko/20100824 Firefox/3.6.9','2010-10-22 09:15:15'),(0,13,'125.161.156.25','checkups','index','GET','http://poliklinik.baukpoltek.net/','/index.php?url=checkups','Mozilla/5.0 (Windows; U; Windows NT 5.1; id; rv:1.9.2.9) Gecko/20100824 Firefox/3.6.9','2010-10-22 09:15:18'),(0,13,'125.161.156.25','checkups','index','GET','http://poliklinik.baukpoltek.net/checkups/add','/index.php?url=checkups','Mozilla/5.0 (Windows; U; Windows NT 5.1; id; rv:1.9.2.9) Gecko/20100824 Firefox/3.6.9','2010-10-22 08:49:17'),(0,13,'125.161.156.25','checkups','add','POST','http://poliklinik.baukpoltek.net/checkups/add','/index.php?url=checkups/add','Mozilla/5.0 (Windows; U; Windows NT 5.1; id; rv:1.9.2.9) Gecko/20100824 Firefox/3.6.9','2010-10-22 08:49:16'),(0,13,'125.161.156.25','checkups','add','GET','http://poliklinik.baukpoltek.net/checkups','/index.php?url=checkups/add','Mozilla/5.0 (Windows; U; Windows NT 5.1; id; rv:1.9.2.9) Gecko/20100824 Firefox/3.6.9','2010-10-22 08:44:26'),(0,13,'125.161.156.25','checkups','patient_detail','GET','http://poliklinik.baukpoltek.net/checkups/add','/index.php?url=checkups/patient_detail/208','Mozilla/5.0 (Windows; U; Windows NT 5.1; id; rv:1.9.2.9) Gecko/20100824 Firefox/3.6.9','2010-10-22 08:44:44'),(0,13,'125.161.156.25','patients','index','GET','http://poliklinik.baukpoltek.net/patients/add','/index.php?url=patients','Mozilla/5.0 (Windows; U; Windows NT 5.1; id; rv:1.9.2.9) Gecko/20100824 Firefox/3.6.9','2010-10-22 08:44:17'),(0,13,'125.161.156.25','checkups','index','GET','http://poliklinik.baukpoltek.net/patients','/index.php?url=checkups','Mozilla/5.0 (Windows; U; Windows NT 5.1; id; rv:1.9.2.9) Gecko/20100824 Firefox/3.6.9','2010-10-22 08:44:21'),(0,13,'125.161.156.25','patients','add','POST','http://poliklinik.baukpoltek.net/patients/add','/index.php?url=patients/add','Mozilla/5.0 (Windows; U; Windows NT 5.1; id; rv:1.9.2.9) Gecko/20100824 Firefox/3.6.9','2010-10-22 08:44:17'),(0,13,'125.161.156.25','patients','add','GET','http://poliklinik.baukpoltek.net/patients','/index.php?url=patients/add','Mozilla/5.0 (Windows; U; Windows NT 5.1; id; rv:1.9.2.9) Gecko/20100824 Firefox/3.6.9','2010-10-22 08:43:51'),(0,13,'125.161.156.25','patients','index','GET','http://poliklinik.baukpoltek.net/checkups','/index.php?url=patients','Mozilla/5.0 (Windows; U; Windows NT 5.1; id; rv:1.9.2.9) Gecko/20100824 Firefox/3.6.9','2010-10-22 08:43:47'),(0,13,'125.161.156.25','pages','display','GET','http://poliklinik.baukpoltek.net/users/login','/','Mozilla/5.0 (Windows; U; Windows NT 5.1; id; rv:1.9.2.9) Gecko/20100824 Firefox/3.6.9','2010-10-22 08:43:40'),(0,13,'125.161.156.25','checkups','index','GET','http://poliklinik.baukpoltek.net/','/index.php?url=checkups','Mozilla/5.0 (Windows; U; Windows NT 5.1; id; rv:1.9.2.9) Gecko/20100824 Firefox/3.6.9','2010-10-22 08:43:44'),(0,1,'125.161.154.119','users','logout','GET','http://poliklinik.baukpoltek.net/checkups/report_stock_medicines','/index.php?url=users/logout','Mozilla/5.0 (Windows; U; Windows NT 5.1; en-US; rv:1.9.2.10) Gecko/20100914 Firefox/3.6.10','2010-10-22 08:43:08'),(0,1,'125.161.154.119','checkups','report_stock_medicines','GET','http://poliklinik.baukpoltek.net/checkups/view_zero_stocks','/index.php?url=checkups/report_stock_medicines','Mozilla/5.0 (Windows; U; Windows NT 5.1; en-US; rv:1.9.2.10) Gecko/20100914 Firefox/3.6.10','2010-10-22 08:42:58'),(0,1,'125.161.154.119','checkups','report_stock_medicines','POST','http://poliklinik.baukpoltek.net/checkups/report_stock_medicines','/index.php?url=checkups/report_stock_medicines','Mozilla/5.0 (Windows; U; Windows NT 5.1; en-US; rv:1.9.2.10) Gecko/20100914 Firefox/3.6.10','2010-10-22 08:43:00'),(0,1,'125.161.154.119','checkups','report_stock','GET','http://poliklinik.baukpoltek.net/checkups/view_zero_stocks','/index.php?url=checkups/report_stock','Mozilla/5.0 (Windows; U; Windows NT 5.1; en-US; rv:1.9.2.10) Gecko/20100914 Firefox/3.6.10','2010-10-22 08:42:54'),(0,1,'125.161.154.119','checkups','view_zero_stocks','GET','http://poliklinik.baukpoltek.net/','/index.php?url=checkups/view_zero_stocks','Mozilla/5.0 (Windows; U; Windows NT 5.1; en-US; rv:1.9.2.10) Gecko/20100914 Firefox/3.6.10','2010-10-22 08:41:29'),(0,1,'125.161.154.119','checkups','report_stock','GET','http://poliklinik.baukpoltek.net/checkups/view_zero_stocks','/index.php?url=checkups/report_stock','Mozilla/5.0 (Windows; U; Windows NT 5.1; en-US; rv:1.9.2.10) Gecko/20100914 Firefox/3.6.10','2010-10-22 08:42:11'),(0,1,'125.161.154.119','checkups','report_patients','GET','http://poliklinik.baukpoltek.net/checkups/view_zero_stocks','/index.php?url=checkups/report_patients','Mozilla/5.0 (Windows; U; Windows NT 5.1; en-US; rv:1.9.2.10) Gecko/20100914 Firefox/3.6.10','2010-10-22 08:41:48'),(0,1,'125.161.154.119','pages','display','GET','http://poliklinik.baukpoltek.net/users/login','/','Mozilla/5.0 (Windows; U; Windows NT 5.1; en-US; rv:1.9.2.10) Gecko/20100914 Firefox/3.6.10','2010-10-22 08:41:18'),(0,13,'125.166.90.110','users','logout','GET','http://poliklinik.baukpoltek.net/handlers','/index.php?url=users/logout','Mozilla/4.0 (compatible; MSIE 8.0; Windows NT 5.1; Trident/4.0; InfoPath.2; .NET CLR 2.0.50727; .NET CLR 3.0.4506.2152; .NET CLR 3.5.30729)','2010-10-21 22:15:49'),(0,13,'125.166.90.110','handlers','index','GET','http://poliklinik.baukpoltek.net/','/index.php?url=handlers','Mozilla/4.0 (compatible; MSIE 8.0; Windows NT 5.1; Trident/4.0; InfoPath.2; .NET CLR 2.0.50727; .NET CLR 3.0.4506.2152; .NET CLR 3.5.30729)','2010-10-21 22:15:33'),(0,13,'125.166.90.110','handlers','edit','GET','http://poliklinik.baukpoltek.net/handlers','/index.php?url=handlers/edit/1','Mozilla/4.0 (compatible; MSIE 8.0; Windows NT 5.1; Trident/4.0; InfoPath.2; .NET CLR 2.0.50727; .NET CLR 3.0.4506.2152; .NET CLR 3.5.30729)','2010-10-21 22:15:40'),(0,13,'125.166.90.110','pages','display','GET','http://poliklinik.baukpoltek.net/users/login','/','Mozilla/4.0 (compatible; MSIE 8.0; Windows NT 5.1; Trident/4.0; InfoPath.2; .NET CLR 2.0.50727; .NET CLR 3.0.4506.2152; .NET CLR 3.5.30729)','2010-10-21 22:15:27'),(0,13,'110.138.38.69','checkups','index','GET','http://poliklinik.baukpoltek.net/checkups','/index.php?url=checkups/index/page:6&ajax=1','Mozilla/5.0 (Windows; U; Windows NT 5.1; id; rv:1.9.2.9) Gecko/20100824 Firefox/3.6.9','2010-10-21 14:31:55'),(0,13,'110.138.38.69','checkups','index','GET','http://poliklinik.baukpoltek.net/checkups/add','/index.php?url=checkups','Mozilla/5.0 (Windows; U; Windows NT 5.1; id; rv:1.9.2.9) Gecko/20100824 Firefox/3.6.9','2010-10-21 14:31:43'),(0,13,'110.138.38.69','checkups','index','GET','http://poliklinik.baukpoltek.net/checkups','/index.php?url=checkups/index/page:7&ajax=1','Mozilla/5.0 (Windows; U; Windows NT 5.1; id; rv:1.9.2.9) Gecko/20100824 Firefox/3.6.9','2010-10-21 14:31:49'),(0,13,'110.138.38.69','checkups','add','POST','http://poliklinik.baukpoltek.net/checkups/add','/index.php?url=checkups/add','Mozilla/5.0 (Windows; U; Windows NT 5.1; id; rv:1.9.2.9) Gecko/20100824 Firefox/3.6.9','2010-10-21 14:31:43'),(0,13,'110.138.38.69','checkups','patient_detail','GET','http://poliklinik.baukpoltek.net/checkups/add','/index.php?url=checkups/patient_detail/83','Mozilla/5.0 (Windows; U; Windows NT 5.1; id; rv:1.9.2.9) Gecko/20100824 Firefox/3.6.9','2010-10-21 14:31:03'),(0,13,'110.138.38.69','checkups','index','GET','http://poliklinik.baukpoltek.net/','/index.php?url=checkups','Mozilla/5.0 (Windows; U; Windows NT 5.1; id; rv:1.9.2.9) Gecko/20100824 Firefox/3.6.9','2010-10-21 14:30:31'),(0,13,'110.138.38.69','checkups','add','GET','http://poliklinik.baukpoltek.net/checkups','/index.php?url=checkups/add','Mozilla/5.0 (Windows; U; Windows NT 5.1; id; rv:1.9.2.9) Gecko/20100824 Firefox/3.6.9','2010-10-21 14:30:43'),(0,13,'110.138.38.69','pages','display','GET','http://poliklinik.baukpoltek.net/users/login','/','Mozilla/5.0 (Windows; U; Windows NT 5.1; id; rv:1.9.2.9) Gecko/20100824 Firefox/3.6.9','2010-10-21 14:30:27'),(0,13,'110.138.38.69','checkups','index','GET','http://poliklinik.baukpoltek.net/checkups/add','/index.php?url=checkups','Mozilla/5.0 (Windows; U; Windows NT 5.1; id; rv:1.9.2.9) Gecko/20100824 Firefox/3.6.9','2010-10-21 12:24:12'),(0,13,'110.138.38.69','checkups','add','POST','http://poliklinik.baukpoltek.net/checkups/add','/index.php?url=checkups/add','Mozilla/5.0 (Windows; U; Windows NT 5.1; id; rv:1.9.2.9) Gecko/20100824 Firefox/3.6.9','2010-10-21 12:24:12'),(0,13,'110.138.38.69','checkups','patient_detail','GET','http://poliklinik.baukpoltek.net/checkups/add','/index.php?url=checkups/patient_detail/207','Mozilla/5.0 (Windows; U; Windows NT 5.1; id; rv:1.9.2.9) Gecko/20100824 Firefox/3.6.9','2010-10-21 12:22:05'),(0,13,'110.138.38.69','checkups','add','GET','http://poliklinik.baukpoltek.net/checkups','/index.php?url=checkups/add','Mozilla/5.0 (Windows; U; Windows NT 5.1; id; rv:1.9.2.9) Gecko/20100824 Firefox/3.6.9','2010-10-21 12:21:51'),(0,13,'110.138.38.69','checkups','index','GET','http://poliklinik.baukpoltek.net/checkups/add','/index.php?url=checkups','Mozilla/5.0 (Windows; U; Windows NT 5.1; id; rv:1.9.2.9) Gecko/20100824 Firefox/3.6.9','2010-10-21 12:21:46'),(0,13,'110.138.38.69','checkups','patient_detail','GET','http://poliklinik.baukpoltek.net/checkups/add','/index.php?url=checkups/patient_detail/141','Mozilla/5.0 (Windows; U; Windows NT 5.1; id; rv:1.9.2.9) Gecko/20100824 Firefox/3.6.9','2010-10-21 12:18:41'),(0,13,'110.138.38.69','checkups','add','POST','http://poliklinik.baukpoltek.net/checkups/add','/index.php?url=checkups/add','Mozilla/5.0 (Windows; U; Windows NT 5.1; id; rv:1.9.2.9) Gecko/20100824 Firefox/3.6.9','2010-10-21 12:21:45'),(0,13,'110.138.38.69','checkups','add','GET','http://poliklinik.baukpoltek.net/checkups','/index.php?url=checkups/add','Mozilla/5.0 (Windows; U; Windows NT 5.1; id; rv:1.9.2.9) Gecko/20100824 Firefox/3.6.9','2010-10-21 12:16:46'),(0,13,'110.138.38.69','checkups','index','GET','http://poliklinik.baukpoltek.net/patients','/index.php?url=checkups','Mozilla/5.0 (Windows; U; Windows NT 5.1; id; rv:1.9.2.9) Gecko/20100824 Firefox/3.6.9','2010-10-21 12:16:42'),(0,13,'110.138.38.69','patients','add','POST','http://poliklinik.baukpoltek.net/patients/add','/index.php?url=patients/add','Mozilla/5.0 (Windows; U; Windows NT 5.1; id; rv:1.9.2.9) Gecko/20100824 Firefox/3.6.9','2010-10-21 12:16:37'),(0,13,'110.138.38.69','patients','index','GET','http://poliklinik.baukpoltek.net/patients/add','/index.php?url=patients','Mozilla/5.0 (Windows; U; Windows NT 5.1; id; rv:1.9.2.9) Gecko/20100824 Firefox/3.6.9','2010-10-21 12:16:37'),(0,13,'110.138.38.69','patients','index','GET','http://poliklinik.baukpoltek.net/patient_types','/index.php?url=patients','Mozilla/5.0 (Windows; U; Windows NT 5.1; id; rv:1.9.2.9) Gecko/20100824 Firefox/3.6.9','2010-10-21 12:16:14'),(0,13,'110.138.38.69','patients','add','GET','http://poliklinik.baukpoltek.net/patients','/index.php?url=patients/add','Mozilla/5.0 (Windows; U; Windows NT 5.1; id; rv:1.9.2.9) Gecko/20100824 Firefox/3.6.9','2010-10-21 12:16:19'),(0,13,'110.138.38.69','patient_types','index','GET','http://poliklinik.baukpoltek.net/checkups','/index.php?url=patient_types','Mozilla/5.0 (Windows; U; Windows NT 5.1; id; rv:1.9.2.9) Gecko/20100824 Firefox/3.6.9','2010-10-21 12:16:11'),(0,13,'110.138.38.69','pages','display','GET','http://poliklinik.baukpoltek.net/users/login','/','Mozilla/5.0 (Windows; U; Windows NT 5.1; id; rv:1.9.2.9) Gecko/20100824 Firefox/3.6.9','2010-10-21 12:15:56'),(0,13,'110.138.38.69','checkups','index','GET','http://poliklinik.baukpoltek.net/','/index.php?url=checkups','Mozilla/5.0 (Windows; U; Windows NT 5.1; id; rv:1.9.2.9) Gecko/20100824 Firefox/3.6.9','2010-10-21 12:16:02'),(0,13,'61.94.55.37','pages','display','GET','http://poliklinik.baukpoltek.net/users/login','/','Mozilla/5.0 (Windows; U; Windows NT 5.1; id; rv:1.9.2.9) Gecko/20100824 Firefox/3.6.9','2010-10-21 10:47:38'),(0,13,'61.94.55.37','checkups','index','GET','http://poliklinik.baukpoltek.net/','/index.php?url=checkups','Mozilla/5.0 (Windows; U; Windows NT 5.1; id; rv:1.9.2.9) Gecko/20100824 Firefox/3.6.9','2010-10-21 10:47:49'),(0,1,'180.214.232.1','pages','display','GET','http://poliklinik.baukpoltek.net/users/login','/','Mozilla/5.0 (Windows; U; Windows NT 6.1; id; rv:1.9.2.10) Gecko/20100914 Firefox/3.6.10','2010-10-21 10:47:05'),(0,1,'180.214.232.1','checkups','report_patients','GET','http://poliklinik.baukpoltek.net/','/index.php?url=checkups/report_patients','Mozilla/5.0 (Windows; U; Windows NT 6.1; id; rv:1.9.2.10) Gecko/20100914 Firefox/3.6.10','2010-10-21 10:47:14'),(0,13,'61.94.55.37','checkups','index','GET','http://poliklinik.baukpoltek.net/users/permission_denied','/index.php?url=checkups','Mozilla/5.0 (Windows; U; Windows NT 5.1; id; rv:1.9.2.9) Gecko/20100824 Firefox/3.6.9','2010-10-21 10:46:33'),(0,13,'61.94.55.37','users','permission_denied','GET','http://poliklinik.baukpoltek.net/users/login','/index.php?url=users/permission_denied','Mozilla/5.0 (Windows; U; Windows NT 5.1; id; rv:1.9.2.9) Gecko/20100824 Firefox/3.6.9','2010-10-21 10:46:27'),(0,13,'61.94.55.37','users','logout','GET','http://poliklinik.baukpoltek.net/users/permission_denied','/index.php?url=users/logout','Mozilla/5.0 (Windows; U; Windows NT 5.1; id; rv:1.9.2.9) Gecko/20100824 Firefox/3.6.9','2010-10-21 10:46:06'),(0,13,'61.94.55.37','users','permission_denied','GET','http://poliklinik.baukpoltek.net/users/preferences','/index.php?url=users/permission_denied','Mozilla/5.0 (Windows; U; Windows NT 5.1; id; rv:1.9.2.9) Gecko/20100824 Firefox/3.6.9','2010-10-21 10:45:52'),(0,13,'61.94.55.37','users','preferences','POST','http://poliklinik.baukpoltek.net/users/preferences','/index.php?url=users/preferences/13','Mozilla/5.0 (Windows; U; Windows NT 5.1; id; rv:1.9.2.9) Gecko/20100824 Firefox/3.6.9','2010-10-21 10:45:51'),(0,13,'61.94.55.37','users','index','GET','http://poliklinik.baukpoltek.net/users/preferences','/index.php?url=users','Mozilla/5.0 (Windows; U; Windows NT 5.1; id; rv:1.9.2.9) Gecko/20100824 Firefox/3.6.9','2010-10-21 10:45:52'),(0,13,'61.94.55.37','users','preferences','GET','http://poliklinik.baukpoltek.net/','/index.php?url=users/preferences','Mozilla/5.0 (Windows; U; Windows NT 5.1; id; rv:1.9.2.9) Gecko/20100824 Firefox/3.6.9','2010-10-21 10:44:52'),(0,13,'61.94.55.37','pages','display','GET','http://poliklinik.baukpoltek.net/users/login','/','Mozilla/5.0 (Windows; U; Windows NT 5.1; id; rv:1.9.2.9) Gecko/20100824 Firefox/3.6.9','2010-10-21 10:44:46'),(0,13,'61.94.55.37','checkups','index','GET','http://poliklinik.baukpoltek.net/checkups','/index.php?url=checkups/index/page:6&ajax=1','Mozilla/5.0 (Windows; U; Windows NT 5.1; id; rv:1.9.2.9) Gecko/20100824 Firefox/3.6.9','2010-10-21 10:43:42'),(0,13,'61.94.55.37','checkups','index','GET','http://poliklinik.baukpoltek.net/','/index.php?url=checkups','Mozilla/5.0 (Windows; U; Windows NT 5.1; id; rv:1.9.2.9) Gecko/20100824 Firefox/3.6.9','2010-10-21 10:43:34'),(0,13,'61.94.55.37','pages','display','GET','http://poliklinik.baukpoltek.net/users/login','/','Mozilla/5.0 (Windows; U; Windows NT 5.1; id; rv:1.9.2.9) Gecko/20100824 Firefox/3.6.9','2010-10-21 10:43:23'),(0,14,'110.138.32.88','pages','display','GET','http://poliklinik.baukpoltek.net/users/login','/','Mozilla/5.0 (Windows; U; Windows NT 5.1; en-US; rv:1.9.1.14) Gecko/20101001 Firefox/3.5.14','2010-10-21 10:38:15'),(0,14,'110.138.32.88','checkups','index','GET','http://poliklinik.baukpoltek.net/','/index.php?url=checkups','Mozilla/5.0 (Windows; U; Windows NT 5.1; en-US; rv:1.9.1.14) Gecko/20101001 Firefox/3.5.14','2010-10-21 10:38:26'),(0,14,'110.138.32.88','checkups','index','GET','http://poliklinik.baukpoltek.net/checkups','/index.php?url=checkups/index/page:6&ajax=1','Mozilla/5.0 (Windows; U; Windows NT 5.1; en-US; rv:1.9.1.14) Gecko/20101001 Firefox/3.5.14','2010-10-21 10:39:16'),(0,13,'61.94.55.37','checkups','index','GET','http://poliklinik.baukpoltek.net/checkups/report_patient_status','/index.php?url=checkups','Mozilla/5.0 (Windows; U; Windows NT 5.1; id; rv:1.9.2.9) Gecko/20100824 Firefox/3.6.9','2010-10-20 15:11:29'),(0,13,'61.94.55.37','checkups','report_checkups','POST','http://poliklinik.baukpoltek.net/checkups/report_checkups','/index.php?url=checkups/report_checkups','Mozilla/5.0 (Windows; U; Windows NT 5.1; id; rv:1.9.2.9) Gecko/20100824 Firefox/3.6.9','2010-10-20 15:07:09'),(0,13,'61.94.55.37','checkups','report_checktypes','GET','http://poliklinik.baukpoltek.net/checktypes','/index.php?url=checkups/report_checktypes','Mozilla/5.0 (Windows; U; Windows NT 5.1; id; rv:1.9.2.9) Gecko/20100824 Firefox/3.6.9','2010-10-20 15:05:58'),(0,13,'61.94.55.37','checkups','report_patient_status','GET','http://poliklinik.baukpoltek.net/checktypes','/index.php?url=checkups/report_patient_status','Mozilla/5.0 (Windows; U; Windows NT 5.1; id; rv:1.9.2.9) Gecko/20100824 Firefox/3.6.9','2010-10-20 15:06:12'),(0,13,'61.94.55.37','checkups','report_checkups','GET','http://poliklinik.baukpoltek.net/checkups/report_patient_status','/index.php?url=checkups/report_checkups','Mozilla/5.0 (Windows; U; Windows NT 5.1; id; rv:1.9.2.9) Gecko/20100824 Firefox/3.6.9','2010-10-20 15:06:52'),(0,13,'61.94.55.37','checktypes','index','GET','http://poliklinik.baukpoltek.net/checktypes/add','/index.php?url=checktypes','Mozilla/5.0 (Windows; U; Windows NT 5.1; id; rv:1.9.2.9) Gecko/20100824 Firefox/3.6.9','2010-10-20 15:05:39'),(0,13,'61.94.55.37','checktypes','index','GET','http://poliklinik.baukpoltek.net/checkups','/index.php?url=checktypes','Mozilla/5.0 (Windows; U; Windows NT 5.1; id; rv:1.9.2.9) Gecko/20100824 Firefox/3.6.9','2010-10-20 15:05:31'),(0,13,'61.94.55.37','checktypes','add','GET','http://poliklinik.baukpoltek.net/checktypes','/index.php?url=checktypes/add','Mozilla/5.0 (Windows; U; Windows NT 5.1; id; rv:1.9.2.9) Gecko/20100824 Firefox/3.6.9','2010-10-20 15:05:35'),(0,13,'61.94.55.37','checkups','index','GET','http://poliklinik.baukpoltek.net/checkups','/index.php?url=checkups/index/page:6&ajax=1','Mozilla/5.0 (Windows; U; Windows NT 5.1; id; rv:1.9.2.9) Gecko/20100824 Firefox/3.6.9','2010-10-20 15:01:38'),(0,13,'61.94.55.37','checkups','patient_detail','GET','http://poliklinik.baukpoltek.net/checkups/add','/index.php?url=checkups/patient_detail/206','Mozilla/5.0 (Windows; U; Windows NT 5.1; id; rv:1.9.2.9) Gecko/20100824 Firefox/3.6.9','2010-10-20 14:55:44'),(0,13,'61.94.55.37','checkups','add','POST','http://poliklinik.baukpoltek.net/checkups/add','/index.php?url=checkups/add','Mozilla/5.0 (Windows; U; Windows NT 5.1; id; rv:1.9.2.9) Gecko/20100824 Firefox/3.6.9','2010-10-20 14:58:16'),(0,13,'61.94.55.37','checkups','index','GET','http://poliklinik.baukpoltek.net/checkups/add','/index.php?url=checkups','Mozilla/5.0 (Windows; U; Windows NT 5.1; id; rv:1.9.2.9) Gecko/20100824 Firefox/3.6.9','2010-10-20 14:58:17'),(0,13,'61.94.55.37','checkups','index','GET','http://poliklinik.baukpoltek.net/patients','/index.php?url=checkups','Mozilla/5.0 (Windows; U; Windows NT 5.1; id; rv:1.9.2.9) Gecko/20100824 Firefox/3.6.9','2010-10-20 14:54:19'),(0,13,'61.94.55.37','checkups','add','GET','http://poliklinik.baukpoltek.net/checkups','/index.php?url=checkups/add','Mozilla/5.0 (Windows; U; Windows NT 5.1; id; rv:1.9.2.9) Gecko/20100824 Firefox/3.6.9','2010-10-20 14:54:23'),(0,13,'61.94.55.37','patients','index','GET','http://poliklinik.baukpoltek.net/patients/add','/index.php?url=patients','Mozilla/5.0 (Windows; U; Windows NT 5.1; id; rv:1.9.2.9) Gecko/20100824 Firefox/3.6.9','2010-10-20 14:54:10'),(0,13,'61.94.55.37','patients','index','GET','http://poliklinik.baukpoltek.net/checkups','/index.php?url=patients','Mozilla/5.0 (Windows; U; Windows NT 5.1; id; rv:1.9.2.9) Gecko/20100824 Firefox/3.6.9','2010-10-20 14:53:44'),(0,13,'61.94.55.37','checkups','add','GET','http://poliklinik.baukpoltek.net/checkups','/index.php?url=checkups/add','Mozilla/5.0 (Windows; U; Windows NT 5.1; id; rv:1.9.2.9) Gecko/20100824 Firefox/3.6.9','2010-10-20 14:53:19'),(0,13,'61.94.55.37','patients','add','POST','http://poliklinik.baukpoltek.net/patients/add','/index.php?url=patients/add','Mozilla/5.0 (Windows; U; Windows NT 5.1; id; rv:1.9.2.9) Gecko/20100824 Firefox/3.6.9','2010-10-20 14:54:09'),(0,13,'61.94.55.37','patients','add','GET','http://poliklinik.baukpoltek.net/patients','/index.php?url=patients/add','Mozilla/5.0 (Windows; U; Windows NT 5.1; id; rv:1.9.2.9) Gecko/20100824 Firefox/3.6.9','2010-10-20 14:53:47'),(0,13,'61.94.55.37','checkups','index','GET','http://poliklinik.baukpoltek.net/checkups/add','/index.php?url=checkups','Mozilla/5.0 (Windows; U; Windows NT 5.1; id; rv:1.9.2.9) Gecko/20100824 Firefox/3.6.9','2010-10-20 14:53:32'),(0,13,'61.94.55.37','checkups','index','GET','http://poliklinik.baukpoltek.net/','/index.php?url=checkups','Mozilla/5.0 (Windows; U; Windows NT 5.1; id; rv:1.9.2.9) Gecko/20100824 Firefox/3.6.9','2010-10-20 14:53:05'),(0,13,'61.94.55.37','users','login','POST','http://poliklinik.baukpoltek.net/users/login','/index.php?url=users/login','Mozilla/5.0 (Windows; U; Windows NT 5.1; id; rv:1.9.2.9) Gecko/20100824 Firefox/3.6.9','2010-10-20 14:52:34'),(0,13,'61.94.55.37','pages','display','GET','http://poliklinik.baukpoltek.net/users/login','/','Mozilla/5.0 (Windows; U; Windows NT 5.1; id; rv:1.9.2.9) Gecko/20100824 Firefox/3.6.9','2010-10-20 14:52:35'),(0,13,'61.94.55.37','checkups','add','GET','http://poliklinik.baukpoltek.net/users/login','/index.php?url=checkups/add','Mozilla/5.0 (Windows; U; Windows NT 5.1; id; rv:1.9.2.9) Gecko/20100824 Firefox/3.6.9','2010-10-20 14:52:31'),(0,13,'125.161.154.216','checkups','index','GET','http://poliklinik.baukpoltek.net/checkups','/index.php?url=checkups/index/page:6&ajax=1','Mozilla/5.0 (Windows; U; Windows NT 5.1; id; rv:1.9.2.9) Gecko/20100824 Firefox/3.6.9','2010-10-20 13:12:40'),(0,13,'125.161.154.216','checkups','add','POST','http://poliklinik.baukpoltek.net/checkups/add','/index.php?url=checkups/add','Mozilla/5.0 (Windows; U; Windows NT 5.1; id; rv:1.9.2.9) Gecko/20100824 Firefox/3.6.9','2010-10-20 13:12:31'),(0,13,'125.161.154.216','checkups','index','GET','http://poliklinik.baukpoltek.net/checkups/add','/index.php?url=checkups','Mozilla/5.0 (Windows; U; Windows NT 5.1; id; rv:1.9.2.9) Gecko/20100824 Firefox/3.6.9','2010-10-20 13:12:32'),(0,13,'125.161.154.216','checkups','patient_detail','GET','http://poliklinik.baukpoltek.net/checkups/add','/index.php?url=checkups/patient_detail/167','Mozilla/5.0 (Windows; U; Windows NT 5.1; id; rv:1.9.2.9) Gecko/20100824 Firefox/3.6.9','2010-10-20 13:11:07'),(0,13,'125.161.154.216','checkups','add','GET','http://poliklinik.baukpoltek.net/checkups','/index.php?url=checkups/add','Mozilla/5.0 (Windows; U; Windows NT 5.1; id; rv:1.9.2.9) Gecko/20100824 Firefox/3.6.9','2010-10-20 13:10:24'),(0,13,'125.161.154.216','checkups','index','GET','http://poliklinik.baukpoltek.net/','/index.php?url=checkups','Mozilla/5.0 (Windows; U; Windows NT 5.1; id; rv:1.9.2.9) Gecko/20100824 Firefox/3.6.9','2010-10-20 13:10:20'),(0,13,'125.161.154.216','pages','display','GET','http://poliklinik.baukpoltek.net/users/login','/','Mozilla/5.0 (Windows; U; Windows NT 5.1; id; rv:1.9.2.9) Gecko/20100824 Firefox/3.6.9','2010-10-20 13:10:16'),(0,13,'125.161.154.216','checkups','add','POST','http://poliklinik.baukpoltek.net/checkups/add','/index.php?url=checkups/add','Mozilla/5.0 (Windows; U; Windows NT 5.1; id; rv:1.9.2.9) Gecko/20100824 Firefox/3.6.9','2010-10-20 10:32:42'),(0,13,'125.161.154.216','checkups','index','GET','http://poliklinik.baukpoltek.net/checkups/add','/index.php?url=checkups','Mozilla/5.0 (Windows; U; Windows NT 5.1; id; rv:1.9.2.9) Gecko/20100824 Firefox/3.6.9','2010-10-20 10:32:43'),(0,13,'125.161.154.216','checkups','index','GET','http://poliklinik.baukpoltek.net/checkups','/index.php?url=checkups/index/page:6&ajax=1','Mozilla/5.0 (Windows; U; Windows NT 5.1; id; rv:1.9.2.9) Gecko/20100824 Firefox/3.6.9','2010-10-20 10:32:52'),(0,13,'125.161.154.216','checkups','patient_detail','GET','http://poliklinik.baukpoltek.net/checkups/add','/index.php?url=checkups/patient_detail/205','Mozilla/5.0 (Windows; U; Windows NT 5.1; id; rv:1.9.2.9) Gecko/20100824 Firefox/3.6.9','2010-10-20 10:30:54'),(0,13,'125.161.154.216','checkups','add','GET','http://poliklinik.baukpoltek.net/checkups','/index.php?url=checkups/add','Mozilla/5.0 (Windows; U; Windows NT 5.1; id; rv:1.9.2.9) Gecko/20100824 Firefox/3.6.9','2010-10-20 10:30:41'),(0,13,'125.161.154.216','checkups','index','GET','http://poliklinik.baukpoltek.net/patients','/index.php?url=checkups','Mozilla/5.0 (Windows; U; Windows NT 5.1; id; rv:1.9.2.9) Gecko/20100824 Firefox/3.6.9','2010-10-20 10:30:38'),(0,13,'125.161.154.216','patients','index','GET','http://poliklinik.baukpoltek.net/patients/add','/index.php?url=patients','Mozilla/5.0 (Windows; U; Windows NT 5.1; id; rv:1.9.2.9) Gecko/20100824 Firefox/3.6.9','2010-10-20 10:30:33'),(0,13,'125.161.154.216','patients','add','POST','http://poliklinik.baukpoltek.net/patients/add','/index.php?url=patients/add','Mozilla/5.0 (Windows; U; Windows NT 5.1; id; rv:1.9.2.9) Gecko/20100824 Firefox/3.6.9','2010-10-20 10:30:33'),(0,13,'125.161.154.216','patient_types','index','GET','http://poliklinik.baukpoltek.net/checkups','/index.php?url=patient_types','Mozilla/5.0 (Windows; U; Windows NT 5.1; id; rv:1.9.2.9) Gecko/20100824 Firefox/3.6.9','2010-10-20 10:29:59'),(0,13,'125.161.154.216','patients','index','GET','http://poliklinik.baukpoltek.net/patient_types','/index.php?url=patients','Mozilla/5.0 (Windows; U; Windows NT 5.1; id; rv:1.9.2.9) Gecko/20100824 Firefox/3.6.9','2010-10-20 10:30:02'),(0,13,'125.161.154.216','patients','add','GET','http://poliklinik.baukpoltek.net/patients','/index.php?url=patients/add','Mozilla/5.0 (Windows; U; Windows NT 5.1; id; rv:1.9.2.9) Gecko/20100824 Firefox/3.6.9','2010-10-20 10:30:05'),(0,13,'125.161.154.216','checkups','index','GET','http://poliklinik.baukpoltek.net/checkups','/index.php?url=checkups/index/page:6&ajax=1','Mozilla/5.0 (Windows; U; Windows NT 5.1; id; rv:1.9.2.9) Gecko/20100824 Firefox/3.6.9','2010-10-20 10:01:57'),(0,13,'125.161.154.216','checkups','index','GET','http://poliklinik.baukpoltek.net/checkups/add','/index.php?url=checkups','Mozilla/5.0 (Windows; U; Windows NT 5.1; id; rv:1.9.2.9) Gecko/20100824 Firefox/3.6.9','2010-10-20 10:01:30'),(0,13,'125.161.154.216','checkups','patient_detail','GET','http://poliklinik.baukpoltek.net/checkups/add','/index.php?url=checkups/patient_detail/152','Mozilla/5.0 (Windows; U; Windows NT 5.1; id; rv:1.9.2.9) Gecko/20100824 Firefox/3.6.9','2010-10-20 10:00:11'),(0,13,'125.161.154.216','checkups','add','POST','http://poliklinik.baukpoltek.net/checkups/add','/index.php?url=checkups/add','Mozilla/5.0 (Windows; U; Windows NT 5.1; id; rv:1.9.2.9) Gecko/20100824 Firefox/3.6.9','2010-10-20 10:01:29'),(0,13,'125.161.154.216','checkups','add','GET','http://poliklinik.baukpoltek.net/checkups','/index.php?url=checkups/add','Mozilla/5.0 (Windows; U; Windows NT 5.1; id; rv:1.9.2.9) Gecko/20100824 Firefox/3.6.9','2010-10-20 09:59:58'),(0,13,'125.161.154.216','checkups','index','GET','http://poliklinik.baukpoltek.net/','/index.php?url=checkups','Mozilla/5.0 (Windows; U; Windows NT 5.1; id; rv:1.9.2.9) Gecko/20100824 Firefox/3.6.9','2010-10-20 09:59:55'),(0,13,'125.161.154.216','checkups','index','GET','http://poliklinik.baukpoltek.net/checkups/add','/index.php?url=checkups','Mozilla/5.0 (Windows; U; Windows NT 5.1; id; rv:1.9.2.9) Gecko/20100824 Firefox/3.6.9','2010-10-20 09:29:44'),(0,13,'125.161.154.216','checkups','index','GET','http://poliklinik.baukpoltek.net/checkups','/index.php?url=checkups/index/page:6&ajax=1','Mozilla/5.0 (Windows; U; Windows NT 5.1; id; rv:1.9.2.9) Gecko/20100824 Firefox/3.6.9','2010-10-20 09:30:30'),(0,13,'125.161.154.216','pages','display','GET','http://poliklinik.baukpoltek.net/users/login','/','Mozilla/5.0 (Windows; U; Windows NT 5.1; id; rv:1.9.2.9) Gecko/20100824 Firefox/3.6.9','2010-10-20 09:59:51'),(0,13,'125.161.154.216','checkups','patient_detail','GET','http://poliklinik.baukpoltek.net/checkups/add','/index.php?url=checkups/patient_detail/151','Mozilla/5.0 (Windows; U; Windows NT 5.1; id; rv:1.9.2.9) Gecko/20100824 Firefox/3.6.9','2010-10-20 09:27:53'),(0,13,'125.161.154.216','checkups','add','POST','http://poliklinik.baukpoltek.net/checkups/add','/index.php?url=checkups/add','Mozilla/5.0 (Windows; U; Windows NT 5.1; id; rv:1.9.2.9) Gecko/20100824 Firefox/3.6.9','2010-10-20 09:29:43'),(0,13,'125.161.154.216','checkups','add','GET','http://poliklinik.baukpoltek.net/checkups','/index.php?url=checkups/add','Mozilla/5.0 (Windows; U; Windows NT 5.1; id; rv:1.9.2.9) Gecko/20100824 Firefox/3.6.9','2010-10-20 09:27:32'),(0,13,'125.161.154.216','checkups','index','GET','http://poliklinik.baukpoltek.net/checkups/add','/index.php?url=checkups','Mozilla/5.0 (Windows; U; Windows NT 5.1; id; rv:1.9.2.9) Gecko/20100824 Firefox/3.6.9','2010-10-20 09:27:28'),(0,13,'125.161.154.216','checkups','index','GET','http://poliklinik.baukpoltek.net/checkups/add','/index.php?url=checkups','Mozilla/5.0 (Windows; U; Windows NT 5.1; id; rv:1.9.2.9) Gecko/20100824 Firefox/3.6.9','2010-10-20 09:26:17'),(0,13,'125.161.154.216','checkups','add','GET','http://poliklinik.baukpoltek.net/checkups','/index.php?url=checkups/add','Mozilla/5.0 (Windows; U; Windows NT 5.1; id; rv:1.9.2.9) Gecko/20100824 Firefox/3.6.9','2010-10-20 09:26:22'),(0,13,'125.161.154.216','checkups','patient_detail','GET','http://poliklinik.baukpoltek.net/checkups/add','/index.php?url=checkups/patient_detail/81','Mozilla/5.0 (Windows; U; Windows NT 5.1; id; rv:1.9.2.9) Gecko/20100824 Firefox/3.6.9','2010-10-20 09:26:43'),(0,13,'125.161.154.216','checkups','add','POST','http://poliklinik.baukpoltek.net/checkups/add','/index.php?url=checkups/add','Mozilla/5.0 (Windows; U; Windows NT 5.1; id; rv:1.9.2.9) Gecko/20100824 Firefox/3.6.9','2010-10-20 09:27:28'),(0,13,'125.161.154.216','checkups','add','POST','http://poliklinik.baukpoltek.net/checkups/add','/index.php?url=checkups/add','Mozilla/5.0 (Windows; U; Windows NT 5.1; id; rv:1.9.2.9) Gecko/20100824 Firefox/3.6.9','2010-10-20 09:26:17'),(0,13,'125.161.154.216','checkups','patient_detail','GET','http://poliklinik.baukpoltek.net/checkups/add','/index.php?url=checkups/patient_detail/40','Mozilla/5.0 (Windows; U; Windows NT 5.1; id; rv:1.9.2.9) Gecko/20100824 Firefox/3.6.9','2010-10-20 09:25:03'),(0,13,'125.161.154.216','checkups','add','GET','http://poliklinik.baukpoltek.net/checkups','/index.php?url=checkups/add','Mozilla/5.0 (Windows; U; Windows NT 5.1; id; rv:1.9.2.9) Gecko/20100824 Firefox/3.6.9','2010-10-20 09:23:27'),(0,13,'125.161.154.216','checkups','index','GET','http://poliklinik.baukpoltek.net/','/index.php?url=checkups','Mozilla/5.0 (Windows; U; Windows NT 5.1; id; rv:1.9.2.9) Gecko/20100824 Firefox/3.6.9','2010-10-20 09:23:22'),(0,1,'110.138.32.88','checkups','report_stock_medicines','POST','http://poliklinik.baukpoltek.net/checkups/report_stock_medicines','/index.php?url=checkups/report_stock_medicines','Mozilla/5.0 (Windows; U; Windows NT 5.1; en-US; rv:1.9.2.10) Gecko/20100914 Firefox/3.6.10','2010-10-20 08:18:23'),(0,1,'110.138.32.88','checkups','report_stock_medicines','POST','http://poliklinik.baukpoltek.net/checkups/report_stock_medicines','/index.php?url=checkups/report_stock_medicines','Mozilla/5.0 (Windows; U; Windows NT 5.1; en-US; rv:1.9.2.10) Gecko/20100914 Firefox/3.6.10','2010-10-20 08:18:30'),(0,13,'125.161.154.216','pages','display','GET','http://poliklinik.baukpoltek.net/users/login','/','Mozilla/5.0 (Windows; U; Windows NT 5.1; id; rv:1.9.2.9) Gecko/20100824 Firefox/3.6.9','2010-10-20 09:23:17'),(0,1,'110.138.32.88','users','logout','GET','http://poliklinik.baukpoltek.net/checkups/report_stock_medicines','/index.php?url=users/logout','Mozilla/5.0 (Windows; U; Windows NT 5.1; en-US; rv:1.9.2.10) Gecko/20100914 Firefox/3.6.10','2010-10-20 08:18:53'),(0,1,'110.138.32.88','checkups','report_stock_medicines','GET','http://poliklinik.baukpoltek.net/checkups/view_zero_stocks','/index.php?url=checkups/report_stock_medicines','Mozilla/5.0 (Windows; U; Windows NT 5.1; en-US; rv:1.9.2.10) Gecko/20100914 Firefox/3.6.10','2010-10-20 08:18:20'),(0,1,'110.138.32.88','checkups','view_zero_stocks','GET','http://poliklinik.baukpoltek.net/medicines','/index.php?url=checkups/view_zero_stocks','Mozilla/5.0 (Windows; U; Windows NT 5.1; en-US; rv:1.9.2.10) Gecko/20100914 Firefox/3.6.10','2010-10-20 08:17:59'),(0,1,'110.138.32.88','checkups','report_stock','GET','http://poliklinik.baukpoltek.net/medicines','/index.php?url=checkups/report_stock','Mozilla/5.0 (Windows; U; Windows NT 5.1; en-US; rv:1.9.2.10) Gecko/20100914 Firefox/3.6.10','2010-10-20 08:17:32'),(0,1,'110.138.32.88','medicines','index','GET','http://poliklinik.baukpoltek.net/medicines','/index.php?url=medicines/index/page:3&ajax=1','Mozilla/5.0 (Windows; U; Windows NT 5.1; en-US; rv:1.9.2.10) Gecko/20100914 Firefox/3.6.10','2010-10-20 08:17:15'),(0,1,'110.138.32.88','medicines','delete_rows','POST','http://poliklinik.baukpoltek.net/medicines','/index.php?url=medicines/delete_rows','Mozilla/5.0 (Windows; U; Windows NT 5.1; en-US; rv:1.9.2.10) Gecko/20100914 Firefox/3.6.10','2010-10-20 08:17:29'),(0,1,'110.138.32.88','medicines','index','GET','http://poliklinik.baukpoltek.net/medicines','/index.php?url=medicines/index/page:2&ajax=1','Mozilla/5.0 (Windows; U; Windows NT 5.1; en-US; rv:1.9.2.10) Gecko/20100914 Firefox/3.6.10','2010-10-20 08:17:10'),(0,1,'110.138.32.88','checkups','report_stock','GET','http://poliklinik.baukpoltek.net/checkups/report_stock_medicines','/index.php?url=checkups/report_stock','Mozilla/5.0 (Windows; U; Windows NT 5.1; en-US; rv:1.9.2.10) Gecko/20100914 Firefox/3.6.10','2010-10-20 08:15:57'),(0,1,'110.138.32.88','medicines','index','GET','http://poliklinik.baukpoltek.net/checkups/report_stock_medicines','/index.php?url=medicines','Mozilla/5.0 (Windows; U; Windows NT 5.1; en-US; rv:1.9.2.10) Gecko/20100914 Firefox/3.6.10','2010-10-20 08:17:02'),(0,1,'110.138.32.88','checkups','report_stock_medicines','GET','http://poliklinik.baukpoltek.net/medicine_ins','/index.php?url=checkups/report_stock_medicines','Mozilla/5.0 (Windows; U; Windows NT 5.1; en-US; rv:1.9.2.10) Gecko/20100914 Firefox/3.6.10','2010-10-20 08:14:29'),(0,1,'110.138.32.88','medicine_ins','delete_rows','POST','http://poliklinik.baukpoltek.net/medicine_ins','/index.php?url=medicine_ins/delete_rows','Mozilla/5.0 (Windows; U; Windows NT 5.1; en-US; rv:1.9.2.10) Gecko/20100914 Firefox/3.6.10','2010-10-20 08:07:03'),(0,1,'110.138.32.88','checkups','report_stock','GET','http://poliklinik.baukpoltek.net/medicine_ins','/index.php?url=checkups/report_stock','Mozilla/5.0 (Windows; U; Windows NT 5.1; en-US; rv:1.9.2.10) Gecko/20100914 Firefox/3.6.10','2010-10-20 08:13:51'),(0,1,'110.138.32.88','checkups','report_stock','GET','http://poliklinik.baukpoltek.net/medicine_ins','/index.php?url=checkups/report_stock','Mozilla/5.0 (Windows; U; Windows NT 5.1; en-US; rv:1.9.2.10) Gecko/20100914 Firefox/3.6.10','2010-10-20 08:14:23'),(0,1,'110.138.32.88','medicine_ins','index','GET','http://poliklinik.baukpoltek.net/medicine_ins','/index.php?url=medicine_ins/index/page:4&ajax=1','Mozilla/5.0 (Windows; U; Windows NT 5.1; en-US; rv:1.9.2.10) Gecko/20100914 Firefox/3.6.10','2010-10-20 08:06:28'),(0,1,'110.138.32.88','medicine_ins','index','GET','http://poliklinik.baukpoltek.net/medicine_ins','/index.php?url=medicine_ins/index/page:3&ajax=1','Mozilla/5.0 (Windows; U; Windows NT 5.1; en-US; rv:1.9.2.10) Gecko/20100914 Firefox/3.6.10','2010-10-20 08:05:56'),(0,1,'110.138.32.88','medicine_ins','index','GET','http://poliklinik.baukpoltek.net/medicine_ins','/index.php?url=medicine_ins/index/page:4&ajax=1','Mozilla/5.0 (Windows; U; Windows NT 5.1; en-US; rv:1.9.2.10) Gecko/20100914 Firefox/3.6.10','2010-10-20 08:06:04'),(0,1,'110.138.32.88','medicine_ins','index','GET','http://poliklinik.baukpoltek.net/medicine_ins','/index.php?url=medicine_ins/index/page:5&ajax=1','Mozilla/5.0 (Windows; U; Windows NT 5.1; en-US; rv:1.9.2.10) Gecko/20100914 Firefox/3.6.10','2010-10-20 08:06:24'),(0,1,'110.138.32.88','medicine_ins','index','GET','http://poliklinik.baukpoltek.net/medicine_ins','/index.php?url=medicine_ins/index/page:2&ajax=1','Mozilla/5.0 (Windows; U; Windows NT 5.1; en-US; rv:1.9.2.10) Gecko/20100914 Firefox/3.6.10','2010-10-20 08:05:46'),(0,1,'110.138.32.88','medicine_ins','index','GET','http://poliklinik.baukpoltek.net/medicine_ins','/index.php?url=medicine_ins/index/page:1&ajax=1','Mozilla/5.0 (Windows; U; Windows NT 5.1; en-US; rv:1.9.2.10) Gecko/20100914 Firefox/3.6.10','2010-10-20 08:05:03'),(0,1,'110.138.32.88','checkups','report_stock','GET','http://poliklinik.baukpoltek.net/medicine_ins','/index.php?url=checkups/report_stock','Mozilla/5.0 (Windows; U; Windows NT 5.1; en-US; rv:1.9.2.10) Gecko/20100914 Firefox/3.6.10','2010-10-20 08:05:11'),(0,1,'110.138.32.88','medicine_ins','delete_rows','POST','http://poliklinik.baukpoltek.net/medicine_ins','/index.php?url=medicine_ins/delete_rows','Mozilla/5.0 (Windows; U; Windows NT 5.1; en-US; rv:1.9.2.10) Gecko/20100914 Firefox/3.6.10','2010-10-20 08:05:00'),(0,1,'110.138.32.88','medicine_ins','delete_rows','POST','http://poliklinik.baukpoltek.net/medicine_ins','/index.php?url=medicine_ins/delete_rows','Mozilla/5.0 (Windows; U; Windows NT 5.1; en-US; rv:1.9.2.10) Gecko/20100914 Firefox/3.6.10','2010-10-20 08:03:42'),(0,1,'110.138.32.88','medicine_ins','index','GET','http://poliklinik.baukpoltek.net/medicine_ins','/index.php?url=medicine_ins/index/page:6&ajax=1','Mozilla/5.0 (Windows; U; Windows NT 5.1; en-US; rv:1.9.2.10) Gecko/20100914 Firefox/3.6.10','2010-10-20 08:03:49'),(0,1,'110.138.32.88','medicine_ins','delete_rows','POST','http://poliklinik.baukpoltek.net/medicine_ins','/index.php?url=medicine_ins/delete_rows','Mozilla/5.0 (Windows; U; Windows NT 5.1; en-US; rv:1.9.2.10) Gecko/20100914 Firefox/3.6.10','2010-10-20 08:03:42'),(0,1,'110.138.32.88','medicine_ins','delete_rows','POST','http://poliklinik.baukpoltek.net/medicine_ins','/index.php?url=medicine_ins/delete_rows','Mozilla/5.0 (Windows; U; Windows NT 5.1; en-US; rv:1.9.2.10) Gecko/20100914 Firefox/3.6.10','2010-10-20 08:03:42'),(0,1,'110.138.32.88','medicine_ins','index','GET','http://poliklinik.baukpoltek.net/medicine_ins','/index.php?url=medicine_ins/index/page:5&ajax=1','Mozilla/5.0 (Windows; U; Windows NT 5.1; en-US; rv:1.9.2.10) Gecko/20100914 Firefox/3.6.10','2010-10-20 08:00:52'),(0,1,'110.138.32.88','medicine_ins','index','GET','http://poliklinik.baukpoltek.net/medicine_ins','/index.php?url=medicine_ins/index/page:5&ajax=1','Mozilla/5.0 (Windows; U; Windows NT 5.1; en-US; rv:1.9.2.10) Gecko/20100914 Firefox/3.6.10','2010-10-20 08:00:08'),(0,1,'110.138.32.88','medicine_ins','index','GET','http://poliklinik.baukpoltek.net/medicine_ins','/index.php?url=medicine_ins/index/page:6&ajax=1','Mozilla/5.0 (Windows; U; Windows NT 5.1; en-US; rv:1.9.2.10) Gecko/20100914 Firefox/3.6.10','2010-10-20 08:00:17'),(0,1,'110.138.32.88','medicine_ins','index','GET','http://poliklinik.baukpoltek.net/medicine_ins','/index.php?url=medicine_ins/index/page:4&ajax=1','Mozilla/5.0 (Windows; U; Windows NT 5.1; en-US; rv:1.9.2.10) Gecko/20100914 Firefox/3.6.10','2010-10-20 08:00:44'),(0,1,'110.138.32.88','medicine_ins','index','GET','http://poliklinik.baukpoltek.net/medicine_ins','/index.php?url=medicine_ins/index/page:4&ajax=1','Mozilla/5.0 (Windows; U; Windows NT 5.1; en-US; rv:1.9.2.10) Gecko/20100914 Firefox/3.6.10','2010-10-20 08:00:02'),(0,1,'110.138.32.88','medicine_ins','index','GET','http://poliklinik.baukpoltek.net/medicine_ins','/index.php?url=medicine_ins/index/page:2&ajax=1','Mozilla/5.0 (Windows; U; Windows NT 5.1; en-US; rv:1.9.2.10) Gecko/20100914 Firefox/3.6.10','2010-10-20 07:59:43'),(0,1,'110.138.32.88','medicine_ins','index','GET','http://poliklinik.baukpoltek.net/medicine_ins','/index.php?url=medicine_ins/index/page:3&ajax=1','Mozilla/5.0 (Windows; U; Windows NT 5.1; en-US; rv:1.9.2.10) Gecko/20100914 Firefox/3.6.10','2010-10-20 07:59:57'),(0,1,'110.138.32.88','medicine_ins','index','GET','http://poliklinik.baukpoltek.net/medicine_ins','/index.php?url=medicine_ins/index/page:1&ajax=1','Mozilla/5.0 (Windows; U; Windows NT 5.1; en-US; rv:1.9.2.10) Gecko/20100914 Firefox/3.6.10','2010-10-20 07:59:39'),(0,1,'110.138.32.88','medicine_ins','delete_rows','POST','http://poliklinik.baukpoltek.net/medicine_ins','/index.php?url=medicine_ins/delete_rows','Mozilla/5.0 (Windows; U; Windows NT 5.1; en-US; rv:1.9.2.10) Gecko/20100914 Firefox/3.6.10','2010-10-20 07:59:30'),(0,1,'110.138.32.88','medicine_ins','index','GET','http://poliklinik.baukpoltek.net/medicine_ins','/index.php?url=medicine_ins/index/page:6&ajax=1','Mozilla/5.0 (Windows; U; Windows NT 5.1; en-US; rv:1.9.2.10) Gecko/20100914 Firefox/3.6.10','2010-10-20 07:59:07'),(0,1,'110.138.32.88','checkups','report_stock','GET','http://poliklinik.baukpoltek.net/medicine_ins','/index.php?url=checkups/report_stock','Mozilla/5.0 (Windows; U; Windows NT 5.1; en-US; rv:1.9.2.10) Gecko/20100914 Firefox/3.6.10','2010-10-20 07:55:09'),(0,1,'110.138.32.88','medicine_ins','delete_rows','POST','http://poliklinik.baukpoltek.net/medicine_ins','/index.php?url=medicine_ins/delete_rows','Mozilla/5.0 (Windows; U; Windows NT 5.1; en-US; rv:1.9.2.10) Gecko/20100914 Firefox/3.6.10','2010-10-20 07:55:02'),(0,1,'110.138.32.88','medicine_ins','index','GET','http://poliklinik.baukpoltek.net/medicine_ins','/index.php?url=medicine_ins/index/page:5&ajax=1','Mozilla/5.0 (Windows; U; Windows NT 5.1; en-US; rv:1.9.2.10) Gecko/20100914 Firefox/3.6.10','2010-10-20 07:51:58'),(0,1,'110.138.32.88','medicine_ins','index','GET','http://poliklinik.baukpoltek.net/medicine_ins','/index.php?url=medicine_ins/index/page:4&ajax=1','Mozilla/5.0 (Windows; U; Windows NT 5.1; en-US; rv:1.9.2.10) Gecko/20100914 Firefox/3.6.10','2010-10-20 07:51:46'),(0,1,'110.138.32.88','medicine_ins','index','GET','http://poliklinik.baukpoltek.net/medicine_ins','/index.php?url=medicine_ins/index/page:3&ajax=1','Mozilla/5.0 (Windows; U; Windows NT 5.1; en-US; rv:1.9.2.10) Gecko/20100914 Firefox/3.6.10','2010-10-20 07:51:52'),(0,1,'110.138.32.88','medicine_ins','index','GET','http://poliklinik.baukpoltek.net/','/index.php?url=medicine_ins','Mozilla/5.0 (Windows; U; Windows NT 5.1; en-US; rv:1.9.2.10) Gecko/20100914 Firefox/3.6.10','2010-10-20 07:51:42'),(0,1,'110.138.32.88','pages','display','GET','http://poliklinik.baukpoltek.net/users/login','/','Mozilla/5.0 (Windows; U; Windows NT 5.1; en-US; rv:1.9.2.10) Gecko/20100914 Firefox/3.6.10','2010-10-20 07:49:05'),(0,1,'110.138.32.88','checkups','report_stock','GET','http://poliklinik.baukpoltek.net/','/index.php?url=checkups/report_stock','Mozilla/5.0 (Windows; U; Windows NT 5.1; en-US; rv:1.9.2.10) Gecko/20100914 Firefox/3.6.10','2010-10-20 07:49:17'),(0,1,'110.138.32.88','checkups','report_stock','GET','http://poliklinik.baukpoltek.net/checkups/view_zero_stocks','/index.php?url=checkups/report_stock','Mozilla/5.0 (Windows; U; Windows NT 5.1; en-US; rv:1.9.2.10) Gecko/20100914 Firefox/3.6.10','2010-10-19 15:08:24'),(0,1,'110.138.32.88','pages','display','GET','http://poliklinik.baukpoltek.net/users/login','/','Mozilla/5.0 (Windows; U; Windows NT 5.1; en-US; rv:1.9.2.10) Gecko/20100914 Firefox/3.6.10','2010-10-19 15:08:15'),(0,1,'110.138.32.88','checkups','view_zero_stocks','GET','http://poliklinik.baukpoltek.net/','/index.php?url=checkups/view_zero_stocks','Mozilla/5.0 (Windows; U; Windows NT 5.1; en-US; rv:1.9.2.10) Gecko/20100914 Firefox/3.6.10','2010-10-19 15:08:20'),(0,13,'125.161.154.216','users','logout','GET','http://poliklinik.baukpoltek.net/checkups','/index.php?url=users/logout','Mozilla/5.0 (Windows; U; Windows NT 5.1; id; rv:1.9.2.9) Gecko/20100824 Firefox/3.6.9','2010-10-19 14:44:10'),(0,13,'125.161.154.216','checkups','index','GET','http://poliklinik.baukpoltek.net/checkups','/index.php?url=checkups/index/page:5&ajax=1','Mozilla/5.0 (Windows; U; Windows NT 5.1; id; rv:1.9.2.9) Gecko/20100824 Firefox/3.6.9','2010-10-19 14:43:43'),(0,13,'125.161.154.216','checkups','index','GET','http://poliklinik.baukpoltek.net/checkups','/index.php?url=checkups/index/page:6&ajax=1','Mozilla/5.0 (Windows; U; Windows NT 5.1; id; rv:1.9.2.9) Gecko/20100824 Firefox/3.6.9','2010-10-19 14:43:12'),(0,13,'125.161.154.216','checkups','index','GET','http://poliklinik.baukpoltek.net/checkups/add','/index.php?url=checkups','Mozilla/5.0 (Windows; U; Windows NT 5.1; id; rv:1.9.2.9) Gecko/20100824 Firefox/3.6.9','2010-10-19 14:43:06'),(0,13,'125.161.154.216','checkups','patient_detail','GET','http://poliklinik.baukpoltek.net/checkups/add','/index.php?url=checkups/patient_detail/123','Mozilla/5.0 (Windows; U; Windows NT 5.1; id; rv:1.9.2.9) Gecko/20100824 Firefox/3.6.9','2010-10-19 14:42:42'),(0,13,'125.161.154.216','checkups','add','POST','http://poliklinik.baukpoltek.net/checkups/add','/index.php?url=checkups/add','Mozilla/5.0 (Windows; U; Windows NT 5.1; id; rv:1.9.2.9) Gecko/20100824 Firefox/3.6.9','2010-10-19 14:43:06'),(0,13,'125.161.154.216','checkups','add','GET','http://poliklinik.baukpoltek.net/checkups','/index.php?url=checkups/add','Mozilla/5.0 (Windows; U; Windows NT 5.1; id; rv:1.9.2.9) Gecko/20100824 Firefox/3.6.9','2010-10-19 14:42:02'),(0,13,'125.161.154.216','checkups','index','GET','http://poliklinik.baukpoltek.net/checkups/add','/index.php?url=checkups','Mozilla/5.0 (Windows; U; Windows NT 5.1; id; rv:1.9.2.9) Gecko/20100824 Firefox/3.6.9','2010-10-19 14:41:34'),(0,13,'125.161.154.216','checkups','add','POST','http://poliklinik.baukpoltek.net/checkups/add','/index.php?url=checkups/add','Mozilla/5.0 (Windows; U; Windows NT 5.1; id; rv:1.9.2.9) Gecko/20100824 Firefox/3.6.9','2010-10-19 14:41:33'),(0,13,'125.161.154.216','checkups','patient_detail','GET','http://poliklinik.baukpoltek.net/checkups/add','/index.php?url=checkups/patient_detail/81','Mozilla/5.0 (Windows; U; Windows NT 5.1; id; rv:1.9.2.9) Gecko/20100824 Firefox/3.6.9','2010-10-19 14:40:25'),(0,13,'125.161.154.216','checkups','index','GET','http://poliklinik.baukpoltek.net/checkups/add','/index.php?url=checkups','Mozilla/5.0 (Windows; U; Windows NT 5.1; id; rv:1.9.2.9) Gecko/20100824 Firefox/3.6.9','2010-10-19 14:39:42'),(0,13,'125.161.154.216','checkups','add','GET','http://poliklinik.baukpoltek.net/checkups','/index.php?url=checkups/add','Mozilla/5.0 (Windows; U; Windows NT 5.1; id; rv:1.9.2.9) Gecko/20100824 Firefox/3.6.9','2010-10-19 14:39:44'),(0,13,'125.161.154.216','checkups','add','POST','http://poliklinik.baukpoltek.net/checkups/add','/index.php?url=checkups/add','Mozilla/5.0 (Windows; U; Windows NT 5.1; id; rv:1.9.2.9) Gecko/20100824 Firefox/3.6.9','2010-10-19 14:39:41'),(0,13,'125.161.154.216','checkups','patient_detail','GET','http://poliklinik.baukpoltek.net/checkups/add','/index.php?url=checkups/patient_detail/135','Mozilla/5.0 (Windows; U; Windows NT 5.1; id; rv:1.9.2.9) Gecko/20100824 Firefox/3.6.9','2010-10-19 14:38:42'),(0,13,'125.161.154.216','checkups','index','GET','http://poliklinik.baukpoltek.net/checkups/add','/index.php?url=checkups','Mozilla/5.0 (Windows; U; Windows NT 5.1; id; rv:1.9.2.9) Gecko/20100824 Firefox/3.6.9','2010-10-19 14:38:05'),(0,13,'125.161.154.216','checkups','add','GET','http://poliklinik.baukpoltek.net/checkups','/index.php?url=checkups/add','Mozilla/5.0 (Windows; U; Windows NT 5.1; id; rv:1.9.2.9) Gecko/20100824 Firefox/3.6.9','2010-10-19 14:38:07'),(0,13,'125.161.154.216','checkups','add','POST','http://poliklinik.baukpoltek.net/checkups/add','/index.php?url=checkups/add','Mozilla/5.0 (Windows; U; Windows NT 5.1; id; rv:1.9.2.9) Gecko/20100824 Firefox/3.6.9','2010-10-19 14:38:04'),(0,13,'125.161.154.216','checkups','add','GET','http://poliklinik.baukpoltek.net/checkups','/index.php?url=checkups/add','Mozilla/5.0 (Windows; U; Windows NT 5.1; id; rv:1.9.2.9) Gecko/20100824 Firefox/3.6.9','2010-10-19 14:36:27'),(0,13,'125.161.154.216','checkups','patient_detail','GET','http://poliklinik.baukpoltek.net/checkups/add','/index.php?url=checkups/patient_detail/45','Mozilla/5.0 (Windows; U; Windows NT 5.1; id; rv:1.9.2.9) Gecko/20100824 Firefox/3.6.9','2010-10-19 14:36:48'),(0,13,'125.161.154.216','checkups','index','GET','http://poliklinik.baukpoltek.net/checkups/edit/116','/index.php?url=checkups','Mozilla/5.0 (Windows; U; Windows NT 5.1; id; rv:1.9.2.9) Gecko/20100824 Firefox/3.6.9','2010-10-19 14:36:24'),(0,13,'125.161.154.216','checkups','edit','GET','http://poliklinik.baukpoltek.net/checkups','/index.php?url=checkups/edit/116','Mozilla/5.0 (Windows; U; Windows NT 5.1; id; rv:1.9.2.9) Gecko/20100824 Firefox/3.6.9','2010-10-19 14:36:11'),(0,13,'125.161.154.216','checkups','edit','PUT','http://poliklinik.baukpoltek.net/checkups/edit/116','/index.php?url=checkups/edit/116','Mozilla/5.0 (Windows; U; Windows NT 5.1; id; rv:1.9.2.9) Gecko/20100824 Firefox/3.6.9','2010-10-19 14:36:23'),(0,13,'125.161.154.216','checkups','index','GET','http://poliklinik.baukpoltek.net/checkups','/index.php?url=checkups/index/page:6&ajax=1','Mozilla/5.0 (Windows; U; Windows NT 5.1; id; rv:1.9.2.9) Gecko/20100824 Firefox/3.6.9','2010-10-19 14:36:05'),(0,13,'125.161.154.216','diagnoses','index','GET','http://poliklinik.baukpoltek.net/diagnoses','/index.php?url=diagnoses/index/page:2&ajax=1','Mozilla/5.0 (Windows; U; Windows NT 5.1; id; rv:1.9.2.9) Gecko/20100824 Firefox/3.6.9','2010-10-19 14:35:35'),(0,13,'125.161.154.216','checkups','index','GET','http://poliklinik.baukpoltek.net/diagnoses','/index.php?url=checkups','Mozilla/5.0 (Windows; U; Windows NT 5.1; id; rv:1.9.2.9) Gecko/20100824 Firefox/3.6.9','2010-10-19 14:36:00'),(0,13,'125.161.154.216','diagnoses','add','GET','http://poliklinik.baukpoltek.net/diagnoses','/index.php?url=diagnoses/add','Mozilla/5.0 (Windows; U; Windows NT 5.1; id; rv:1.9.2.9) Gecko/20100824 Firefox/3.6.9','2010-10-19 14:35:19'),(0,13,'125.161.154.216','diagnoses','add','POST','http://poliklinik.baukpoltek.net/diagnoses/add','/index.php?url=diagnoses/add','Mozilla/5.0 (Windows; U; Windows NT 5.1; id; rv:1.9.2.9) Gecko/20100824 Firefox/3.6.9','2010-10-19 14:35:29'),(0,13,'125.161.154.216','diagnoses','index','GET','http://poliklinik.baukpoltek.net/diagnoses/add','/index.php?url=diagnoses','Mozilla/5.0 (Windows; U; Windows NT 5.1; id; rv:1.9.2.9) Gecko/20100824 Firefox/3.6.9','2010-10-19 14:35:29'),(0,13,'125.161.154.216','diagnoses','add','POST','http://poliklinik.baukpoltek.net/diagnoses/add','/index.php?url=diagnoses/add','Mozilla/5.0 (Windows; U; Windows NT 5.1; id; rv:1.9.2.9) Gecko/20100824 Firefox/3.6.9','2010-10-19 14:35:17'),(0,13,'125.161.154.216','diagnoses','index','GET','http://poliklinik.baukpoltek.net/diagnoses/add','/index.php?url=diagnoses','Mozilla/5.0 (Windows; U; Windows NT 5.1; id; rv:1.9.2.9) Gecko/20100824 Firefox/3.6.9','2010-10-19 14:35:17'),(0,13,'125.161.154.216','diagnoses','add','GET','http://poliklinik.baukpoltek.net/diagnoses','/index.php?url=diagnoses/add','Mozilla/5.0 (Windows; U; Windows NT 5.1; id; rv:1.9.2.9) Gecko/20100824 Firefox/3.6.9','2010-10-19 14:35:07'),(0,13,'125.161.154.216','checkups','add','POST','http://poliklinik.baukpoltek.net/checkups/add','/index.php?url=checkups/add','Mozilla/5.0 (Windows; U; Windows NT 5.1; id; rv:1.9.2.9) Gecko/20100824 Firefox/3.6.9','2010-10-19 14:34:57'),(0,13,'125.161.154.216','checkups','index','GET','http://poliklinik.baukpoltek.net/checkups/add','/index.php?url=checkups','Mozilla/5.0 (Windows; U; Windows NT 5.1; id; rv:1.9.2.9) Gecko/20100824 Firefox/3.6.9','2010-10-19 14:34:57'),(0,13,'125.161.154.216','diagnoses','index','GET','http://poliklinik.baukpoltek.net/checkups','/index.php?url=diagnoses','Mozilla/5.0 (Windows; U; Windows NT 5.1; id; rv:1.9.2.9) Gecko/20100824 Firefox/3.6.9','2010-10-19 14:35:05'),(0,13,'125.161.154.216','checkups','add','POST','http://poliklinik.baukpoltek.net/checkups/add','/index.php?url=checkups/add','Mozilla/5.0 (Windows; U; Windows NT 5.1; id; rv:1.9.2.9) Gecko/20100824 Firefox/3.6.9','2010-10-19 14:32:16'),(0,13,'125.161.154.216','checkups','index','GET','http://poliklinik.baukpoltek.net/checkups/add','/index.php?url=checkups','Mozilla/5.0 (Windows; U; Windows NT 5.1; id; rv:1.9.2.9) Gecko/20100824 Firefox/3.6.9','2010-10-19 14:32:17'),(0,13,'125.161.154.216','checkups','add','GET','http://poliklinik.baukpoltek.net/checkups','/index.php?url=checkups/add','Mozilla/5.0 (Windows; U; Windows NT 5.1; id; rv:1.9.2.9) Gecko/20100824 Firefox/3.6.9','2010-10-19 14:32:19'),(0,13,'125.161.154.216','checkups','patient_detail','GET','http://poliklinik.baukpoltek.net/checkups/add','/index.php?url=checkups/patient_detail/57','Mozilla/5.0 (Windows; U; Windows NT 5.1; id; rv:1.9.2.9) Gecko/20100824 Firefox/3.6.9','2010-10-19 14:32:52'),(0,13,'125.161.154.216','checkups','patient_detail','GET','http://poliklinik.baukpoltek.net/checkups/add','/index.php?url=checkups/patient_detail/174','Mozilla/5.0 (Windows; U; Windows NT 5.1; id; rv:1.9.2.9) Gecko/20100824 Firefox/3.6.9','2010-10-19 14:29:59'),(0,13,'125.161.154.216','checkups','add','GET','http://poliklinik.baukpoltek.net/checkups','/index.php?url=checkups/add','Mozilla/5.0 (Windows; U; Windows NT 5.1; id; rv:1.9.2.9) Gecko/20100824 Firefox/3.6.9','2010-10-19 14:29:34'),(0,13,'125.161.154.216','checkups','index','GET','http://poliklinik.baukpoltek.net/checkups','/index.php?url=checkups/index/page:6&ajax=1','Mozilla/5.0 (Windows; U; Windows NT 5.1; id; rv:1.9.2.9) Gecko/20100824 Firefox/3.6.9','2010-10-19 14:29:19'),(0,13,'125.161.154.216','checkups','index','GET','http://poliklinik.baukpoltek.net/checkups/edit/111','/index.php?url=checkups','Mozilla/5.0 (Windows; U; Windows NT 5.1; id; rv:1.9.2.9) Gecko/20100824 Firefox/3.6.9','2010-10-19 14:29:13'),(0,13,'125.161.154.216','checkups','index','GET','http://poliklinik.baukpoltek.net/checkups','/index.php?url=checkups/index/page:6&ajax=1','Mozilla/5.0 (Windows; U; Windows NT 5.1; id; rv:1.9.2.9) Gecko/20100824 Firefox/3.6.9','2010-10-19 14:28:04'),(0,13,'125.161.154.216','checkups','edit','GET','http://poliklinik.baukpoltek.net/checkups','/index.php?url=checkups/edit/111','Mozilla/5.0 (Windows; U; Windows NT 5.1; id; rv:1.9.2.9) Gecko/20100824 Firefox/3.6.9','2010-10-19 14:28:16'),(0,13,'125.161.154.216','checkups','edit','PUT','http://poliklinik.baukpoltek.net/checkups/edit/111','/index.php?url=checkups/edit/111','Mozilla/5.0 (Windows; U; Windows NT 5.1; id; rv:1.9.2.9) Gecko/20100824 Firefox/3.6.9','2010-10-19 14:29:13'),(0,13,'125.161.154.216','checkups','index','GET','http://poliklinik.baukpoltek.net/','/index.php?url=checkups','Mozilla/5.0 (Windows; U; Windows NT 5.1; id; rv:1.9.2.9) Gecko/20100824 Firefox/3.6.9','2010-10-19 14:27:58'),(0,13,'125.161.154.216','pages','display','GET','http://poliklinik.baukpoltek.net/users/login','/','Mozilla/5.0 (Windows; U; Windows NT 5.1; id; rv:1.9.2.9) Gecko/20100824 Firefox/3.6.9','2010-10-19 14:27:54'),(0,13,'125.161.137.206','checkups','index','GET','http://poliklinik.baukpoltek.net/checkups/add','/index.php?url=checkups','Mozilla/5.0 (Windows; U; Windows NT 5.1; id; rv:1.9.2.9) Gecko/20100824 Firefox/3.6.9','2010-10-19 12:32:37'),(0,13,'125.161.137.206','checkups','add','POST','http://poliklinik.baukpoltek.net/checkups/add','/index.php?url=checkups/add','Mozilla/5.0 (Windows; U; Windows NT 5.1; id; rv:1.9.2.9) Gecko/20100824 Firefox/3.6.9','2010-10-19 12:32:37'),(0,13,'125.161.137.206','checkups','add','POST','http://poliklinik.baukpoltek.net/checkups/add','/index.php?url=checkups/add','Mozilla/5.0 (Windows; U; Windows NT 5.1; id; rv:1.9.2.9) Gecko/20100824 Firefox/3.6.9','2010-10-19 12:32:26'),(0,13,'125.161.137.206','checkups','patient_detail','GET','http://poliklinik.baukpoltek.net/checkups/add','/index.php?url=checkups/patient_detail/112','Mozilla/5.0 (Windows; U; Windows NT 5.1; id; rv:1.9.2.9) Gecko/20100824 Firefox/3.6.9','2010-10-19 12:31:56'),(0,13,'125.161.137.206','checkups','add','POST','http://poliklinik.baukpoltek.net/checkups/add','/index.php?url=checkups/add','Mozilla/5.0 (Windows; U; Windows NT 5.1; id; rv:1.9.2.9) Gecko/20100824 Firefox/3.6.9','2010-10-19 12:31:30'),(0,13,'125.161.137.206','checkups','index','GET','http://poliklinik.baukpoltek.net/checkups/add','/index.php?url=checkups','Mozilla/5.0 (Windows; U; Windows NT 5.1; id; rv:1.9.2.9) Gecko/20100824 Firefox/3.6.9','2010-10-19 12:31:31'),(0,13,'125.161.137.206','checkups','add','GET','http://poliklinik.baukpoltek.net/checkups','/index.php?url=checkups/add','Mozilla/5.0 (Windows; U; Windows NT 5.1; id; rv:1.9.2.9) Gecko/20100824 Firefox/3.6.9','2010-10-19 12:31:34'),(0,13,'125.161.137.206','checkups','patient_detail','GET','http://poliklinik.baukpoltek.net/checkups/add','/index.php?url=checkups/patient_detail/88','Mozilla/5.0 (Windows; U; Windows NT 5.1; id; rv:1.9.2.9) Gecko/20100824 Firefox/3.6.9','2010-10-19 12:29:04'),(0,13,'125.161.137.206','checkups','add','GET','http://poliklinik.baukpoltek.net/checkups','/index.php?url=checkups/add','Mozilla/5.0 (Windows; U; Windows NT 5.1; id; rv:1.9.2.9) Gecko/20100824 Firefox/3.6.9','2010-10-19 12:28:35'),(0,13,'125.161.137.206','checkups','add','POST','http://poliklinik.baukpoltek.net/checkups/add','/index.php?url=checkups/add','Mozilla/5.0 (Windows; U; Windows NT 5.1; id; rv:1.9.2.9) Gecko/20100824 Firefox/3.6.9','2010-10-19 12:22:53'),(0,13,'125.161.137.206','checkups','index','GET','http://poliklinik.baukpoltek.net/checkups/add','/index.php?url=checkups','Mozilla/5.0 (Windows; U; Windows NT 5.1; id; rv:1.9.2.9) Gecko/20100824 Firefox/3.6.9','2010-10-19 12:22:53'),(0,13,'125.161.137.206','checkups','patient_detail','GET','http://poliklinik.baukpoltek.net/checkups/add','/index.php?url=checkups/patient_detail/69','Mozilla/5.0 (Windows; U; Windows NT 5.1; id; rv:1.9.2.9) Gecko/20100824 Firefox/3.6.9','2010-10-19 12:20:16'),(0,13,'125.161.137.206','checkups','index','GET','http://poliklinik.baukpoltek.net/checkups/add','/index.php?url=checkups','Mozilla/5.0 (Windows; U; Windows NT 5.1; id; rv:1.9.2.9) Gecko/20100824 Firefox/3.6.9','2010-10-19 12:18:30'),(0,13,'125.161.137.206','checkups','add','GET','http://poliklinik.baukpoltek.net/checkups','/index.php?url=checkups/add','Mozilla/5.0 (Windows; U; Windows NT 5.1; id; rv:1.9.2.9) Gecko/20100824 Firefox/3.6.9','2010-10-19 12:18:42'),(0,13,'125.161.137.206','checkups','add','POST','http://poliklinik.baukpoltek.net/checkups/add','/index.php?url=checkups/add','Mozilla/5.0 (Windows; U; Windows NT 5.1; id; rv:1.9.2.9) Gecko/20100824 Firefox/3.6.9','2010-10-19 12:18:29'),(0,13,'125.161.137.206','checkups','patient_detail','GET','http://poliklinik.baukpoltek.net/checkups/add','/index.php?url=checkups/patient_detail/154','Mozilla/5.0 (Windows; U; Windows NT 5.1; id; rv:1.9.2.9) Gecko/20100824 Firefox/3.6.9','2010-10-19 12:17:29'),(0,13,'125.161.137.206','checkups','index','GET','http://poliklinik.baukpoltek.net/checkups/add','/index.php?url=checkups','Mozilla/5.0 (Windows; U; Windows NT 5.1; id; rv:1.9.2.9) Gecko/20100824 Firefox/3.6.9','2010-10-19 12:16:54'),(0,13,'125.161.137.206','checkups','add','GET','http://poliklinik.baukpoltek.net/checkups','/index.php?url=checkups/add','Mozilla/5.0 (Windows; U; Windows NT 5.1; id; rv:1.9.2.9) Gecko/20100824 Firefox/3.6.9','2010-10-19 12:16:59'),(0,13,'125.161.137.206','checkups','add','POST','http://poliklinik.baukpoltek.net/checkups/add','/index.php?url=checkups/add','Mozilla/5.0 (Windows; U; Windows NT 5.1; id; rv:1.9.2.9) Gecko/20100824 Firefox/3.6.9','2010-10-19 12:16:54'),(0,13,'125.161.137.206','checkups','patient_detail','GET','http://poliklinik.baukpoltek.net/checkups/add','/index.php?url=checkups/patient_detail/109','Mozilla/5.0 (Windows; U; Windows NT 5.1; id; rv:1.9.2.9) Gecko/20100824 Firefox/3.6.9','2010-10-19 12:15:24'),(0,13,'125.161.137.206','checkups','add','GET','http://poliklinik.baukpoltek.net/checkups','/index.php?url=checkups/add','Mozilla/5.0 (Windows; U; Windows NT 5.1; id; rv:1.9.2.9) Gecko/20100824 Firefox/3.6.9','2010-10-19 12:14:35'),(0,13,'125.161.137.206','checkups','index','GET','http://poliklinik.baukpoltek.net/checkups/add','/index.php?url=checkups','Mozilla/5.0 (Windows; U; Windows NT 5.1; id; rv:1.9.2.9) Gecko/20100824 Firefox/3.6.9','2010-10-19 12:14:30'),(0,13,'125.161.137.206','checkups','add','GET','http://poliklinik.baukpoltek.net/checkups','/index.php?url=checkups/add','Mozilla/5.0 (Windows; U; Windows NT 5.1; id; rv:1.9.2.9) Gecko/20100824 Firefox/3.6.9','2010-10-19 12:12:48'),(0,13,'125.161.137.206','checkups','add','POST','http://poliklinik.baukpoltek.net/checkups/add','/index.php?url=checkups/add','Mozilla/5.0 (Windows; U; Windows NT 5.1; id; rv:1.9.2.9) Gecko/20100824 Firefox/3.6.9','2010-10-19 12:14:29'),(0,13,'125.161.137.206','checkups','patient_detail','GET','http://poliklinik.baukpoltek.net/checkups/add','/index.php?url=checkups/patient_detail/90','Mozilla/5.0 (Windows; U; Windows NT 5.1; id; rv:1.9.2.9) Gecko/20100824 Firefox/3.6.9','2010-10-19 12:13:31'),(0,13,'125.161.137.206','checkups','add','POST','http://poliklinik.baukpoltek.net/checkups/add','/index.php?url=checkups/add','Mozilla/5.0 (Windows; U; Windows NT 5.1; id; rv:1.9.2.9) Gecko/20100824 Firefox/3.6.9','2010-10-19 12:12:40'),(0,13,'125.161.137.206','checkups','index','GET','http://poliklinik.baukpoltek.net/checkups/add','/index.php?url=checkups','Mozilla/5.0 (Windows; U; Windows NT 5.1; id; rv:1.9.2.9) Gecko/20100824 Firefox/3.6.9','2010-10-19 12:12:40'),(0,13,'125.161.137.206','checkups','add','GET','http://poliklinik.baukpoltek.net/checkups','/index.php?url=checkups/add','Mozilla/5.0 (Windows; U; Windows NT 5.1; id; rv:1.9.2.9) Gecko/20100824 Firefox/3.6.9','2010-10-19 12:08:14'),(0,13,'125.161.137.206','checkups','patient_detail','GET','http://poliklinik.baukpoltek.net/checkups/add','/index.php?url=checkups/patient_detail/129','Mozilla/5.0 (Windows; U; Windows NT 5.1; id; rv:1.9.2.9) Gecko/20100824 Firefox/3.6.9','2010-10-19 12:09:30'),(0,13,'125.161.137.206','checkups','index','GET','http://poliklinik.baukpoltek.net/','/index.php?url=checkups','Mozilla/5.0 (Windows; U; Windows NT 5.1; id; rv:1.9.2.9) Gecko/20100824 Firefox/3.6.9','2010-10-19 12:07:51'),(0,13,'125.161.137.206','checkups','edit','PUT','http://poliklinik.baukpoltek.net/checkups/edit/101','/index.php?url=checkups/edit/101','Mozilla/5.0 (Windows; U; Windows NT 5.1; id; rv:1.9.2.9) Gecko/20100824 Firefox/3.6.9','2010-10-19 11:43:41'),(0,13,'125.161.137.206','checkups','index','GET','http://poliklinik.baukpoltek.net/checkups/edit/101','/index.php?url=checkups','Mozilla/5.0 (Windows; U; Windows NT 5.1; id; rv:1.9.2.9) Gecko/20100824 Firefox/3.6.9','2010-10-19 11:43:41'),(0,13,'125.161.137.206','pages','display','GET','http://poliklinik.baukpoltek.net/users/login','/','Mozilla/5.0 (Windows; U; Windows NT 5.1; id; rv:1.9.2.9) Gecko/20100824 Firefox/3.6.9','2010-10-19 12:07:39'),(0,13,'125.161.137.206','checkups','edit','GET','http://poliklinik.baukpoltek.net/checkups','/index.php?url=checkups/edit/101','Mozilla/5.0 (Windows; U; Windows NT 5.1; id; rv:1.9.2.9) Gecko/20100824 Firefox/3.6.9','2010-10-19 11:43:24'),(0,13,'125.161.137.206','checkups','index','GET','http://poliklinik.baukpoltek.net/checkups','/index.php?url=checkups/index/page:4&ajax=1','Mozilla/5.0 (Windows; U; Windows NT 5.1; id; rv:1.9.2.9) Gecko/20100824 Firefox/3.6.9','2010-10-19 11:41:25'),(0,13,'125.161.137.206','checkups','index','GET','http://poliklinik.baukpoltek.net/checkups','/index.php?url=checkups/index/page:5&ajax=1','Mozilla/5.0 (Windows; U; Windows NT 5.1; id; rv:1.9.2.9) Gecko/20100824 Firefox/3.6.9','2010-10-19 11:42:59'),(0,13,'125.161.137.206','checkups','index','GET','http://poliklinik.baukpoltek.net/checkups','/index.php?url=checkups/index/page:3&ajax=1','Mozilla/5.0 (Windows; U; Windows NT 5.1; id; rv:1.9.2.9) Gecko/20100824 Firefox/3.6.9','2010-10-19 11:41:10'),(0,13,'125.161.137.206','checkups','index','GET','http://poliklinik.baukpoltek.net/checkups','/index.php?url=checkups/index/page:2&ajax=1','Mozilla/5.0 (Windows; U; Windows NT 5.1; id; rv:1.9.2.9) Gecko/20100824 Firefox/3.6.9','2010-10-19 11:41:02'),(0,13,'125.161.137.206','checkups','index','GET','http://poliklinik.baukpoltek.net/','/index.php?url=checkups','Mozilla/5.0 (Windows; U; Windows NT 5.1; id; rv:1.9.2.9) Gecko/20100824 Firefox/3.6.9','2010-10-19 11:40:16'),(0,13,'125.161.137.206','pages','display','GET','http://poliklinik.baukpoltek.net/users/login','/','Mozilla/5.0 (Windows; U; Windows NT 5.1; id; rv:1.9.2.9) Gecko/20100824 Firefox/3.6.9','2010-10-19 11:39:56'),(0,13,'125.161.137.206','users','logout','GET','http://poliklinik.baukpoltek.net/checkups/report_patient_status','/index.php?url=users/logout','Mozilla/5.0 (Windows; U; Windows NT 5.1; id; rv:1.9.2.9) Gecko/20100824 Firefox/3.6.9','2010-10-19 09:45:41'),(0,13,'125.161.137.206','checkups','report_patients','GET','http://poliklinik.baukpoltek.net/checkups/report_stock_medicines','/index.php?url=checkups/report_patients','Mozilla/5.0 (Windows; U; Windows NT 5.1; id; rv:1.9.2.9) Gecko/20100824 Firefox/3.6.9','2010-10-19 09:40:55'),(0,13,'125.161.137.206','checkups','report_patient_status','GET','http://poliklinik.baukpoltek.net/checkups/report_stock_medicines','/index.php?url=checkups/report_patient_status','Mozilla/5.0 (Windows; U; Windows NT 5.1; id; rv:1.9.2.9) Gecko/20100824 Firefox/3.6.9','2010-10-19 09:44:26'),(0,13,'125.161.137.206','checkups','report_checktypes','GET','http://poliklinik.baukpoltek.net/checkups/report_stock_medicines','/index.php?url=checkups/report_checktypes','Mozilla/5.0 (Windows; U; Windows NT 5.1; id; rv:1.9.2.9) Gecko/20100824 Firefox/3.6.9','2010-10-19 09:40:40'),(0,13,'125.161.137.206','checkups','report_stock_medicines','GET','http://poliklinik.baukpoltek.net/checkups/report_patient_status','/index.php?url=checkups/report_stock_medicines','Mozilla/5.0 (Windows; U; Windows NT 5.1; id; rv:1.9.2.9) Gecko/20100824 Firefox/3.6.9','2010-10-19 09:40:34'),(0,13,'125.161.137.206','checkups','index','GET','http://poliklinik.baukpoltek.net/unit_codes/permission_denied','/index.php?url=checkups','Mozilla/5.0 (Windows; U; Windows NT 5.1; id; rv:1.9.2.9) Gecko/20100824 Firefox/3.6.9','2010-10-19 09:40:16'),(0,13,'125.161.137.206','checkups','report_patient_status','GET','http://poliklinik.baukpoltek.net/checkups','/index.php?url=checkups/report_patient_status','Mozilla/5.0 (Windows; U; Windows NT 5.1; id; rv:1.9.2.9) Gecko/20100824 Firefox/3.6.9','2010-10-19 09:40:25'),(0,13,'125.161.137.206','unit_codes','permission_denied','GET','http://poliklinik.baukpoltek.net/handlers','/index.php?url=unit_codes/permission_denied','Mozilla/5.0 (Windows; U; Windows NT 5.1; id; rv:1.9.2.9) Gecko/20100824 Firefox/3.6.9','2010-10-19 09:40:04'),(0,13,'125.161.137.206','unit_codes','index','GET','http://poliklinik.baukpoltek.net/handlers','/index.php?url=unit_codes','Mozilla/5.0 (Windows; U; Windows NT 5.1; id; rv:1.9.2.9) Gecko/20100824 Firefox/3.6.9','2010-10-19 09:40:04'),(0,13,'125.161.137.206','handlers','index','GET','http://poliklinik.baukpoltek.net/handlers/edit/1','/index.php?url=handlers','Mozilla/5.0 (Windows; U; Windows NT 5.1; id; rv:1.9.2.9) Gecko/20100824 Firefox/3.6.9','2010-10-19 09:39:54'),(0,13,'125.161.137.206','handlers','edit','PUT','http://poliklinik.baukpoltek.net/handlers/edit/1','/index.php?url=handlers/edit/1','Mozilla/5.0 (Windows; U; Windows NT 5.1; id; rv:1.9.2.9) Gecko/20100824 Firefox/3.6.9','2010-10-19 09:39:54'),(0,13,'125.161.137.206','handlers','edit','GET','http://poliklinik.baukpoltek.net/handlers','/index.php?url=handlers/edit/1','Mozilla/5.0 (Windows; U; Windows NT 5.1; id; rv:1.9.2.9) Gecko/20100824 Firefox/3.6.9','2010-10-19 09:39:50'),(0,13,'125.161.137.206','handlers','index','GET','http://poliklinik.baukpoltek.net/handler_types','/index.php?url=handlers','Mozilla/5.0 (Windows; U; Windows NT 5.1; id; rv:1.9.2.9) Gecko/20100824 Firefox/3.6.9','2010-10-19 09:39:46'),(0,13,'125.161.137.206','handler_types','index','GET','http://poliklinik.baukpoltek.net/','/index.php?url=handler_types','Mozilla/5.0 (Windows; U; Windows NT 5.1; id; rv:1.9.2.9) Gecko/20100824 Firefox/3.6.9','2010-10-19 09:39:44'),(0,13,'125.161.137.206','pages','display','GET','http://poliklinik.baukpoltek.net/users/login','/','Mozilla/5.0 (Windows; U; Windows NT 5.1; id; rv:1.9.2.9) Gecko/20100824 Firefox/3.6.9','2010-10-19 09:39:41'),(0,13,'125.161.137.206','diagnoses','index','GET','http://poliklinik.baukpoltek.net/diagnoses/add','/index.php?url=diagnoses','Mozilla/5.0 (Windows; U; Windows NT 5.1; id; rv:1.9.2.9) Gecko/20100824 Firefox/3.6.9','2010-10-19 09:31:13'),(0,13,'125.161.137.206','handler_types','index','GET','http://poliklinik.baukpoltek.net/diagnoses','/index.php?url=handler_types','Mozilla/5.0 (Windows; U; Windows NT 5.1; id; rv:1.9.2.9) Gecko/20100824 Firefox/3.6.9','2010-10-19 09:31:20'),(0,13,'125.161.137.206','users','logout','GET','http://poliklinik.baukpoltek.net/diagnoses','/index.php?url=users/logout','Mozilla/5.0 (Windows; U; Windows NT 5.1; id; rv:1.9.2.9) Gecko/20100824 Firefox/3.6.9','2010-10-19 09:37:19'),(0,13,'125.161.137.206','diagnoses','add','GET','http://poliklinik.baukpoltek.net/diagnoses','/index.php?url=diagnoses/add','Mozilla/5.0 (Windows; U; Windows NT 5.1; id; rv:1.9.2.9) Gecko/20100824 Firefox/3.6.9','2010-10-19 09:31:11'),(0,13,'125.161.137.206','diagnoses','index','GET','http://poliklinik.baukpoltek.net/checkups/add','/index.php?url=diagnoses','Mozilla/5.0 (Windows; U; Windows NT 5.1; id; rv:1.9.2.9) Gecko/20100824 Firefox/3.6.9','2010-10-19 09:31:04'),(0,13,'125.161.137.206','checkups','add','GET','http://poliklinik.baukpoltek.net/checkups','/index.php?url=checkups/add','Mozilla/5.0 (Windows; U; Windows NT 5.1; id; rv:1.9.2.9) Gecko/20100824 Firefox/3.6.9','2010-10-19 09:30:29'),(0,13,'125.161.137.206','checkups','index','GET','http://poliklinik.baukpoltek.net/patients','/index.php?url=checkups','Mozilla/5.0 (Windows; U; Windows NT 5.1; id; rv:1.9.2.9) Gecko/20100824 Firefox/3.6.9','2010-10-19 09:30:24'),(0,13,'125.161.137.206','patients','index','GET','http://poliklinik.baukpoltek.net/patients/add','/index.php?url=patients','Mozilla/5.0 (Windows; U; Windows NT 5.1; id; rv:1.9.2.9) Gecko/20100824 Firefox/3.6.9','2010-10-19 09:30:09'),(0,13,'125.161.137.206','patients','add','GET','http://poliklinik.baukpoltek.net/patients','/index.php?url=patients/add','Mozilla/5.0 (Windows; U; Windows NT 5.1; id; rv:1.9.2.9) Gecko/20100824 Firefox/3.6.9','2010-10-19 09:30:02'),(0,13,'125.161.137.206','patients','index','GET','http://poliklinik.baukpoltek.net/medicine_ins','/index.php?url=patients','Mozilla/5.0 (Windows; U; Windows NT 5.1; id; rv:1.9.2.9) Gecko/20100824 Firefox/3.6.9','2010-10-19 09:29:55'),(0,13,'125.161.137.206','medicine_ins','index','GET','http://poliklinik.baukpoltek.net/medicine_ins','/index.php?url=medicine_ins','Mozilla/5.0 (Windows; U; Windows NT 5.1; id; rv:1.9.2.9) Gecko/20100824 Firefox/3.6.9','2010-10-19 09:28:22'),(0,13,'125.161.137.206','pages','display','GET','http://poliklinik.baukpoltek.net/users/login','/','Mozilla/5.0 (Windows; U; Windows NT 5.1; id; rv:1.9.2.9) Gecko/20100824 Firefox/3.6.9','2010-10-19 09:27:50'),(0,13,'125.161.137.206','medicine_ins','index','GET','http://poliklinik.baukpoltek.net/','/index.php?url=medicine_ins','Mozilla/5.0 (Windows; U; Windows NT 5.1; id; rv:1.9.2.9) Gecko/20100824 Firefox/3.6.9','2010-10-19 09:28:15'),(0,1,'110.138.32.88','medicine_ins','index','GET','http://poliklinik.baukpoltek.net/medicine_ins','/index.php?url=medicine_ins/index/page:5&ajax=1','Mozilla/5.0 (Windows; U; Windows NT 5.1; en-US; rv:1.9.2.10) Gecko/20100914 Firefox/3.6.10','2010-10-19 07:51:31'),(0,1,'110.138.32.88','checkups','report_stock','GET','http://poliklinik.baukpoltek.net/medicine_ins','/index.php?url=checkups/report_stock','Mozilla/5.0 (Windows; U; Windows NT 5.1; en-US; rv:1.9.2.10) Gecko/20100914 Firefox/3.6.10','2010-10-19 07:50:20'),(0,1,'110.138.32.88','medicine_ins','delete_rows','POST','http://poliklinik.baukpoltek.net/medicine_ins','/index.php?url=medicine_ins/delete_rows','Mozilla/5.0 (Windows; U; Windows NT 5.1; en-US; rv:1.9.2.10) Gecko/20100914 Firefox/3.6.10','2010-10-19 07:50:12'),(0,1,'110.138.32.88','medicine_ins','index','GET','http://poliklinik.baukpoltek.net/medicine_ins','/index.php?url=medicine_ins/index/page:5&ajax=1','Mozilla/5.0 (Windows; U; Windows NT 5.1; en-US; rv:1.9.2.10) Gecko/20100914 Firefox/3.6.10','2010-10-19 07:49:15'),(0,1,'110.138.32.88','medicine_ins','index','GET','http://poliklinik.baukpoltek.net/medicine_ins','/index.php?url=medicine_ins/index/page:4&ajax=1','Mozilla/5.0 (Windows; U; Windows NT 5.1; en-US; rv:1.9.2.10) Gecko/20100914 Firefox/3.6.10','2010-10-19 07:49:01'),(0,1,'110.138.32.88','medicine_ins','index','GET','http://poliklinik.baukpoltek.net/medicine_ins','/index.php?url=medicine_ins/index/page:7&ajax=1','Mozilla/5.0 (Windows; U; Windows NT 5.1; en-US; rv:1.9.2.10) Gecko/20100914 Firefox/3.6.10','2010-10-19 07:48:57'),(0,1,'110.138.32.88','medicine_ins','index','GET','http://poliklinik.baukpoltek.net/medicine_ins','/index.php?url=medicine_ins/index/page:6&ajax=1','Mozilla/5.0 (Windows; U; Windows NT 5.1; en-US; rv:1.9.2.10) Gecko/20100914 Firefox/3.6.10','2010-10-19 07:48:51'),(0,1,'110.138.32.88','medicine_ins','index','GET','http://poliklinik.baukpoltek.net/medicine_ins','/index.php?url=medicine_ins/index/page:5&ajax=1','Mozilla/5.0 (Windows; U; Windows NT 5.1; en-US; rv:1.9.2.10) Gecko/20100914 Firefox/3.6.10','2010-10-19 07:48:38'),(0,1,'110.138.32.88','medicine_ins','delete_rows','POST','http://poliklinik.baukpoltek.net/medicine_ins','/index.php?url=medicine_ins/delete_rows','Mozilla/5.0 (Windows; U; Windows NT 5.1; en-US; rv:1.9.2.10) Gecko/20100914 Firefox/3.6.10','2010-10-19 07:48:06'),(0,1,'110.138.32.88','checkups','report_stock','GET','http://poliklinik.baukpoltek.net/medicine_ins','/index.php?url=checkups/report_stock','Mozilla/5.0 (Windows; U; Windows NT 5.1; en-US; rv:1.9.2.10) Gecko/20100914 Firefox/3.6.10','2010-10-19 07:48:12'),(0,1,'110.138.32.88','medicine_ins','index','GET','http://poliklinik.baukpoltek.net/medicine_ins','/index.php?url=medicine_ins/index/page:3&ajax=1','Mozilla/5.0 (Windows; U; Windows NT 5.1; en-US; rv:1.9.2.10) Gecko/20100914 Firefox/3.6.10','2010-10-19 07:47:00'),(0,1,'110.138.32.88','medicine_ins','index','GET','http://poliklinik.baukpoltek.net/medicine_ins','/index.php?url=medicine_ins/index/page:4&ajax=1','Mozilla/5.0 (Windows; U; Windows NT 5.1; en-US; rv:1.9.2.10) Gecko/20100914 Firefox/3.6.10','2010-10-19 07:47:04'),(0,1,'110.138.32.88','medicine_ins','index','GET','http://poliklinik.baukpoltek.net/medicine_ins','/index.php?url=medicine_ins/index/page:5&ajax=1','Mozilla/5.0 (Windows; U; Windows NT 5.1; en-US; rv:1.9.2.10) Gecko/20100914 Firefox/3.6.10','2010-10-19 07:47:07'),(0,1,'110.138.32.88','medicine_ins','index','GET','http://poliklinik.baukpoltek.net/medicine_ins','/index.php?url=medicine_ins/index/page:7&ajax=1','Mozilla/5.0 (Windows; U; Windows NT 5.1; en-US; rv:1.9.2.10) Gecko/20100914 Firefox/3.6.10','2010-10-19 07:46:24'),(0,1,'110.138.32.88','medicine_ins','index','GET','http://poliklinik.baukpoltek.net/medicine_ins','/index.php?url=medicine_ins/index/page:1&ajax=1','Mozilla/5.0 (Windows; U; Windows NT 5.1; en-US; rv:1.9.2.10) Gecko/20100914 Firefox/3.6.10','2010-10-19 07:46:47'),(0,1,'110.138.32.88','pages','display','GET','http://poliklinik.baukpoltek.net/users/login','/','Mozilla/5.0 (Windows; U; Windows NT 5.1; en-US; rv:1.9.2.10) Gecko/20100914 Firefox/3.6.10','2010-10-19 07:46:14'),(0,1,'110.138.32.88','medicine_ins','index','GET','http://poliklinik.baukpoltek.net/','/index.php?url=medicine_ins','Mozilla/5.0 (Windows; U; Windows NT 5.1; en-US; rv:1.9.2.10) Gecko/20100914 Firefox/3.6.10','2010-10-19 07:46:19'),(0,1,'114.58.38.116','users','logout','GET','http://poliklinik.baukpoltek.net/medicine_ins','/index.php?url=users/logout','Mozilla/5.0 (Windows; U; Windows NT 6.1; id; rv:1.9.2.10) Gecko/20100914 Firefox/3.6.10','2010-10-18 20:45:12'),(0,1,'114.58.38.116','medicine_ins','index','GET','http://poliklinik.baukpoltek.net/medicine_ins','/index.php?url=medicine_ins/index/page:6&ajax=1','Mozilla/5.0 (Windows; U; Windows NT 6.1; id; rv:1.9.2.10) Gecko/20100914 Firefox/3.6.10','2010-10-18 20:43:58'),(0,1,'114.58.38.116','checkups','report_patients','GET','http://poliklinik.baukpoltek.net/medicine_ins','/index.php?url=checkups/report_patients','Mozilla/5.0 (Windows; U; Windows NT 6.1; id; rv:1.9.2.10) Gecko/20100914 Firefox/3.6.10','2010-10-18 20:44:12'),(0,1,'114.58.38.116','medicines','index','GET','http://poliklinik.baukpoltek.net/medicines','/index.php?url=medicines/index/page:1&ajax=1','Mozilla/5.0 (Windows; U; Windows NT 6.1; id; rv:1.9.2.10) Gecko/20100914 Firefox/3.6.10','2010-10-18 20:43:09'),(0,1,'114.58.38.116','units','index','GET','http://poliklinik.baukpoltek.net/medicines','/index.php?url=units','Mozilla/5.0 (Windows; U; Windows NT 6.1; id; rv:1.9.2.10) Gecko/20100914 Firefox/3.6.10','2010-10-18 20:43:19'),(0,1,'114.58.38.116','medicine_ins','index','GET','http://poliklinik.baukpoltek.net/units','/index.php?url=medicine_ins','Mozilla/5.0 (Windows; U; Windows NT 6.1; id; rv:1.9.2.10) Gecko/20100914 Firefox/3.6.10','2010-10-18 20:43:36'),(0,1,'114.58.38.116','medicine_ins','index','GET','http://poliklinik.baukpoltek.net/medicine_ins','/index.php?url=medicine_ins/index/page:7&ajax=1','Mozilla/5.0 (Windows; U; Windows NT 6.1; id; rv:1.9.2.10) Gecko/20100914 Firefox/3.6.10','2010-10-18 20:43:43'),(0,1,'114.58.38.116','medicines','index','GET','http://poliklinik.baukpoltek.net/medicines','/index.php?url=medicines/index/page:3&ajax=1','Mozilla/5.0 (Windows; U; Windows NT 6.1; id; rv:1.9.2.10) Gecko/20100914 Firefox/3.6.10','2010-10-18 20:42:43'),(0,1,'114.58.38.116','medicines','index','GET','http://poliklinik.baukpoltek.net/medicines','/index.php?url=medicines/index/page:2&ajax=1','Mozilla/5.0 (Windows; U; Windows NT 6.1; id; rv:1.9.2.10) Gecko/20100914 Firefox/3.6.10','2010-10-18 20:42:52'),(0,1,'114.58.38.116','medicines','index','GET','http://poliklinik.baukpoltek.net/medicines','/index.php?url=medicines/index/page:4&ajax=1','Mozilla/5.0 (Windows; U; Windows NT 6.1; id; rv:1.9.2.10) Gecko/20100914 Firefox/3.6.10','2010-10-18 20:42:32'),(0,1,'114.58.38.116','unit_codes','index','GET','http://poliklinik.baukpoltek.net/unit_codes','/index.php?url=unit_codes/index/page:2&ajax=1','Mozilla/5.0 (Windows; U; Windows NT 6.1; id; rv:1.9.2.10) Gecko/20100914 Firefox/3.6.10','2010-10-18 20:41:48'),(0,1,'114.58.38.116','medicines','index','GET','http://poliklinik.baukpoltek.net/unit_codes','/index.php?url=medicines','Mozilla/5.0 (Windows; U; Windows NT 6.1; id; rv:1.9.2.10) Gecko/20100914 Firefox/3.6.10','2010-10-18 20:42:06'),(0,1,'114.58.38.116','medicines','index','GET','http://poliklinik.baukpoltek.net/medicines','/index.php?url=medicines/index/page:5&ajax=1','Mozilla/5.0 (Windows; U; Windows NT 6.1; id; rv:1.9.2.10) Gecko/20100914 Firefox/3.6.10','2010-10-18 20:42:16'),(0,1,'114.58.38.116','checkups','report_stock','GET','http://poliklinik.baukpoltek.net/checkups/view_zero_stocks','/index.php?url=checkups/report_stock','Mozilla/5.0 (Windows; U; Windows NT 6.1; id; rv:1.9.2.10) Gecko/20100914 Firefox/3.6.10','2010-10-18 20:40:48'),(0,1,'114.58.38.116','unit_codes','index','GET','http://poliklinik.baukpoltek.net/checkups/view_zero_stocks','/index.php?url=unit_codes','Mozilla/5.0 (Windows; U; Windows NT 6.1; id; rv:1.9.2.10) Gecko/20100914 Firefox/3.6.10','2010-10-18 20:41:37'),(0,13,'125.161.129.228','checkups','index','GET','http://poliklinik.baukpoltek.net/checkups/add','/index.php?url=checkups','Mozilla/5.0 (Windows; U; Windows NT 5.1; id; rv:1.9.2.9) Gecko/20100824 Firefox/3.6.9','2010-10-18 15:18:19'),(0,1,'114.58.38.116','pages','display','GET','http://poliklinik.baukpoltek.net/users/login','/','Mozilla/5.0 (Windows; U; Windows NT 6.1; id; rv:1.9.2.10) Gecko/20100914 Firefox/3.6.10','2010-10-18 20:40:21'),(0,1,'114.58.38.116','checkups','view_zero_stocks','GET','http://poliklinik.baukpoltek.net/','/index.php?url=checkups/view_zero_stocks','Mozilla/5.0 (Windows; U; Windows NT 6.1; id; rv:1.9.2.10) Gecko/20100914 Firefox/3.6.10','2010-10-18 20:40:36'),(0,13,'125.161.129.228','checkups','add','POST','http://poliklinik.baukpoltek.net/checkups/add','/index.php?url=checkups/add','Mozilla/5.0 (Windows; U; Windows NT 5.1; id; rv:1.9.2.9) Gecko/20100824 Firefox/3.6.9','2010-10-18 15:18:19'),(0,13,'125.161.129.228','checkups','add','POST','http://poliklinik.baukpoltek.net/checkups/add','/index.php?url=checkups/add','Mozilla/5.0 (Windows; U; Windows NT 5.1; id; rv:1.9.2.9) Gecko/20100824 Firefox/3.6.9','2010-10-18 15:18:06'),(0,13,'125.161.129.228','checkups','patient_detail','GET','http://poliklinik.baukpoltek.net/checkups/add','/index.php?url=checkups/patient_detail/81','Mozilla/5.0 (Windows; U; Windows NT 5.1; id; rv:1.9.2.9) Gecko/20100824 Firefox/3.6.9','2010-10-18 15:17:12'),(0,13,'125.161.129.228','checkups','add','GET','http://poliklinik.baukpoltek.net/users/login','/index.php?url=checkups/add','Mozilla/5.0 (Windows; U; Windows NT 5.1; id; rv:1.9.2.9) Gecko/20100824 Firefox/3.6.9','2010-10-18 15:16:55'),(0,13,'125.161.129.228','checkups','index','GET','http://poliklinik.baukpoltek.net/checkups','/index.php?url=checkups/index/page:5&ajax=1','Mozilla/5.0 (Windows; U; Windows NT 5.1; id; rv:1.9.2.9) Gecko/20100824 Firefox/3.6.9','2010-10-18 14:42:24'),(0,13,'125.161.129.228','checkups','index','GET','http://poliklinik.baukpoltek.net/checkups/edit/106','/index.php?url=checkups','Mozilla/5.0 (Windows; U; Windows NT 5.1; id; rv:1.9.2.9) Gecko/20100824 Firefox/3.6.9','2010-10-18 14:42:15'),(0,13,'125.161.129.228','checkups','edit','GET','http://poliklinik.baukpoltek.net/checkups','/index.php?url=checkups/edit/106','Mozilla/5.0 (Windows; U; Windows NT 5.1; id; rv:1.9.2.9) Gecko/20100824 Firefox/3.6.9','2010-10-18 14:41:57'),(0,13,'125.161.129.228','checkups','edit','PUT','http://poliklinik.baukpoltek.net/checkups/edit/106','/index.php?url=checkups/edit/106','Mozilla/5.0 (Windows; U; Windows NT 5.1; id; rv:1.9.2.9) Gecko/20100824 Firefox/3.6.9','2010-10-18 14:42:15'),(0,13,'125.161.129.228','checkups','index','GET','http://poliklinik.baukpoltek.net/checkups','/index.php?url=checkups/index/page:5&ajax=1','Mozilla/5.0 (Windows; U; Windows NT 5.1; id; rv:1.9.2.9) Gecko/20100824 Firefox/3.6.9','2010-10-18 14:41:29'),(0,13,'125.161.129.228','checkups','add','POST','http://poliklinik.baukpoltek.net/checkups/add','/index.php?url=checkups/add','Mozilla/5.0 (Windows; U; Windows NT 5.1; id; rv:1.9.2.9) Gecko/20100824 Firefox/3.6.9','2010-10-18 14:41:17'),(0,13,'125.161.129.228','checkups','index','GET','http://poliklinik.baukpoltek.net/checkups/add','/index.php?url=checkups','Mozilla/5.0 (Windows; U; Windows NT 5.1; id; rv:1.9.2.9) Gecko/20100824 Firefox/3.6.9','2010-10-18 14:41:18'),(0,13,'125.161.129.228','checkups','patient_detail','GET','http://poliklinik.baukpoltek.net/checkups/add','/index.php?url=checkups/patient_detail/186','Mozilla/5.0 (Windows; U; Windows NT 5.1; id; rv:1.9.2.9) Gecko/20100824 Firefox/3.6.9','2010-10-18 14:38:44'),(0,13,'125.161.129.228','checkups','add','GET','http://poliklinik.baukpoltek.net/checkups','/index.php?url=checkups/add','Mozilla/5.0 (Windows; U; Windows NT 5.1; id; rv:1.9.2.9) Gecko/20100824 Firefox/3.6.9','2010-10-18 14:37:48'),(0,1,'124.195.57.142','checkups','edit','GET','http://poliklinik.baukpoltek.net/checkups','/index.php?url=checkups/edit/14','Mozilla/5.0 (Windows; U; Windows NT 5.1; id; rv:1.9.0.19) Gecko/2010031422 Firefox/3.0.19 (.NET CLR 3.5.30729)','2010-10-18 14:16:11'),(0,1,'124.195.57.142','checkups','index','GET','http://poliklinik.baukpoltek.net/checkups/edit/14','/index.php?url=checkups','Mozilla/5.0 (Windows; U; Windows NT 5.1; id; rv:1.9.0.19) Gecko/2010031422 Firefox/3.0.19 (.NET CLR 3.5.30729)','2010-10-18 14:16:33'),(0,1,'124.195.57.142','checkups','index','GET','http://poliklinik.baukpoltek.net/','/index.php?url=checkups','Mozilla/5.0 (Windows; U; Windows NT 5.1; id; rv:1.9.0.19) Gecko/2010031422 Firefox/3.0.19 (.NET CLR 3.5.30729)','2010-10-18 14:16:08'),(0,1,'124.195.57.142','pages','display','GET','http://poliklinik.baukpoltek.net/users/login','/','Mozilla/5.0 (Windows; U; Windows NT 5.1; id; rv:1.9.0.19) Gecko/2010031422 Firefox/3.0.19 (.NET CLR 3.5.30729)','2010-10-18 14:16:03'),(0,13,'110.138.32.88','checkups','report_checkups','POST','http://poliklinik.baukpoltek.net/checkups/report_checkups','/index.php?url=checkups/report_checkups','Mozilla/5.0 (Windows; U; Windows NT 5.1; en-US; rv:1.9.2.10) Gecko/20100914 Firefox/3.6.10','2010-10-18 14:08:32'),(0,13,'110.138.32.88','checkups','report_patients','GET','http://poliklinik.baukpoltek.net/checkups/report_checkups','/index.php?url=checkups/report_patients','Mozilla/5.0 (Windows; U; Windows NT 5.1; en-US; rv:1.9.2.10) Gecko/20100914 Firefox/3.6.10','2010-10-18 14:08:55'),(0,13,'110.138.32.88','checkups','report_checkups','GET','http://poliklinik.baukpoltek.net/checkups/report_patient_status','/index.php?url=checkups/report_checkups','Mozilla/5.0 (Windows; U; Windows NT 5.1; en-US; rv:1.9.2.10) Gecko/20100914 Firefox/3.6.10','2010-10-18 14:08:27'),(0,13,'110.138.32.88','checkups','report_patient_status','GET','http://poliklinik.baukpoltek.net/checkups/report_patient_status','/index.php?url=checkups/report_patient_status','Mozilla/5.0 (Windows; U; Windows NT 5.1; en-US; rv:1.9.2.10) Gecko/20100914 Firefox/3.6.10','2010-10-18 14:08:24'),(0,13,'125.161.129.228','checkups','index','GET','http://poliklinik.baukpoltek.net/checkups/add','/index.php?url=checkups','Mozilla/5.0 (Windows; U; Windows NT 5.1; id; rv:1.9.2.9) Gecko/20100824 Firefox/3.6.9','2010-10-18 13:59:03'),(0,13,'110.138.32.88','checkups','report_patient_status','GET','http://poliklinik.baukpoltek.net/users/login','/index.php?url=checkups/report_patient_status','Mozilla/5.0 (Windows; U; Windows NT 5.1; en-US; rv:1.9.2.10) Gecko/20100914 Firefox/3.6.10','2010-10-18 14:08:22'),(0,13,'125.161.129.228','checkups','add','POST','http://poliklinik.baukpoltek.net/checkups/add','/index.php?url=checkups/add','Mozilla/5.0 (Windows; U; Windows NT 5.1; id; rv:1.9.2.9) Gecko/20100824 Firefox/3.6.9','2010-10-18 13:59:02'),(0,13,'125.161.129.228','checkups','index','GET','http://poliklinik.baukpoltek.net/checkups/edit/10','/index.php?url=checkups','Mozilla/5.0 (Windows; U; Windows NT 5.1; id; rv:1.9.2.9) Gecko/20100824 Firefox/3.6.9','2010-10-18 13:55:24'),(0,13,'125.161.129.228','checkups','patient_detail','GET','http://poliklinik.baukpoltek.net/checkups/add','/index.php?url=checkups/patient_detail/74','Mozilla/5.0 (Windows; U; Windows NT 5.1; id; rv:1.9.2.9) Gecko/20100824 Firefox/3.6.9','2010-10-18 13:57:19'),(0,13,'125.161.129.228','checkups','add','GET','http://poliklinik.baukpoltek.net/checkups','/index.php?url=checkups/add','Mozilla/5.0 (Windows; U; Windows NT 5.1; id; rv:1.9.2.9) Gecko/20100824 Firefox/3.6.9','2010-10-18 13:55:50'),(0,13,'125.161.129.228','checkups','edit','PUT','http://poliklinik.baukpoltek.net/checkups/edit/10','/index.php?url=checkups/edit/10','Mozilla/5.0 (Windows; U; Windows NT 5.1; id; rv:1.9.2.9) Gecko/20100824 Firefox/3.6.9','2010-10-18 13:55:24'),(0,13,'125.161.129.228','checkups','edit','GET','http://poliklinik.baukpoltek.net/checkups','/index.php?url=checkups/edit/10','Mozilla/5.0 (Windows; U; Windows NT 5.1; id; rv:1.9.2.9) Gecko/20100824 Firefox/3.6.9','2010-10-18 13:55:05'),(0,13,'125.161.129.228','checkups','index','GET','http://poliklinik.baukpoltek.net/checkups','/index.php?url=checkups/index/page:1&ajax=1','Mozilla/5.0 (Windows; U; Windows NT 5.1; id; rv:1.9.2.9) Gecko/20100824 Firefox/3.6.9','2010-10-18 13:54:39'),(0,13,'125.161.129.228','checkups','index','GET','http://poliklinik.baukpoltek.net/checkups','/index.php?url=checkups/index/page:5&ajax=1','Mozilla/5.0 (Windows; U; Windows NT 5.1; id; rv:1.9.2.9) Gecko/20100824 Firefox/3.6.9','2010-10-18 13:54:31'),(0,13,'125.161.129.228','checkups','index','GET','http://poliklinik.baukpoltek.net/checkups','/index.php?url=checkups/index/page:4&ajax=1','Mozilla/5.0 (Windows; U; Windows NT 5.1; id; rv:1.9.2.9) Gecko/20100824 Firefox/3.6.9','2010-10-18 13:54:22'),(0,13,'125.161.129.228','checkups','index','GET','http://poliklinik.baukpoltek.net/checkups','/index.php?url=checkups/index/page:3&ajax=1','Mozilla/5.0 (Windows; U; Windows NT 5.1; id; rv:1.9.2.9) Gecko/20100824 Firefox/3.6.9','2010-10-18 13:54:11'),(0,13,'125.161.129.228','checkups','index','GET','http://poliklinik.baukpoltek.net/checkups','/index.php?url=checkups/index/page:2&ajax=1','Mozilla/5.0 (Windows; U; Windows NT 5.1; id; rv:1.9.2.9) Gecko/20100824 Firefox/3.6.9','2010-10-18 13:53:58'),(0,13,'125.161.129.228','checkups','index','GET','http://poliklinik.baukpoltek.net/checkups','/index.php?url=checkups/index/page:5&ajax=1','Mozilla/5.0 (Windows; U; Windows NT 5.1; id; rv:1.9.2.9) Gecko/20100824 Firefox/3.6.9','2010-10-18 13:53:19'),(0,13,'125.161.129.228','checkups','index','GET','http://poliklinik.baukpoltek.net/checkups','/index.php?url=checkups/index/page:3&ajax=1','Mozilla/5.0 (Windows; U; Windows NT 5.1; id; rv:1.9.2.9) Gecko/20100824 Firefox/3.6.9','2010-10-18 13:52:48'),(0,13,'125.161.129.228','checkups','index','GET','http://poliklinik.baukpoltek.net/checkups','/index.php?url=checkups/index/page:4&ajax=1','Mozilla/5.0 (Windows; U; Windows NT 5.1; id; rv:1.9.2.9) Gecko/20100824 Firefox/3.6.9','2010-10-18 13:53:02'),(0,13,'125.161.129.228','checkups','index','GET','http://poliklinik.baukpoltek.net/checkups','/index.php?url=checkups/index/page:2&ajax=1','Mozilla/5.0 (Windows; U; Windows NT 5.1; id; rv:1.9.2.9) Gecko/20100824 Firefox/3.6.9','2010-10-18 13:52:19'),(0,13,'125.161.129.228','checkups','index','GET','http://poliklinik.baukpoltek.net/checkups/add','/index.php?url=checkups','Mozilla/5.0 (Windows; U; Windows NT 5.1; id; rv:1.9.2.9) Gecko/20100824 Firefox/3.6.9','2010-10-18 13:52:06'),(0,13,'125.161.129.228','checkups','patient_detail','GET','http://poliklinik.baukpoltek.net/checkups/add','/index.php?url=checkups/patient_detail/204','Mozilla/5.0 (Windows; U; Windows NT 5.1; id; rv:1.9.2.9) Gecko/20100824 Firefox/3.6.9','2010-10-18 13:50:19'),(0,13,'125.161.129.228','checkups','add','POST','http://poliklinik.baukpoltek.net/checkups/add','/index.php?url=checkups/add','Mozilla/5.0 (Windows; U; Windows NT 5.1; id; rv:1.9.2.9) Gecko/20100824 Firefox/3.6.9','2010-10-18 13:52:06'),(0,13,'125.161.129.228','checkups','add','GET','http://poliklinik.baukpoltek.net/checkups','/index.php?url=checkups/add','Mozilla/5.0 (Windows; U; Windows NT 5.1; id; rv:1.9.2.9) Gecko/20100824 Firefox/3.6.9','2010-10-18 13:50:02'),(0,13,'125.161.129.228','checkups','add','POST','http://poliklinik.baukpoltek.net/checkups/add','/index.php?url=checkups/add','Mozilla/5.0 (Windows; U; Windows NT 5.1; id; rv:1.9.2.9) Gecko/20100824 Firefox/3.6.9','2010-10-18 13:49:23'),(0,13,'125.161.129.228','checkups','add','POST','http://poliklinik.baukpoltek.net/checkups/add','/index.php?url=checkups/add','Mozilla/5.0 (Windows; U; Windows NT 5.1; id; rv:1.9.2.9) Gecko/20100824 Firefox/3.6.9','2010-10-18 13:49:32'),(0,13,'125.161.129.228','checkups','index','GET','http://poliklinik.baukpoltek.net/checkups/add','/index.php?url=checkups','Mozilla/5.0 (Windows; U; Windows NT 5.1; id; rv:1.9.2.9) Gecko/20100824 Firefox/3.6.9','2010-10-18 13:49:32'),(0,13,'125.161.129.228','checkups','patient_detail','GET','http://poliklinik.baukpoltek.net/checkups/add','/index.php?url=checkups/patient_detail/203','Mozilla/5.0 (Windows; U; Windows NT 5.1; id; rv:1.9.2.9) Gecko/20100824 Firefox/3.6.9','2010-10-18 13:46:49'),(0,13,'125.161.129.228','checkups','add','GET','http://poliklinik.baukpoltek.net/checkups','/index.php?url=checkups/add','Mozilla/5.0 (Windows; U; Windows NT 5.1; id; rv:1.9.2.9) Gecko/20100824 Firefox/3.6.9','2010-10-18 13:46:33'),(0,13,'125.161.129.228','checkups','index','GET','http://poliklinik.baukpoltek.net/checkups/add','/index.php?url=checkups','Mozilla/5.0 (Windows; U; Windows NT 5.1; id; rv:1.9.2.9) Gecko/20100824 Firefox/3.6.9','2010-10-18 13:46:21'),(0,13,'125.161.129.228','checkups','add','POST','http://poliklinik.baukpoltek.net/checkups/add','/index.php?url=checkups/add','Mozilla/5.0 (Windows; U; Windows NT 5.1; id; rv:1.9.2.9) Gecko/20100824 Firefox/3.6.9','2010-10-18 13:46:20'),(0,13,'125.161.129.228','checkups','index','GET','http://poliklinik.baukpoltek.net/checkups/add','/index.php?url=checkups','Mozilla/5.0 (Windows; U; Windows NT 5.1; id; rv:1.9.2.9) Gecko/20100824 Firefox/3.6.9','2010-10-18 13:44:26'),(0,13,'125.161.129.228','checkups','add','GET','http://poliklinik.baukpoltek.net/checkups','/index.php?url=checkups/add','Mozilla/5.0 (Windows; U; Windows NT 5.1; id; rv:1.9.2.9) Gecko/20100824 Firefox/3.6.9','2010-10-18 13:44:38'),(0,13,'125.161.129.228','checkups','patient_detail','GET','http://poliklinik.baukpoltek.net/checkups/add','/index.php?url=checkups/patient_detail/202','Mozilla/5.0 (Windows; U; Windows NT 5.1; id; rv:1.9.2.9) Gecko/20100824 Firefox/3.6.9','2010-10-18 13:44:56'),(0,13,'125.161.129.228','checkups','patient_detail','GET','http://poliklinik.baukpoltek.net/checkups/add','/index.php?url=checkups/patient_detail/201','Mozilla/5.0 (Windows; U; Windows NT 5.1; id; rv:1.9.2.9) Gecko/20100824 Firefox/3.6.9','2010-10-18 13:43:10'),(0,13,'125.161.129.228','checkups','add','POST','http://poliklinik.baukpoltek.net/checkups/add','/index.php?url=checkups/add','Mozilla/5.0 (Windows; U; Windows NT 5.1; id; rv:1.9.2.9) Gecko/20100824 Firefox/3.6.9','2010-10-18 13:44:26'),(0,13,'125.161.129.228','checkups','add','GET','http://poliklinik.baukpoltek.net/checkups','/index.php?url=checkups/add','Mozilla/5.0 (Windows; U; Windows NT 5.1; id; rv:1.9.2.9) Gecko/20100824 Firefox/3.6.9','2010-10-18 13:42:53'),(0,13,'125.161.129.228','checkups','add','GET','http://poliklinik.baukpoltek.net/checkups','/index.php?url=checkups/add','Mozilla/5.0 (Windows; U; Windows NT 5.1; id; rv:1.9.2.9) Gecko/20100824 Firefox/3.6.9','2010-10-18 13:40:57'),(0,13,'125.161.129.228','checkups','patient_detail','GET','http://poliklinik.baukpoltek.net/checkups/add','/index.php?url=checkups/patient_detail/199','Mozilla/5.0 (Windows; U; Windows NT 5.1; id; rv:1.9.2.9) Gecko/20100824 Firefox/3.6.9','2010-10-18 13:41:13'),(0,13,'125.161.129.228','checkups','patient_detail','GET','http://poliklinik.baukpoltek.net/checkups/add','/index.php?url=checkups/patient_detail/200','Mozilla/5.0 (Windows; U; Windows NT 5.1; id; rv:1.9.2.9) Gecko/20100824 Firefox/3.6.9','2010-10-18 13:41:23'),(0,13,'125.161.129.228','checkups','index','GET','http://poliklinik.baukpoltek.net/checkups/add','/index.php?url=checkups','Mozilla/5.0 (Windows; U; Windows NT 5.1; id; rv:1.9.2.9) Gecko/20100824 Firefox/3.6.9','2010-10-18 13:42:41'),(0,13,'125.161.129.228','checkups','add','POST','http://poliklinik.baukpoltek.net/checkups/add','/index.php?url=checkups/add','Mozilla/5.0 (Windows; U; Windows NT 5.1; id; rv:1.9.2.9) Gecko/20100824 Firefox/3.6.9','2010-10-18 13:42:41'),(0,13,'125.161.129.228','checkups','index','GET','http://poliklinik.baukpoltek.net/checkups/add','/index.php?url=checkups','Mozilla/5.0 (Windows; U; Windows NT 5.1; id; rv:1.9.2.9) Gecko/20100824 Firefox/3.6.9','2010-10-18 13:40:48'),(0,13,'125.161.129.228','checkups','index','GET','http://poliklinik.baukpoltek.net/checkups/add','/index.php?url=checkups','Mozilla/5.0 (Windows; U; Windows NT 5.1; id; rv:1.9.2.9) Gecko/20100824 Firefox/3.6.9','2010-10-18 13:39:16'),(0,13,'125.161.129.228','checkups','add','GET','http://poliklinik.baukpoltek.net/checkups','/index.php?url=checkups/add','Mozilla/5.0 (Windows; U; Windows NT 5.1; id; rv:1.9.2.9) Gecko/20100824 Firefox/3.6.9','2010-10-18 13:39:25'),(0,13,'125.161.129.228','checkups','patient_detail','GET','http://poliklinik.baukpoltek.net/checkups/add','/index.php?url=checkups/patient_detail/199','Mozilla/5.0 (Windows; U; Windows NT 5.1; id; rv:1.9.2.9) Gecko/20100824 Firefox/3.6.9','2010-10-18 13:39:41'),(0,13,'125.161.129.228','checkups','add','POST','http://poliklinik.baukpoltek.net/checkups/add','/index.php?url=checkups/add','Mozilla/5.0 (Windows; U; Windows NT 5.1; id; rv:1.9.2.9) Gecko/20100824 Firefox/3.6.9','2010-10-18 13:40:48'),(0,13,'125.161.129.228','checkups','add','GET','http://poliklinik.baukpoltek.net/checkups','/index.php?url=checkups/add','Mozilla/5.0 (Windows; U; Windows NT 5.1; id; rv:1.9.2.9) Gecko/20100824 Firefox/3.6.9','2010-10-18 13:35:39'),(0,13,'125.161.129.228','checkups','add','POST','http://poliklinik.baukpoltek.net/checkups/add','/index.php?url=checkups/add','Mozilla/5.0 (Windows; U; Windows NT 5.1; id; rv:1.9.2.9) Gecko/20100824 Firefox/3.6.9','2010-10-18 13:39:16'),(0,13,'125.161.129.228','checkups','patient_detail','GET','http://poliklinik.baukpoltek.net/checkups/add','/index.php?url=checkups/patient_detail/197','Mozilla/5.0 (Windows; U; Windows NT 5.1; id; rv:1.9.2.9) Gecko/20100824 Firefox/3.6.9','2010-10-18 13:36:26'),(0,13,'125.161.129.228','checkups','index','GET','http://poliklinik.baukpoltek.net/checkups/add','/index.php?url=checkups','Mozilla/5.0 (Windows; U; Windows NT 5.1; id; rv:1.9.2.9) Gecko/20100824 Firefox/3.6.9','2010-10-18 13:35:20'),(0,13,'125.161.129.228','checkups','add','POST','http://poliklinik.baukpoltek.net/checkups/add','/index.php?url=checkups/add','Mozilla/5.0 (Windows; U; Windows NT 5.1; id; rv:1.9.2.9) Gecko/20100824 Firefox/3.6.9','2010-10-18 13:35:20'),(0,13,'125.161.129.228','checkups','add','GET','http://poliklinik.baukpoltek.net/checkups','/index.php?url=checkups/add','Mozilla/5.0 (Windows; U; Windows NT 5.1; id; rv:1.9.2.9) Gecko/20100824 Firefox/3.6.9','2010-10-18 13:32:39'),(0,13,'125.161.129.228','checkups','patient_detail','GET','http://poliklinik.baukpoltek.net/checkups/add','/index.php?url=checkups/patient_detail/198','Mozilla/5.0 (Windows; U; Windows NT 5.1; id; rv:1.9.2.9) Gecko/20100824 Firefox/3.6.9','2010-10-18 13:33:01'),(0,13,'125.161.129.228','checkups','add','POST','http://poliklinik.baukpoltek.net/checkups/add','/index.php?url=checkups/add','Mozilla/5.0 (Windows; U; Windows NT 5.1; id; rv:1.9.2.9) Gecko/20100824 Firefox/3.6.9','2010-10-18 13:32:14'),(0,13,'125.161.129.228','checkups','index','GET','http://poliklinik.baukpoltek.net/checkups/add','/index.php?url=checkups','Mozilla/5.0 (Windows; U; Windows NT 5.1; id; rv:1.9.2.9) Gecko/20100824 Firefox/3.6.9','2010-10-18 13:32:14'),(0,13,'125.161.129.228','checkups','index','GET','http://poliklinik.baukpoltek.net/checkups/add','/index.php?url=checkups','Mozilla/5.0 (Windows; U; Windows NT 5.1; id; rv:1.9.2.9) Gecko/20100824 Firefox/3.6.9','2010-10-18 13:28:05'),(0,13,'125.161.129.228','checkups','add','GET','http://poliklinik.baukpoltek.net/checkups','/index.php?url=checkups/add','Mozilla/5.0 (Windows; U; Windows NT 5.1; id; rv:1.9.2.9) Gecko/20100824 Firefox/3.6.9','2010-10-18 13:28:21'),(0,13,'125.161.129.228','checkups','patient_detail','GET','http://poliklinik.baukpoltek.net/checkups/add','/index.php?url=checkups/patient_detail/197','Mozilla/5.0 (Windows; U; Windows NT 5.1; id; rv:1.9.2.9) Gecko/20100824 Firefox/3.6.9','2010-10-18 13:29:01'),(0,13,'125.161.129.228','checkups','add','POST','http://poliklinik.baukpoltek.net/checkups/add','/index.php?url=checkups/add','Mozilla/5.0 (Windows; U; Windows NT 5.1; id; rv:1.9.2.9) Gecko/20100824 Firefox/3.6.9','2010-10-18 13:28:04'),(0,13,'125.161.129.228','checkups','patient_detail','GET','http://poliklinik.baukpoltek.net/checkups/add','/index.php?url=checkups/patient_detail/194','Mozilla/5.0 (Windows; U; Windows NT 5.1; id; rv:1.9.2.9) Gecko/20100824 Firefox/3.6.9','2010-10-18 13:25:17'),(0,13,'125.161.129.228','checkups','add','POST','http://poliklinik.baukpoltek.net/checkups/add','/index.php?url=checkups/add','Mozilla/5.0 (Windows; U; Windows NT 5.1; id; rv:1.9.2.9) Gecko/20100824 Firefox/3.6.9','2010-10-18 13:24:47'),(0,13,'125.161.129.228','checkups','index','GET','http://poliklinik.baukpoltek.net/checkups/add','/index.php?url=checkups','Mozilla/5.0 (Windows; U; Windows NT 5.1; id; rv:1.9.2.9) Gecko/20100824 Firefox/3.6.9','2010-10-18 13:24:47'),(0,13,'125.161.129.228','checkups','add','GET','http://poliklinik.baukpoltek.net/checkups','/index.php?url=checkups/add','Mozilla/5.0 (Windows; U; Windows NT 5.1; id; rv:1.9.2.9) Gecko/20100824 Firefox/3.6.9','2010-10-18 13:25:00'),(0,13,'125.161.129.228','checkups','add','GET','http://poliklinik.baukpoltek.net/checkups','/index.php?url=checkups/add','Mozilla/5.0 (Windows; U; Windows NT 5.1; id; rv:1.9.2.9) Gecko/20100824 Firefox/3.6.9','2010-10-18 13:22:54'),(0,13,'125.161.129.228','checkups','patient_detail','GET','http://poliklinik.baukpoltek.net/checkups/add','/index.php?url=checkups/patient_detail/193','Mozilla/5.0 (Windows; U; Windows NT 5.1; id; rv:1.9.2.9) Gecko/20100824 Firefox/3.6.9','2010-10-18 13:23:34'),(0,13,'125.161.129.228','checkups','index','GET','http://poliklinik.baukpoltek.net/diagnoses','/index.php?url=checkups','Mozilla/5.0 (Windows; U; Windows NT 5.1; id; rv:1.9.2.9) Gecko/20100824 Firefox/3.6.9','2010-10-18 13:22:49'),(0,13,'125.161.129.228','diagnoses','index','GET','http://poliklinik.baukpoltek.net/diagnoses','/index.php?url=diagnoses/index/page:2&ajax=1','Mozilla/5.0 (Windows; U; Windows NT 5.1; id; rv:1.9.2.9) Gecko/20100824 Firefox/3.6.9','2010-10-18 13:21:59'),(0,13,'125.161.129.228','diagnoses','index','GET','http://poliklinik.baukpoltek.net/diagnoses/add','/index.php?url=diagnoses','Mozilla/5.0 (Windows; U; Windows NT 5.1; id; rv:1.9.2.9) Gecko/20100824 Firefox/3.6.9','2010-10-18 13:22:34'),(0,13,'125.161.129.228','diagnoses','add','POST','http://poliklinik.baukpoltek.net/diagnoses/add','/index.php?url=diagnoses/add','Mozilla/5.0 (Windows; U; Windows NT 5.1; id; rv:1.9.2.9) Gecko/20100824 Firefox/3.6.9','2010-10-18 13:22:33'),(0,13,'125.161.129.228','diagnoses','add','GET','http://poliklinik.baukpoltek.net/diagnoses','/index.php?url=diagnoses/add','Mozilla/5.0 (Windows; U; Windows NT 5.1; id; rv:1.9.2.9) Gecko/20100824 Firefox/3.6.9','2010-10-18 13:22:19'),(0,13,'125.161.129.228','checkups','index','GET','http://poliklinik.baukpoltek.net/checkups/add','/index.php?url=checkups','Mozilla/5.0 (Windows; U; Windows NT 5.1; id; rv:1.9.2.9) Gecko/20100824 Firefox/3.6.9','2010-10-18 13:21:36'),(0,13,'125.161.129.228','diagnoses','index','GET','http://poliklinik.baukpoltek.net/checkups','/index.php?url=diagnoses','Mozilla/5.0 (Windows; U; Windows NT 5.1; id; rv:1.9.2.9) Gecko/20100824 Firefox/3.6.9','2010-10-18 13:21:40'),(0,13,'125.161.129.228','checkups','patient_detail','GET','http://poliklinik.baukpoltek.net/checkups/add','/index.php?url=checkups/patient_detail/193','Mozilla/5.0 (Windows; U; Windows NT 5.1; id; rv:1.9.2.9) Gecko/20100824 Firefox/3.6.9','2010-10-18 13:21:19'),(0,13,'125.161.129.228','checkups','index','GET','http://poliklinik.baukpoltek.net/checkups/add','/index.php?url=checkups','Mozilla/5.0 (Windows; U; Windows NT 5.1; id; rv:1.9.2.9) Gecko/20100824 Firefox/3.6.9','2010-10-18 13:20:34'),(0,13,'125.161.129.228','checkups','add','GET','http://poliklinik.baukpoltek.net/checkups','/index.php?url=checkups/add','Mozilla/5.0 (Windows; U; Windows NT 5.1; id; rv:1.9.2.9) Gecko/20100824 Firefox/3.6.9','2010-10-18 13:20:53'),(0,13,'125.161.129.228','patients','index','GET','http://poliklinik.baukpoltek.net/patients','/index.php?url=patients/index/page:10&ajax=1','Mozilla/5.0 (Windows; U; Windows NT 5.1; id; rv:1.9.2.9) Gecko/20100824 Firefox/3.6.9','2010-10-18 13:19:58'),(0,13,'125.161.129.228','checkups','index','GET','http://poliklinik.baukpoltek.net/patients','/index.php?url=checkups','Mozilla/5.0 (Windows; U; Windows NT 5.1; id; rv:1.9.2.9) Gecko/20100824 Firefox/3.6.9','2010-10-18 13:20:02'),(0,13,'125.161.129.228','checkups','add','GET','http://poliklinik.baukpoltek.net/checkups','/index.php?url=checkups/add','Mozilla/5.0 (Windows; U; Windows NT 5.1; id; rv:1.9.2.9) Gecko/20100824 Firefox/3.6.9','2010-10-18 13:20:07'),(0,13,'125.161.129.228','patients','index','GET','http://poliklinik.baukpoltek.net/patients','/index.php?url=patients/index/page:11&ajax=1','Mozilla/5.0 (Windows; U; Windows NT 5.1; id; rv:1.9.2.9) Gecko/20100824 Firefox/3.6.9','2010-10-18 13:19:53'),(0,13,'125.161.129.228','patients','index','GET','http://poliklinik.baukpoltek.net/patients','/index.php?url=patients/index/page:10&ajax=1','Mozilla/5.0 (Windows; U; Windows NT 5.1; id; rv:1.9.2.9) Gecko/20100824 Firefox/3.6.9','2010-10-18 13:19:18'),(0,13,'125.161.129.228','patients','index','GET','http://poliklinik.baukpoltek.net/patients','/index.php?url=patients/index/page:7&ajax=1','Mozilla/5.0 (Windows; U; Windows NT 5.1; id; rv:1.9.2.9) Gecko/20100824 Firefox/3.6.9','2010-10-18 13:19:07'),(0,13,'125.161.129.228','patients','index','GET','http://poliklinik.baukpoltek.net/patients','/index.php?url=patients/index/page:8&ajax=1','Mozilla/5.0 (Windows; U; Windows NT 5.1; id; rv:1.9.2.9) Gecko/20100824 Firefox/3.6.9','2010-10-18 13:19:11'),(0,13,'125.161.129.228','patients','index','GET','http://poliklinik.baukpoltek.net/patients','/index.php?url=patients/index/page:9&ajax=1','Mozilla/5.0 (Windows; U; Windows NT 5.1; id; rv:1.9.2.9) Gecko/20100824 Firefox/3.6.9','2010-10-18 13:19:14'),(0,13,'125.161.129.228','patients','index','GET','http://poliklinik.baukpoltek.net/patients','/index.php?url=patients/index/page:4&ajax=1','Mozilla/5.0 (Windows; U; Windows NT 5.1; id; rv:1.9.2.9) Gecko/20100824 Firefox/3.6.9','2010-10-18 13:18:52'),(0,13,'125.161.129.228','patients','index','GET','http://poliklinik.baukpoltek.net/patients','/index.php?url=patients/index/page:5&ajax=1','Mozilla/5.0 (Windows; U; Windows NT 5.1; id; rv:1.9.2.9) Gecko/20100824 Firefox/3.6.9','2010-10-18 13:18:56'),(0,13,'125.161.129.228','patients','index','GET','http://poliklinik.baukpoltek.net/patients','/index.php?url=patients/index/page:6&ajax=1','Mozilla/5.0 (Windows; U; Windows NT 5.1; id; rv:1.9.2.9) Gecko/20100824 Firefox/3.6.9','2010-10-18 13:19:02'),(0,13,'125.161.129.228','patients','index','GET','http://poliklinik.baukpoltek.net/patients/add','/index.php?url=patients','Mozilla/5.0 (Windows; U; Windows NT 5.1; id; rv:1.9.2.9) Gecko/20100824 Firefox/3.6.9','2010-10-18 13:18:34'),(0,13,'125.161.129.228','patients','index','GET','http://poliklinik.baukpoltek.net/patients','/index.php?url=patients/index/page:2&ajax=1','Mozilla/5.0 (Windows; U; Windows NT 5.1; id; rv:1.9.2.9) Gecko/20100824 Firefox/3.6.9','2010-10-18 13:18:41'),(0,13,'125.161.129.228','patients','index','GET','http://poliklinik.baukpoltek.net/patients','/index.php?url=patients/index/page:3&ajax=1','Mozilla/5.0 (Windows; U; Windows NT 5.1; id; rv:1.9.2.9) Gecko/20100824 Firefox/3.6.9','2010-10-18 13:18:47'),(0,13,'125.161.129.228','patients','add','GET','http://poliklinik.baukpoltek.net/patients','/index.php?url=patients/add','Mozilla/5.0 (Windows; U; Windows NT 5.1; id; rv:1.9.2.9) Gecko/20100824 Firefox/3.6.9','2010-10-18 13:18:13'),(0,13,'125.161.129.228','patients','add','POST','http://poliklinik.baukpoltek.net/patients/add','/index.php?url=patients/add','Mozilla/5.0 (Windows; U; Windows NT 5.1; id; rv:1.9.2.9) Gecko/20100824 Firefox/3.6.9','2010-10-18 13:18:34'),(0,13,'125.161.129.228','patients','index','GET','http://poliklinik.baukpoltek.net/patients/add','/index.php?url=patients','Mozilla/5.0 (Windows; U; Windows NT 5.1; id; rv:1.9.2.9) Gecko/20100824 Firefox/3.6.9','2010-10-18 13:18:01'),(0,13,'125.161.129.228','patients','add','GET','http://poliklinik.baukpoltek.net/patients','/index.php?url=patients/add','Mozilla/5.0 (Windows; U; Windows NT 5.1; id; rv:1.9.2.9) Gecko/20100824 Firefox/3.6.9','2010-10-18 13:17:44'),(0,13,'125.161.129.228','patients','add','POST','http://poliklinik.baukpoltek.net/patients/add','/index.php?url=patients/add','Mozilla/5.0 (Windows; U; Windows NT 5.1; id; rv:1.9.2.9) Gecko/20100824 Firefox/3.6.9','2010-10-18 13:18:01'),(0,13,'125.161.129.228','patients','index','GET','http://poliklinik.baukpoltek.net/patients/add','/index.php?url=patients','Mozilla/5.0 (Windows; U; Windows NT 5.1; id; rv:1.9.2.9) Gecko/20100824 Firefox/3.6.9','2010-10-18 13:17:35'),(0,13,'125.161.129.228','patients','add','GET','http://poliklinik.baukpoltek.net/patients','/index.php?url=patients/add','Mozilla/5.0 (Windows; U; Windows NT 5.1; id; rv:1.9.2.9) Gecko/20100824 Firefox/3.6.9','2010-10-18 13:17:19'),(0,13,'125.161.129.228','patients','add','POST','http://poliklinik.baukpoltek.net/patients/add','/index.php?url=patients/add','Mozilla/5.0 (Windows; U; Windows NT 5.1; id; rv:1.9.2.9) Gecko/20100824 Firefox/3.6.9','2010-10-18 13:17:35'),(0,13,'125.161.129.228','patients','index','GET','http://poliklinik.baukpoltek.net/patients/add','/index.php?url=patients','Mozilla/5.0 (Windows; U; Windows NT 5.1; id; rv:1.9.2.9) Gecko/20100824 Firefox/3.6.9','2010-10-18 13:17:13'),(0,13,'125.161.129.228','patients','index','GET','http://poliklinik.baukpoltek.net/patients/add','/index.php?url=patients','Mozilla/5.0 (Windows; U; Windows NT 5.1; id; rv:1.9.2.9) Gecko/20100824 Firefox/3.6.9','2010-10-18 13:16:37'),(0,13,'125.161.129.228','patients','add','GET','http://poliklinik.baukpoltek.net/patients','/index.php?url=patients/add','Mozilla/5.0 (Windows; U; Windows NT 5.1; id; rv:1.9.2.9) Gecko/20100824 Firefox/3.6.9','2010-10-18 13:16:50'),(0,13,'125.161.129.228','patients','add','POST','http://poliklinik.baukpoltek.net/patients/add','/index.php?url=patients/add','Mozilla/5.0 (Windows; U; Windows NT 5.1; id; rv:1.9.2.9) Gecko/20100824 Firefox/3.6.9','2010-10-18 13:17:12'),(0,13,'125.161.129.228','patients','add','POST','http://poliklinik.baukpoltek.net/patients/add','/index.php?url=patients/add','Mozilla/5.0 (Windows; U; Windows NT 5.1; id; rv:1.9.2.9) Gecko/20100824 Firefox/3.6.9','2010-10-18 13:16:37'),(0,13,'125.161.129.228','patients','index','GET','http://poliklinik.baukpoltek.net/patients/add','/index.php?url=patients','Mozilla/5.0 (Windows; U; Windows NT 5.1; id; rv:1.9.2.9) Gecko/20100824 Firefox/3.6.9','2010-10-18 13:16:09'),(0,13,'125.161.129.228','patients','add','GET','http://poliklinik.baukpoltek.net/patients','/index.php?url=patients/add','Mozilla/5.0 (Windows; U; Windows NT 5.1; id; rv:1.9.2.9) Gecko/20100824 Firefox/3.6.9','2010-10-18 13:16:19'),(0,13,'125.161.129.228','patients','index','GET','http://poliklinik.baukpoltek.net/patients/add','/index.php?url=patients','Mozilla/5.0 (Windows; U; Windows NT 5.1; id; rv:1.9.2.9) Gecko/20100824 Firefox/3.6.9','2010-10-18 13:15:18'),(0,13,'125.161.129.228','patients','add','GET','http://poliklinik.baukpoltek.net/patients','/index.php?url=patients/add','Mozilla/5.0 (Windows; U; Windows NT 5.1; id; rv:1.9.2.9) Gecko/20100824 Firefox/3.6.9','2010-10-18 13:15:41'),(0,13,'125.161.129.228','patients','add','POST','http://poliklinik.baukpoltek.net/patients/add','/index.php?url=patients/add','Mozilla/5.0 (Windows; U; Windows NT 5.1; id; rv:1.9.2.9) Gecko/20100824 Firefox/3.6.9','2010-10-18 13:16:09'),(0,13,'125.161.129.228','patients','add','GET','http://poliklinik.baukpoltek.net/patients','/index.php?url=patients/add','Mozilla/5.0 (Windows; U; Windows NT 5.1; id; rv:1.9.2.9) Gecko/20100824 Firefox/3.6.9','2010-10-18 13:14:59'),(0,13,'125.161.129.228','patients','add','POST','http://poliklinik.baukpoltek.net/patients/add','/index.php?url=patients/add','Mozilla/5.0 (Windows; U; Windows NT 5.1; id; rv:1.9.2.9) Gecko/20100824 Firefox/3.6.9','2010-10-18 13:15:18'),(0,13,'125.161.129.228','patients','add','GET','http://poliklinik.baukpoltek.net/patients','/index.php?url=patients/add','Mozilla/5.0 (Windows; U; Windows NT 5.1; id; rv:1.9.2.9) Gecko/20100824 Firefox/3.6.9','2010-10-18 13:14:23'),(0,13,'125.161.129.228','patients','index','GET','http://poliklinik.baukpoltek.net/patients/add','/index.php?url=patients','Mozilla/5.0 (Windows; U; Windows NT 5.1; id; rv:1.9.2.9) Gecko/20100824 Firefox/3.6.9','2010-10-18 13:14:52'),(0,13,'125.161.129.228','patients','add','POST','http://poliklinik.baukpoltek.net/patients/add','/index.php?url=patients/add','Mozilla/5.0 (Windows; U; Windows NT 5.1; id; rv:1.9.2.9) Gecko/20100824 Firefox/3.6.9','2010-10-18 13:14:52'),(0,13,'125.161.129.228','patients','index','GET','http://poliklinik.baukpoltek.net/patients/add','/index.php?url=patients','Mozilla/5.0 (Windows; U; Windows NT 5.1; id; rv:1.9.2.9) Gecko/20100824 Firefox/3.6.9','2010-10-18 13:14:12'),(0,13,'125.161.129.228','patients','add','POST','http://poliklinik.baukpoltek.net/patients/add','/index.php?url=patients/add','Mozilla/5.0 (Windows; U; Windows NT 5.1; id; rv:1.9.2.9) Gecko/20100824 Firefox/3.6.9','2010-10-18 13:14:12'),(0,13,'125.161.129.228','patients','index','GET','http://poliklinik.baukpoltek.net/patients/add','/index.php?url=patients','Mozilla/5.0 (Windows; U; Windows NT 5.1; id; rv:1.9.2.9) Gecko/20100824 Firefox/3.6.9','2010-10-18 13:13:45'),(0,13,'125.161.129.228','patients','add','GET','http://poliklinik.baukpoltek.net/patients','/index.php?url=patients/add','Mozilla/5.0 (Windows; U; Windows NT 5.1; id; rv:1.9.2.9) Gecko/20100824 Firefox/3.6.9','2010-10-18 13:13:48'),(0,13,'125.161.129.228','patients','add','POST','http://poliklinik.baukpoltek.net/patients/add','/index.php?url=patients/add','Mozilla/5.0 (Windows; U; Windows NT 5.1; id; rv:1.9.2.9) Gecko/20100824 Firefox/3.6.9','2010-10-18 13:13:44'),(0,13,'125.161.129.228','patients','index','GET','http://poliklinik.baukpoltek.net/patients/add','/index.php?url=patients','Mozilla/5.0 (Windows; U; Windows NT 5.1; id; rv:1.9.2.9) Gecko/20100824 Firefox/3.6.9','2010-10-18 13:12:47'),(0,13,'125.161.129.228','patients','add','GET','http://poliklinik.baukpoltek.net/patients','/index.php?url=patients/add','Mozilla/5.0 (Windows; U; Windows NT 5.1; id; rv:1.9.2.9) Gecko/20100824 Firefox/3.6.9','2010-10-18 13:13:13'),(0,13,'125.161.129.228','patients','add','POST','http://poliklinik.baukpoltek.net/patients/add','/index.php?url=patients/add','Mozilla/5.0 (Windows; U; Windows NT 5.1; id; rv:1.9.2.9) Gecko/20100824 Firefox/3.6.9','2010-10-18 13:12:47'),(0,13,'125.161.129.228','patients','add','GET','http://poliklinik.baukpoltek.net/patients','/index.php?url=patients/add','Mozilla/5.0 (Windows; U; Windows NT 5.1; id; rv:1.9.2.9) Gecko/20100824 Firefox/3.6.9','2010-10-18 13:12:03'),(0,13,'125.161.129.228','handlers','index','GET','http://poliklinik.baukpoltek.net/handlers/edit/4','/index.php?url=handlers','Mozilla/5.0 (Windows; U; Windows NT 5.1; id; rv:1.9.2.9) Gecko/20100824 Firefox/3.6.9','2010-10-18 13:11:50'),(0,13,'125.161.129.228','patients','index','GET','http://poliklinik.baukpoltek.net/handlers','/index.php?url=patients','Mozilla/5.0 (Windows; U; Windows NT 5.1; id; rv:1.9.2.9) Gecko/20100824 Firefox/3.6.9','2010-10-18 13:11:57'),(0,13,'125.161.129.228','handlers','edit','GET','http://poliklinik.baukpoltek.net/handlers','/index.php?url=handlers/edit/4','Mozilla/5.0 (Windows; U; Windows NT 5.1; id; rv:1.9.2.9) Gecko/20100824 Firefox/3.6.9','2010-10-18 13:11:44'),(0,13,'125.161.129.228','handlers','delete','GET','http://poliklinik.baukpoltek.net/handlers/edit/4','/index.php?url=handlers/delete/4','Mozilla/5.0 (Windows; U; Windows NT 5.1; id; rv:1.9.2.9) Gecko/20100824 Firefox/3.6.9','2010-10-18 13:11:50'),(0,13,'125.161.129.228','handlers','index','GET','http://poliklinik.baukpoltek.net/unit_codes/permission_denied','/index.php?url=handlers','Mozilla/5.0 (Windows; U; Windows NT 5.1; id; rv:1.9.2.9) Gecko/20100824 Firefox/3.6.9','2010-10-18 13:11:38'),(0,13,'125.161.129.228','unit_codes','index','GET','http://poliklinik.baukpoltek.net/patient_types','/index.php?url=unit_codes','Mozilla/5.0 (Windows; U; Windows NT 5.1; id; rv:1.9.2.9) Gecko/20100824 Firefox/3.6.9','2010-10-18 13:11:34'),(0,13,'125.161.129.228','unit_codes','permission_denied','GET','http://poliklinik.baukpoltek.net/patient_types','/index.php?url=unit_codes/permission_denied','Mozilla/5.0 (Windows; U; Windows NT 5.1; id; rv:1.9.2.9) Gecko/20100824 Firefox/3.6.9','2010-10-18 13:11:35'),(0,13,'125.161.129.228','patient_types','add','GET','http://poliklinik.baukpoltek.net/patient_types','/index.php?url=patient_types/add','Mozilla/5.0 (Windows; U; Windows NT 5.1; id; rv:1.9.2.9) Gecko/20100824 Firefox/3.6.9','2010-10-18 13:11:11'),(0,13,'125.161.129.228','patient_types','index','GET','http://poliklinik.baukpoltek.net/patient_types','/index.php?url=patient_types','Mozilla/5.0 (Windows; U; Windows NT 5.1; id; rv:1.9.2.9) Gecko/20100824 Firefox/3.6.9','2010-10-18 13:10:45'),(0,13,'125.161.129.228','patient_types','edit','GET','http://poliklinik.baukpoltek.net/patient_types','/index.php?url=patient_types/edit/3','Mozilla/5.0 (Windows; U; Windows NT 5.1; id; rv:1.9.2.9) Gecko/20100824 Firefox/3.6.9','2010-10-18 13:10:50'),(0,13,'125.161.129.228','patient_types','index','GET','http://poliklinik.baukpoltek.net/patient_types/edit/3','/index.php?url=patient_types','Mozilla/5.0 (Windows; U; Windows NT 5.1; id; rv:1.9.2.9) Gecko/20100824 Firefox/3.6.9','2010-10-18 13:11:02'),(0,13,'125.161.129.228','patient_types','index','GET','http://poliklinik.baukpoltek.net/diagnoses','/index.php?url=patient_types','Mozilla/5.0 (Windows; U; Windows NT 5.1; id; rv:1.9.2.9) Gecko/20100824 Firefox/3.6.9','2010-10-18 13:10:25'),(0,13,'125.161.129.228','patient_types','index','GET','http://poliklinik.baukpoltek.net/patient_types','/index.php?url=patient_types','Mozilla/5.0 (Windows; U; Windows NT 5.1; id; rv:1.9.2.9) Gecko/20100824 Firefox/3.6.9','2010-10-18 13:10:43'),(0,13,'125.161.129.228','diagnoses','index','GET','http://poliklinik.baukpoltek.net/checktypes','/index.php?url=diagnoses','Mozilla/5.0 (Windows; U; Windows NT 5.1; id; rv:1.9.2.9) Gecko/20100824 Firefox/3.6.9','2010-10-18 13:10:20'),(0,13,'125.161.129.228','patient_types','index','GET','http://poliklinik.baukpoltek.net/patients','/index.php?url=patient_types','Mozilla/5.0 (Windows; U; Windows NT 5.1; id; rv:1.9.2.9) Gecko/20100824 Firefox/3.6.9','2010-10-18 13:10:08'),(0,13,'125.161.129.228','checktypes','index','GET','http://poliklinik.baukpoltek.net/patient_types','/index.php?url=checktypes','Mozilla/5.0 (Windows; U; Windows NT 5.1; id; rv:1.9.2.9) Gecko/20100824 Firefox/3.6.9','2010-10-18 13:10:13'),(0,13,'125.161.129.228','patients','index','GET','http://poliklinik.baukpoltek.net/handler_types','/index.php?url=patients','Mozilla/5.0 (Windows; U; Windows NT 5.1; id; rv:1.9.2.9) Gecko/20100824 Firefox/3.6.9','2010-10-18 13:10:04'),(0,13,'125.161.129.228','patient_types','index','GET','http://poliklinik.baukpoltek.net/patients','/index.php?url=patient_types','Mozilla/5.0 (Windows; U; Windows NT 5.1; id; rv:1.9.2.9) Gecko/20100824 Firefox/3.6.9','2010-10-18 13:09:36'),(0,13,'125.161.129.228','patient_types','add','GET','http://poliklinik.baukpoltek.net/patient_types','/index.php?url=patient_types/add','Mozilla/5.0 (Windows; U; Windows NT 5.1; id; rv:1.9.2.9) Gecko/20100824 Firefox/3.6.9','2010-10-18 13:09:42'),(0,13,'125.161.129.228','handler_types','index','GET','http://poliklinik.baukpoltek.net/patient_types','/index.php?url=handler_types','Mozilla/5.0 (Windows; U; Windows NT 5.1; id; rv:1.9.2.9) Gecko/20100824 Firefox/3.6.9','2010-10-18 13:10:00'),(0,13,'125.161.129.228','patients','index','GET','http://poliklinik.baukpoltek.net/patient_types','/index.php?url=patients','Mozilla/5.0 (Windows; U; Windows NT 5.1; id; rv:1.9.2.9) Gecko/20100824 Firefox/3.6.9','2010-10-18 13:09:17'),(0,13,'125.161.129.228','checkups','index','GET','http://poliklinik.baukpoltek.net/checkups/add','/index.php?url=checkups','Mozilla/5.0 (Windows; U; Windows NT 5.1; id; rv:1.9.2.9) Gecko/20100824 Firefox/3.6.9','2010-10-18 13:08:27'),(0,13,'125.161.129.228','patient_types','index','GET','http://poliklinik.baukpoltek.net/checkups','/index.php?url=patient_types','Mozilla/5.0 (Windows; U; Windows NT 5.1; id; rv:1.9.2.9) Gecko/20100824 Firefox/3.6.9','2010-10-18 13:08:59'),(0,13,'125.161.129.228','patient_types','add','GET','http://poliklinik.baukpoltek.net/patient_types','/index.php?url=patient_types/add','Mozilla/5.0 (Windows; U; Windows NT 5.1; id; rv:1.9.2.9) Gecko/20100824 Firefox/3.6.9','2010-10-18 13:09:09'),(0,13,'125.161.129.228','checkups','patient_detail','GET','http://poliklinik.baukpoltek.net/checkups/add','/index.php?url=checkups/patient_detail/90','Mozilla/5.0 (Windows; U; Windows NT 5.1; id; rv:1.9.2.9) Gecko/20100824 Firefox/3.6.9','2010-10-18 13:07:50'),(0,13,'125.161.129.228','checkups','add','POST','http://poliklinik.baukpoltek.net/checkups/add','/index.php?url=checkups/add','Mozilla/5.0 (Windows; U; Windows NT 5.1; id; rv:1.9.2.9) Gecko/20100824 Firefox/3.6.9','2010-10-18 13:08:26'),(0,13,'125.161.129.228','checkups','add','GET','http://poliklinik.baukpoltek.net/checkups','/index.php?url=checkups/add','Mozilla/5.0 (Windows; U; Windows NT 5.1; id; rv:1.9.2.9) Gecko/20100824 Firefox/3.6.9','2010-10-18 13:06:53'),(0,13,'125.161.129.228','checkups','add','POST','http://poliklinik.baukpoltek.net/checkups/add','/index.php?url=checkups/add','Mozilla/5.0 (Windows; U; Windows NT 5.1; id; rv:1.9.2.9) Gecko/20100824 Firefox/3.6.9','2010-10-18 13:06:48'),(0,13,'125.161.129.228','checkups','index','GET','http://poliklinik.baukpoltek.net/checkups/add','/index.php?url=checkups','Mozilla/5.0 (Windows; U; Windows NT 5.1; id; rv:1.9.2.9) Gecko/20100824 Firefox/3.6.9','2010-10-18 13:06:48'),(0,13,'125.161.129.228','checkups','patient_detail','GET','http://poliklinik.baukpoltek.net/checkups/add','/index.php?url=checkups/patient_detail/69','Mozilla/5.0 (Windows; U; Windows NT 5.1; id; rv:1.9.2.9) Gecko/20100824 Firefox/3.6.9','2010-10-18 13:05:05'),(0,13,'125.161.129.228','checkups','add','GET','http://poliklinik.baukpoltek.net/checkups','/index.php?url=checkups/add','Mozilla/5.0 (Windows; U; Windows NT 5.1; id; rv:1.9.2.9) Gecko/20100824 Firefox/3.6.9','2010-10-18 13:03:31'),(0,13,'125.161.129.228','checkups','index','GET','http://poliklinik.baukpoltek.net/checkups/add','/index.php?url=checkups','Mozilla/5.0 (Windows; U; Windows NT 5.1; id; rv:1.9.2.9) Gecko/20100824 Firefox/3.6.9','2010-10-18 13:03:21'),(0,13,'125.161.129.228','checkups','add','POST','http://poliklinik.baukpoltek.net/checkups/add','/index.php?url=checkups/add','Mozilla/5.0 (Windows; U; Windows NT 5.1; id; rv:1.9.2.9) Gecko/20100824 Firefox/3.6.9','2010-10-18 13:03:21'),(0,13,'125.161.129.228','checkups','add','POST','http://poliklinik.baukpoltek.net/checkups/add','/index.php?url=checkups/add','Mozilla/5.0 (Windows; U; Windows NT 5.1; id; rv:1.9.2.9) Gecko/20100824 Firefox/3.6.9','2010-10-18 13:03:10'),(0,13,'125.161.129.228','checkups','patient_detail','GET','http://poliklinik.baukpoltek.net/checkups/add','/index.php?url=checkups/patient_detail/25','Mozilla/5.0 (Windows; U; Windows NT 5.1; id; rv:1.9.2.9) Gecko/20100824 Firefox/3.6.9','2010-10-18 13:01:59'),(0,13,'125.161.129.228','checkups','add','GET','http://poliklinik.baukpoltek.net/checkups','/index.php?url=checkups/add','Mozilla/5.0 (Windows; U; Windows NT 5.1; id; rv:1.9.2.9) Gecko/20100824 Firefox/3.6.9','2010-10-18 13:01:43'),(0,13,'125.161.129.228','checkups','index','GET','http://poliklinik.baukpoltek.net/checkups/add','/index.php?url=checkups','Mozilla/5.0 (Windows; U; Windows NT 5.1; id; rv:1.9.2.9) Gecko/20100824 Firefox/3.6.9','2010-10-18 13:01:39'),(0,13,'125.161.129.228','checkups','add','POST','http://poliklinik.baukpoltek.net/checkups/add','/index.php?url=checkups/add','Mozilla/5.0 (Windows; U; Windows NT 5.1; id; rv:1.9.2.9) Gecko/20100824 Firefox/3.6.9','2010-10-18 13:01:39'),(0,13,'125.161.129.228','checkups','index','GET','http://poliklinik.baukpoltek.net/checkups/add','/index.php?url=checkups','Mozilla/5.0 (Windows; U; Windows NT 5.1; id; rv:1.9.2.9) Gecko/20100824 Firefox/3.6.9','2010-10-18 12:59:43'),(0,13,'125.161.129.228','checkups','patient_detail','GET','http://poliklinik.baukpoltek.net/checkups/add','/index.php?url=checkups/patient_detail/120','Mozilla/5.0 (Windows; U; Windows NT 5.1; id; rv:1.9.2.9) Gecko/20100824 Firefox/3.6.9','2010-10-18 13:00:29'),(0,13,'125.161.129.228','checkups','add','GET','http://poliklinik.baukpoltek.net/checkups','/index.php?url=checkups/add','Mozilla/5.0 (Windows; U; Windows NT 5.1; id; rv:1.9.2.9) Gecko/20100824 Firefox/3.6.9','2010-10-18 12:59:48'),(0,13,'125.161.129.228','checkups','add','POST','http://poliklinik.baukpoltek.net/checkups/add','/index.php?url=checkups/add','Mozilla/5.0 (Windows; U; Windows NT 5.1; id; rv:1.9.2.9) Gecko/20100824 Firefox/3.6.9','2010-10-18 12:59:43'),(0,13,'125.161.129.228','checkups','patient_detail','GET','http://poliklinik.baukpoltek.net/checkups/add','/index.php?url=checkups/patient_detail/115','Mozilla/5.0 (Windows; U; Windows NT 5.1; id; rv:1.9.2.9) Gecko/20100824 Firefox/3.6.9','2010-10-18 12:58:19'),(0,13,'125.161.129.228','checkups','add','GET','http://poliklinik.baukpoltek.net/checkups','/index.php?url=checkups/add','Mozilla/5.0 (Windows; U; Windows NT 5.1; id; rv:1.9.2.9) Gecko/20100824 Firefox/3.6.9','2010-10-18 12:57:40'),(0,13,'125.161.129.228','checkups','index','GET','http://poliklinik.baukpoltek.net/checkups/report_stock_medicines','/index.php?url=checkups','Mozilla/5.0 (Windows; U; Windows NT 5.1; id; rv:1.9.2.9) Gecko/20100824 Firefox/3.6.9','2010-10-18 12:50:51'),(0,13,'125.161.129.228','checkups','report_stock_medicines','POST','http://poliklinik.baukpoltek.net/checkups/report_stock_medicines','/index.php?url=checkups/report_stock_medicines','Mozilla/5.0 (Windows; U; Windows NT 5.1; id; rv:1.9.2.9) Gecko/20100824 Firefox/3.6.9','2010-10-18 12:50:28'),(0,13,'125.161.129.228','checkups','report_stock_medicines','POST','http://poliklinik.baukpoltek.net/checkups/report_stock_medicines','/index.php?url=checkups/report_stock_medicines','Mozilla/5.0 (Windows; U; Windows NT 5.1; id; rv:1.9.2.9) Gecko/20100824 Firefox/3.6.9','2010-10-18 12:50:19'),(0,13,'125.161.129.228','checkups','report_stock_medicines','POST','http://poliklinik.baukpoltek.net/checkups/report_stock_medicines','/index.php?url=checkups/report_stock_medicines','Mozilla/5.0 (Windows; U; Windows NT 5.1; id; rv:1.9.2.9) Gecko/20100824 Firefox/3.6.9','2010-10-18 12:50:08'),(0,13,'125.161.129.228','checkups','report_stock_medicines','POST','http://poliklinik.baukpoltek.net/checkups/report_stock_medicines','/index.php?url=checkups/report_stock_medicines','Mozilla/5.0 (Windows; U; Windows NT 5.1; id; rv:1.9.2.9) Gecko/20100824 Firefox/3.6.9','2010-10-18 12:49:39'),(0,13,'125.161.129.228','checkups','report_stock_medicines','POST','http://poliklinik.baukpoltek.net/checkups/report_stock_medicines','/index.php?url=checkups/report_stock_medicines','Mozilla/5.0 (Windows; U; Windows NT 5.1; id; rv:1.9.2.9) Gecko/20100824 Firefox/3.6.9','2010-10-18 12:49:06'),(0,13,'125.161.129.228','checkups','report_stock_medicines','POST','http://poliklinik.baukpoltek.net/checkups/report_stock_medicines','/index.php?url=checkups/report_stock_medicines','Mozilla/5.0 (Windows; U; Windows NT 5.1; id; rv:1.9.2.9) Gecko/20100824 Firefox/3.6.9','2010-10-18 12:50:00'),(0,13,'125.161.129.228','checkups','report_stock_medicines','POST','http://poliklinik.baukpoltek.net/checkups/report_stock_medicines','/index.php?url=checkups/report_stock_medicines','Mozilla/5.0 (Windows; U; Windows NT 5.1; id; rv:1.9.2.9) Gecko/20100824 Firefox/3.6.9','2010-10-18 12:48:28'),(0,13,'125.161.129.228','checkups','report_stock_medicines','POST','http://poliklinik.baukpoltek.net/checkups/report_stock_medicines','/index.php?url=checkups/report_stock_medicines','Mozilla/5.0 (Windows; U; Windows NT 5.1; id; rv:1.9.2.9) Gecko/20100824 Firefox/3.6.9','2010-10-18 12:48:52'),(0,13,'125.161.129.228','checkups','report_stock_medicines','POST','http://poliklinik.baukpoltek.net/checkups/report_stock_medicines','/index.php?url=checkups/report_stock_medicines','Mozilla/5.0 (Windows; U; Windows NT 5.1; id; rv:1.9.2.9) Gecko/20100824 Firefox/3.6.9','2010-10-18 12:49:00'),(0,13,'125.161.129.228','checkups','report_stock_medicines','POST','http://poliklinik.baukpoltek.net/checkups/report_stock_medicines','/index.php?url=checkups/report_stock_medicines','Mozilla/5.0 (Windows; U; Windows NT 5.1; id; rv:1.9.2.9) Gecko/20100824 Firefox/3.6.9','2010-10-18 12:47:54'),(0,13,'125.161.129.228','checkups','report_stock_medicines','POST','http://poliklinik.baukpoltek.net/checkups/report_stock_medicines','/index.php?url=checkups/report_stock_medicines','Mozilla/5.0 (Windows; U; Windows NT 5.1; id; rv:1.9.2.9) Gecko/20100824 Firefox/3.6.9','2010-10-18 12:45:52'),(0,13,'125.161.129.228','checkups','report_stock_medicines','POST','http://poliklinik.baukpoltek.net/checkups/report_stock_medicines','/index.php?url=checkups/report_stock_medicines','Mozilla/5.0 (Windows; U; Windows NT 5.1; id; rv:1.9.2.9) Gecko/20100824 Firefox/3.6.9','2010-10-18 12:46:22'),(0,13,'125.161.129.228','checkups','report_stock_medicines','POST','http://poliklinik.baukpoltek.net/checkups/report_stock_medicines','/index.php?url=checkups/report_stock_medicines','Mozilla/5.0 (Windows; U; Windows NT 5.1; id; rv:1.9.2.9) Gecko/20100824 Firefox/3.6.9','2010-10-18 12:45:40'),(0,13,'125.161.129.228','checkups','report_stock_medicines','POST','http://poliklinik.baukpoltek.net/checkups/report_stock_medicines','/index.php?url=checkups/report_stock_medicines','Mozilla/5.0 (Windows; U; Windows NT 5.1; id; rv:1.9.2.9) Gecko/20100824 Firefox/3.6.9','2010-10-18 12:45:07'),(0,13,'125.161.129.228','checkups','report_stock_medicines','POST','http://poliklinik.baukpoltek.net/checkups/report_stock_medicines','/index.php?url=checkups/report_stock_medicines','Mozilla/5.0 (Windows; U; Windows NT 5.1; id; rv:1.9.2.9) Gecko/20100824 Firefox/3.6.9','2010-10-18 12:44:57'),(0,13,'125.161.129.228','checkups','report_stock_medicines','POST','http://poliklinik.baukpoltek.net/checkups/report_stock_medicines','/index.php?url=checkups/report_stock_medicines','Mozilla/5.0 (Windows; U; Windows NT 5.1; id; rv:1.9.2.9) Gecko/20100824 Firefox/3.6.9','2010-10-18 12:44:35'),(0,13,'125.161.129.228','checkups','report_stock_medicines','POST','http://poliklinik.baukpoltek.net/checkups/report_stock_medicines','/index.php?url=checkups/report_stock_medicines','Mozilla/5.0 (Windows; U; Windows NT 5.1; id; rv:1.9.2.9) Gecko/20100824 Firefox/3.6.9','2010-10-18 12:44:26'),(0,13,'125.161.129.228','checkups','report_stock_medicines','POST','http://poliklinik.baukpoltek.net/checkups/report_stock_medicines','/index.php?url=checkups/report_stock_medicines','Mozilla/5.0 (Windows; U; Windows NT 5.1; id; rv:1.9.2.9) Gecko/20100824 Firefox/3.6.9','2010-10-18 12:44:01'),(0,13,'125.161.129.228','checkups','report_stock_medicines','POST','http://poliklinik.baukpoltek.net/checkups/report_stock_medicines','/index.php?url=checkups/report_stock_medicines','Mozilla/5.0 (Windows; U; Windows NT 5.1; id; rv:1.9.2.9) Gecko/20100824 Firefox/3.6.9','2010-10-18 12:43:38'),(0,13,'125.161.129.228','checkups','report_stock_medicines','POST','http://poliklinik.baukpoltek.net/checkups/report_stock_medicines','/index.php?url=checkups/report_stock_medicines','Mozilla/5.0 (Windows; U; Windows NT 5.1; id; rv:1.9.2.9) Gecko/20100824 Firefox/3.6.9','2010-10-18 12:42:52'),(0,13,'125.161.129.228','checkups','report_stock_medicines','POST','http://poliklinik.baukpoltek.net/checkups/report_stock_medicines','/index.php?url=checkups/report_stock_medicines','Mozilla/5.0 (Windows; U; Windows NT 5.1; id; rv:1.9.2.9) Gecko/20100824 Firefox/3.6.9','2010-10-18 12:43:25'),(0,13,'125.161.129.228','checkups','report_stock_medicines','POST','http://poliklinik.baukpoltek.net/checkups/report_stock_medicines','/index.php?url=checkups/report_stock_medicines','Mozilla/5.0 (Windows; U; Windows NT 5.1; id; rv:1.9.2.9) Gecko/20100824 Firefox/3.6.9','2010-10-18 12:42:10'),(0,13,'125.161.129.228','checkups','report_stock_medicines','POST','http://poliklinik.baukpoltek.net/checkups/report_stock_medicines','/index.php?url=checkups/report_stock_medicines','Mozilla/5.0 (Windows; U; Windows NT 5.1; id; rv:1.9.2.9) Gecko/20100824 Firefox/3.6.9','2010-10-18 12:42:19'),(0,13,'125.161.129.228','checkups','report_stock_medicines','POST','http://poliklinik.baukpoltek.net/checkups/report_stock_medicines','/index.php?url=checkups/report_stock_medicines','Mozilla/5.0 (Windows; U; Windows NT 5.1; id; rv:1.9.2.9) Gecko/20100824 Firefox/3.6.9','2010-10-18 12:42:03'),(0,13,'125.161.129.228','checkups','report_stock_medicines','POST','http://poliklinik.baukpoltek.net/checkups/report_stock_medicines','/index.php?url=checkups/report_stock_medicines','Mozilla/5.0 (Windows; U; Windows NT 5.1; id; rv:1.9.2.9) Gecko/20100824 Firefox/3.6.9','2010-10-18 12:41:07'),(0,13,'125.161.129.228','checkups','report_stock_medicines','POST','http://poliklinik.baukpoltek.net/checkups/report_stock_medicines','/index.php?url=checkups/report_stock_medicines','Mozilla/5.0 (Windows; U; Windows NT 5.1; id; rv:1.9.2.9) Gecko/20100824 Firefox/3.6.9','2010-10-18 12:41:42'),(0,13,'125.161.129.228','checkups','report_stock_medicines','POST','http://poliklinik.baukpoltek.net/checkups/report_stock_medicines','/index.php?url=checkups/report_stock_medicines','Mozilla/5.0 (Windows; U; Windows NT 5.1; id; rv:1.9.2.9) Gecko/20100824 Firefox/3.6.9','2010-10-18 12:40:42'),(0,13,'125.161.129.228','checkups','report_stock_medicines','POST','http://poliklinik.baukpoltek.net/checkups/report_stock_medicines','/index.php?url=checkups/report_stock_medicines','Mozilla/5.0 (Windows; U; Windows NT 5.1; id; rv:1.9.2.9) Gecko/20100824 Firefox/3.6.9','2010-10-18 12:40:17'),(0,13,'125.161.129.228','checkups','report_stock_medicines','POST','http://poliklinik.baukpoltek.net/checkups/report_stock_medicines','/index.php?url=checkups/report_stock_medicines','Mozilla/5.0 (Windows; U; Windows NT 5.1; id; rv:1.9.2.9) Gecko/20100824 Firefox/3.6.9','2010-10-18 12:36:07'),(0,13,'125.161.129.228','checkups','report_stock_medicines','POST','http://poliklinik.baukpoltek.net/checkups/report_stock_medicines','/index.php?url=checkups/report_stock_medicines','Mozilla/5.0 (Windows; U; Windows NT 5.1; id; rv:1.9.2.9) Gecko/20100824 Firefox/3.6.9','2010-10-18 12:36:20'),(0,13,'125.161.129.228','checkups','report_stock_medicines','POST','http://poliklinik.baukpoltek.net/checkups/report_stock_medicines','/index.php?url=checkups/report_stock_medicines','Mozilla/5.0 (Windows; U; Windows NT 5.1; id; rv:1.9.2.9) Gecko/20100824 Firefox/3.6.9','2010-10-18 12:40:09'),(0,13,'125.161.129.228','checkups','report_stock_medicines','POST','http://poliklinik.baukpoltek.net/checkups/report_stock_medicines','/index.php?url=checkups/report_stock_medicines','Mozilla/5.0 (Windows; U; Windows NT 5.1; id; rv:1.9.2.9) Gecko/20100824 Firefox/3.6.9','2010-10-18 12:35:59'),(0,13,'125.161.129.228','checkups','report_stock_medicines','POST','http://poliklinik.baukpoltek.net/checkups/report_stock_medicines','/index.php?url=checkups/report_stock_medicines','Mozilla/5.0 (Windows; U; Windows NT 5.1; id; rv:1.9.2.9) Gecko/20100824 Firefox/3.6.9','2010-10-18 12:35:21'),(0,13,'125.161.129.228','checkups','report_stock_medicines','POST','http://poliklinik.baukpoltek.net/checkups/report_stock_medicines','/index.php?url=checkups/report_stock_medicines','Mozilla/5.0 (Windows; U; Windows NT 5.1; id; rv:1.9.2.9) Gecko/20100824 Firefox/3.6.9','2010-10-18 12:35:28'),(0,13,'125.161.129.228','checkups','report_stock_medicines','POST','http://poliklinik.baukpoltek.net/checkups/report_stock_medicines','/index.php?url=checkups/report_stock_medicines','Mozilla/5.0 (Windows; U; Windows NT 5.1; id; rv:1.9.2.9) Gecko/20100824 Firefox/3.6.9','2010-10-18 12:35:10'),(0,13,'125.161.129.228','checkups','report_stock_medicines','POST','http://poliklinik.baukpoltek.net/checkups/report_stock_medicines','/index.php?url=checkups/report_stock_medicines','Mozilla/5.0 (Windows; U; Windows NT 5.1; id; rv:1.9.2.9) Gecko/20100824 Firefox/3.6.9','2010-10-18 12:34:35'),(0,13,'125.161.129.228','checkups','report_stock_medicines','POST','http://poliklinik.baukpoltek.net/checkups/report_stock_medicines','/index.php?url=checkups/report_stock_medicines','Mozilla/5.0 (Windows; U; Windows NT 5.1; id; rv:1.9.2.9) Gecko/20100824 Firefox/3.6.9','2010-10-18 12:33:21'),(0,13,'125.161.129.228','checkups','report_stock_medicines','GET','http://poliklinik.baukpoltek.net/checkups/add','/index.php?url=checkups/report_stock_medicines','Mozilla/5.0 (Windows; U; Windows NT 5.1; id; rv:1.9.2.9) Gecko/20100824 Firefox/3.6.9','2010-10-18 12:33:00'),(0,13,'125.161.129.228','checkups','report_stock_medicines','POST','http://poliklinik.baukpoltek.net/checkups/report_stock_medicines','/index.php?url=checkups/report_stock_medicines','Mozilla/5.0 (Windows; U; Windows NT 5.1; id; rv:1.9.2.9) Gecko/20100824 Firefox/3.6.9','2010-10-18 12:33:10'),(0,13,'125.161.129.228','checkups','report_stock_medicines','POST','http://poliklinik.baukpoltek.net/checkups/report_stock_medicines','/index.php?url=checkups/report_stock_medicines','Mozilla/5.0 (Windows; U; Windows NT 5.1; id; rv:1.9.2.9) Gecko/20100824 Firefox/3.6.9','2010-10-18 12:34:09'),(0,13,'125.161.129.228','checkups','report_stock_medicines','POST','http://poliklinik.baukpoltek.net/checkups/report_stock_medicines','/index.php?url=checkups/report_stock_medicines','Mozilla/5.0 (Windows; U; Windows NT 5.1; id; rv:1.9.2.9) Gecko/20100824 Firefox/3.6.9','2010-10-18 12:32:23'),(0,13,'125.161.129.228','checkups','report_stock_medicines','POST','http://poliklinik.baukpoltek.net/checkups/report_stock_medicines','/index.php?url=checkups/report_stock_medicines','Mozilla/5.0 (Windows; U; Windows NT 5.1; id; rv:1.9.2.9) Gecko/20100824 Firefox/3.6.9','2010-10-18 12:32:32'),(0,13,'125.161.129.228','checkups','report_stock_medicines','POST','http://poliklinik.baukpoltek.net/checkups/report_stock_medicines','/index.php?url=checkups/report_stock_medicines','Mozilla/5.0 (Windows; U; Windows NT 5.1; id; rv:1.9.2.9) Gecko/20100824 Firefox/3.6.9','2010-10-18 12:29:49'),(0,13,'125.161.129.228','checkups','report_stock_medicines','POST','http://poliklinik.baukpoltek.net/checkups/report_stock_medicines','/index.php?url=checkups/report_stock_medicines','Mozilla/5.0 (Windows; U; Windows NT 5.1; id; rv:1.9.2.9) Gecko/20100824 Firefox/3.6.9','2010-10-18 12:31:23'),(0,13,'125.161.129.228','checkups','report_stock_medicines','POST','http://poliklinik.baukpoltek.net/checkups/report_stock_medicines','/index.php?url=checkups/report_stock_medicines','Mozilla/5.0 (Windows; U; Windows NT 5.1; id; rv:1.9.2.9) Gecko/20100824 Firefox/3.6.9','2010-10-18 12:29:57'),(0,13,'125.161.129.228','checkups','report_stock_medicines','POST','http://poliklinik.baukpoltek.net/checkups/report_stock_medicines','/index.php?url=checkups/report_stock_medicines','Mozilla/5.0 (Windows; U; Windows NT 5.1; id; rv:1.9.2.9) Gecko/20100824 Firefox/3.6.9','2010-10-18 12:29:26'),(0,13,'125.161.129.228','checkups','report_stock_medicines','POST','http://poliklinik.baukpoltek.net/checkups/report_stock_medicines','/index.php?url=checkups/report_stock_medicines','Mozilla/5.0 (Windows; U; Windows NT 5.1; id; rv:1.9.2.9) Gecko/20100824 Firefox/3.6.9','2010-10-18 12:28:53'),(0,13,'125.161.129.228','checkups','report_stock_medicines','POST','http://poliklinik.baukpoltek.net/checkups/report_stock_medicines','/index.php?url=checkups/report_stock_medicines','Mozilla/5.0 (Windows; U; Windows NT 5.1; id; rv:1.9.2.9) Gecko/20100824 Firefox/3.6.9','2010-10-18 12:29:16'),(0,13,'125.161.129.228','checkups','report_stock_medicines','POST','http://poliklinik.baukpoltek.net/checkups/report_stock_medicines','/index.php?url=checkups/report_stock_medicines','Mozilla/5.0 (Windows; U; Windows NT 5.1; id; rv:1.9.2.9) Gecko/20100824 Firefox/3.6.9','2010-10-18 12:28:45'),(0,13,'125.161.129.228','checkups','report_stock_medicines','POST','http://poliklinik.baukpoltek.net/checkups/report_stock_medicines','/index.php?url=checkups/report_stock_medicines','Mozilla/5.0 (Windows; U; Windows NT 5.1; id; rv:1.9.2.9) Gecko/20100824 Firefox/3.6.9','2010-10-18 12:28:37'),(0,13,'125.161.129.228','checkups','report_stock_medicines','POST','http://poliklinik.baukpoltek.net/checkups/report_stock_medicines','/index.php?url=checkups/report_stock_medicines','Mozilla/5.0 (Windows; U; Windows NT 5.1; id; rv:1.9.2.9) Gecko/20100824 Firefox/3.6.9','2010-10-18 12:27:31'),(0,13,'125.161.129.228','checkups','report_stock_medicines','POST','http://poliklinik.baukpoltek.net/checkups/report_stock_medicines','/index.php?url=checkups/report_stock_medicines','Mozilla/5.0 (Windows; U; Windows NT 5.1; id; rv:1.9.2.9) Gecko/20100824 Firefox/3.6.9','2010-10-18 12:27:06'),(0,13,'125.161.129.228','checkups','report_stock_medicines','POST','http://poliklinik.baukpoltek.net/checkups/report_stock_medicines','/index.php?url=checkups/report_stock_medicines','Mozilla/5.0 (Windows; U; Windows NT 5.1; id; rv:1.9.2.9) Gecko/20100824 Firefox/3.6.9','2010-10-18 12:26:38'),(0,13,'125.161.129.228','checkups','report_stock_medicines','POST','http://poliklinik.baukpoltek.net/checkups/report_stock_medicines','/index.php?url=checkups/report_stock_medicines','Mozilla/5.0 (Windows; U; Windows NT 5.1; id; rv:1.9.2.9) Gecko/20100824 Firefox/3.6.9','2010-10-18 12:26:31'),(0,13,'125.161.129.228','checkups','report_stock_medicines','POST','http://poliklinik.baukpoltek.net/checkups/report_stock_medicines','/index.php?url=checkups/report_stock_medicines','Mozilla/5.0 (Windows; U; Windows NT 5.1; id; rv:1.9.2.9) Gecko/20100824 Firefox/3.6.9','2010-10-18 12:26:14'),(0,13,'125.161.129.228','checkups','report_stock_medicines','POST','http://poliklinik.baukpoltek.net/checkups/report_stock_medicines','/index.php?url=checkups/report_stock_medicines','Mozilla/5.0 (Windows; U; Windows NT 5.1; id; rv:1.9.2.9) Gecko/20100824 Firefox/3.6.9','2010-10-18 12:26:22'),(0,13,'125.161.129.228','checkups','report_stock_medicines','POST','http://poliklinik.baukpoltek.net/checkups/report_stock_medicines','/index.php?url=checkups/report_stock_medicines','Mozilla/5.0 (Windows; U; Windows NT 5.1; id; rv:1.9.2.9) Gecko/20100824 Firefox/3.6.9','2010-10-18 12:25:31'),(0,13,'125.161.129.228','checkups','report_stock_medicines','POST','http://poliklinik.baukpoltek.net/checkups/report_stock_medicines','/index.php?url=checkups/report_stock_medicines','Mozilla/5.0 (Windows; U; Windows NT 5.1; id; rv:1.9.2.9) Gecko/20100824 Firefox/3.6.9','2010-10-18 12:25:55'),(0,13,'125.161.129.228','checkups','report_stock_medicines','POST','http://poliklinik.baukpoltek.net/checkups/report_stock_medicines','/index.php?url=checkups/report_stock_medicines','Mozilla/5.0 (Windows; U; Windows NT 5.1; id; rv:1.9.2.9) Gecko/20100824 Firefox/3.6.9','2010-10-18 12:26:04'),(0,13,'125.161.129.228','checkups','report_stock_medicines','POST','http://poliklinik.baukpoltek.net/checkups/report_stock_medicines','/index.php?url=checkups/report_stock_medicines','Mozilla/5.0 (Windows; U; Windows NT 5.1; id; rv:1.9.2.9) Gecko/20100824 Firefox/3.6.9','2010-10-18 12:25:22'),(0,13,'125.161.129.228','checkups','report_stock_medicines','POST','http://poliklinik.baukpoltek.net/checkups/report_stock_medicines','/index.php?url=checkups/report_stock_medicines','Mozilla/5.0 (Windows; U; Windows NT 5.1; id; rv:1.9.2.9) Gecko/20100824 Firefox/3.6.9','2010-10-18 12:24:58'),(0,13,'125.161.129.228','checkups','report_stock_medicines','POST','http://poliklinik.baukpoltek.net/checkups/report_stock_medicines','/index.php?url=checkups/report_stock_medicines','Mozilla/5.0 (Windows; U; Windows NT 5.1; id; rv:1.9.2.9) Gecko/20100824 Firefox/3.6.9','2010-10-18 12:24:45'),(0,13,'125.161.129.228','checkups','report_stock_medicines','POST','http://poliklinik.baukpoltek.net/checkups/report_stock_medicines','/index.php?url=checkups/report_stock_medicines','Mozilla/5.0 (Windows; U; Windows NT 5.1; id; rv:1.9.2.9) Gecko/20100824 Firefox/3.6.9','2010-10-18 12:23:42'),(0,13,'125.161.129.228','checkups','report_stock_medicines','POST','http://poliklinik.baukpoltek.net/checkups/report_stock_medicines','/index.php?url=checkups/report_stock_medicines','Mozilla/5.0 (Windows; U; Windows NT 5.1; id; rv:1.9.2.9) Gecko/20100824 Firefox/3.6.9','2010-10-18 12:23:51'),(0,13,'125.161.129.228','checkups','report_stock_medicines','POST','http://poliklinik.baukpoltek.net/checkups/report_stock_medicines','/index.php?url=checkups/report_stock_medicines','Mozilla/5.0 (Windows; U; Windows NT 5.1; id; rv:1.9.2.9) Gecko/20100824 Firefox/3.6.9','2010-10-18 12:23:29'),(0,13,'125.161.129.228','checkups','report_stock_medicines','POST','http://poliklinik.baukpoltek.net/checkups/report_stock_medicines','/index.php?url=checkups/report_stock_medicines','Mozilla/5.0 (Windows; U; Windows NT 5.1; id; rv:1.9.2.9) Gecko/20100824 Firefox/3.6.9','2010-10-18 12:22:44'),(0,13,'125.161.129.228','checkups','report_stock_medicines','POST','http://poliklinik.baukpoltek.net/checkups/report_stock_medicines','/index.php?url=checkups/report_stock_medicines','Mozilla/5.0 (Windows; U; Windows NT 5.1; id; rv:1.9.2.9) Gecko/20100824 Firefox/3.6.9','2010-10-18 12:23:22'),(0,13,'125.161.129.228','checkups','report_stock_medicines','POST','http://poliklinik.baukpoltek.net/checkups/report_stock_medicines','/index.php?url=checkups/report_stock_medicines','Mozilla/5.0 (Windows; U; Windows NT 5.1; id; rv:1.9.2.9) Gecko/20100824 Firefox/3.6.9','2010-10-18 12:21:59'),(0,13,'125.161.129.228','checkups','report_stock_medicines','POST','http://poliklinik.baukpoltek.net/checkups/report_stock_medicines','/index.php?url=checkups/report_stock_medicines','Mozilla/5.0 (Windows; U; Windows NT 5.1; id; rv:1.9.2.9) Gecko/20100824 Firefox/3.6.9','2010-10-18 12:22:12'),(0,13,'125.161.129.228','checkups','report_stock_medicines','POST','http://poliklinik.baukpoltek.net/checkups/report_stock_medicines','/index.php?url=checkups/report_stock_medicines','Mozilla/5.0 (Windows; U; Windows NT 5.1; id; rv:1.9.2.9) Gecko/20100824 Firefox/3.6.9','2010-10-18 12:21:50'),(0,13,'125.161.129.228','checkups','report_stock_medicines','POST','http://poliklinik.baukpoltek.net/checkups/report_stock_medicines','/index.php?url=checkups/report_stock_medicines','Mozilla/5.0 (Windows; U; Windows NT 5.1; id; rv:1.9.2.9) Gecko/20100824 Firefox/3.6.9','2010-10-18 12:21:33'),(0,13,'125.161.129.228','checkups','report_stock_medicines','POST','http://poliklinik.baukpoltek.net/checkups/report_stock_medicines','/index.php?url=checkups/report_stock_medicines','Mozilla/5.0 (Windows; U; Windows NT 5.1; id; rv:1.9.2.9) Gecko/20100824 Firefox/3.6.9','2010-10-18 12:21:43'),(0,13,'125.161.129.228','checkups','report_stock_medicines','POST','http://poliklinik.baukpoltek.net/checkups/report_stock_medicines','/index.php?url=checkups/report_stock_medicines','Mozilla/5.0 (Windows; U; Windows NT 5.1; id; rv:1.9.2.9) Gecko/20100824 Firefox/3.6.9','2010-10-18 12:19:33'),(0,13,'125.161.129.228','checkups','report_stock_medicines','POST','http://poliklinik.baukpoltek.net/checkups/report_stock_medicines','/index.php?url=checkups/report_stock_medicines','Mozilla/5.0 (Windows; U; Windows NT 5.1; id; rv:1.9.2.9) Gecko/20100824 Firefox/3.6.9','2010-10-18 12:20:14'),(0,13,'125.161.129.228','checkups','report_stock_medicines','POST','http://poliklinik.baukpoltek.net/checkups/report_stock_medicines','/index.php?url=checkups/report_stock_medicines','Mozilla/5.0 (Windows; U; Windows NT 5.1; id; rv:1.9.2.9) Gecko/20100824 Firefox/3.6.9','2010-10-18 12:21:01'),(0,13,'125.161.129.228','checkups','report_stock_medicines','POST','http://poliklinik.baukpoltek.net/checkups/report_stock_medicines','/index.php?url=checkups/report_stock_medicines','Mozilla/5.0 (Windows; U; Windows NT 5.1; id; rv:1.9.2.9) Gecko/20100824 Firefox/3.6.9','2010-10-18 12:21:10'),(0,13,'125.161.129.228','checkups','report_stock_medicines','POST','http://poliklinik.baukpoltek.net/checkups/report_stock_medicines','/index.php?url=checkups/report_stock_medicines','Mozilla/5.0 (Windows; U; Windows NT 5.1; id; rv:1.9.2.9) Gecko/20100824 Firefox/3.6.9','2010-10-18 12:18:49'),(0,13,'125.161.129.228','checkups','report_stock_medicines','POST','http://poliklinik.baukpoltek.net/checkups/report_stock_medicines','/index.php?url=checkups/report_stock_medicines','Mozilla/5.0 (Windows; U; Windows NT 5.1; id; rv:1.9.2.9) Gecko/20100824 Firefox/3.6.9','2010-10-18 12:17:53'),(0,13,'125.161.129.228','checkups','report_stock_medicines','POST','http://poliklinik.baukpoltek.net/checkups/report_stock_medicines','/index.php?url=checkups/report_stock_medicines','Mozilla/5.0 (Windows; U; Windows NT 5.1; id; rv:1.9.2.9) Gecko/20100824 Firefox/3.6.9','2010-10-18 12:18:12'),(0,13,'125.161.129.228','checkups','report_stock_medicines','POST','http://poliklinik.baukpoltek.net/checkups/report_stock_medicines','/index.php?url=checkups/report_stock_medicines','Mozilla/5.0 (Windows; U; Windows NT 5.1; id; rv:1.9.2.9) Gecko/20100824 Firefox/3.6.9','2010-10-18 12:11:41'),(0,13,'125.161.129.228','checkups','report_stock_medicines','POST','http://poliklinik.baukpoltek.net/checkups/report_stock_medicines','/index.php?url=checkups/report_stock_medicines','Mozilla/5.0 (Windows; U; Windows NT 5.1; id; rv:1.9.2.9) Gecko/20100824 Firefox/3.6.9','2010-10-18 12:12:15'),(0,13,'125.161.129.228','checkups','report_stock_medicines','POST','http://poliklinik.baukpoltek.net/checkups/report_stock_medicines','/index.php?url=checkups/report_stock_medicines','Mozilla/5.0 (Windows; U; Windows NT 5.1; id; rv:1.9.2.9) Gecko/20100824 Firefox/3.6.9','2010-10-18 12:12:00'),(0,13,'125.161.129.228','checkups','report_stock_medicines','POST','http://poliklinik.baukpoltek.net/checkups/report_stock_medicines','/index.php?url=checkups/report_stock_medicines','Mozilla/5.0 (Windows; U; Windows NT 5.1; id; rv:1.9.2.9) Gecko/20100824 Firefox/3.6.9','2010-10-18 11:42:41'),(0,13,'125.161.129.228','checkups','report_stock_medicines','POST','http://poliklinik.baukpoltek.net/checkups/report_stock_medicines','/index.php?url=checkups/report_stock_medicines','Mozilla/5.0 (Windows; U; Windows NT 5.1; id; rv:1.9.2.9) Gecko/20100824 Firefox/3.6.9','2010-10-18 12:10:43'),(0,13,'125.161.129.228','checkups','report_stock_medicines','POST','http://poliklinik.baukpoltek.net/checkups/report_stock_medicines','/index.php?url=checkups/report_stock_medicines','Mozilla/5.0 (Windows; U; Windows NT 5.1; id; rv:1.9.2.9) Gecko/20100824 Firefox/3.6.9','2010-10-18 11:45:59'),(0,13,'125.161.129.228','checkups','report_stock_medicines','POST','http://poliklinik.baukpoltek.net/checkups/report_stock_medicines','/index.php?url=checkups/report_stock_medicines','Mozilla/5.0 (Windows; U; Windows NT 5.1; id; rv:1.9.2.9) Gecko/20100824 Firefox/3.6.9','2010-10-18 11:41:18'),(0,13,'125.161.129.228','checkups','report_stock_medicines','POST','http://poliklinik.baukpoltek.net/checkups/report_stock_medicines','/index.php?url=checkups/report_stock_medicines','Mozilla/5.0 (Windows; U; Windows NT 5.1; id; rv:1.9.2.9) Gecko/20100824 Firefox/3.6.9','2010-10-18 11:42:32'),(0,13,'125.161.129.228','checkups','report_stock_medicines','POST','http://poliklinik.baukpoltek.net/checkups/report_stock_medicines','/index.php?url=checkups/report_stock_medicines','Mozilla/5.0 (Windows; U; Windows NT 5.1; id; rv:1.9.2.9) Gecko/20100824 Firefox/3.6.9','2010-10-18 11:41:37'),(0,13,'125.161.129.228','checkups','report_stock_medicines','GET','http://poliklinik.baukpoltek.net/checkups','/index.php?url=checkups/report_stock_medicines','Mozilla/5.0 (Windows; U; Windows NT 5.1; id; rv:1.9.2.9) Gecko/20100824 Firefox/3.6.9','2010-10-18 11:41:10'),(0,13,'125.161.129.228','checkups','index','GET','http://poliklinik.baukpoltek.net/checkups/add','/index.php?url=checkups','Mozilla/5.0 (Windows; U; Windows NT 5.1; id; rv:1.9.2.9) Gecko/20100824 Firefox/3.6.9','2010-10-18 11:41:04'),(0,13,'125.161.129.228','checkups','patient_detail','GET','http://poliklinik.baukpoltek.net/checkups/add','/index.php?url=checkups/patient_detail/193','Mozilla/5.0 (Windows; U; Windows NT 5.1; id; rv:1.9.2.9) Gecko/20100824 Firefox/3.6.9','2010-10-18 11:40:38'),(0,13,'125.161.129.228','checkups','add','GET','http://poliklinik.baukpoltek.net/checkups','/index.php?url=checkups/add','Mozilla/5.0 (Windows; U; Windows NT 5.1; id; rv:1.9.2.9) Gecko/20100824 Firefox/3.6.9','2010-10-18 11:40:18'),(0,13,'125.161.129.228','checkups','index','GET','http://poliklinik.baukpoltek.net/patients','/index.php?url=checkups','Mozilla/5.0 (Windows; U; Windows NT 5.1; id; rv:1.9.2.9) Gecko/20100824 Firefox/3.6.9','2010-10-18 11:40:13'),(0,13,'125.161.129.228','patients','add','POST','http://poliklinik.baukpoltek.net/patients/add','/index.php?url=patients/add','Mozilla/5.0 (Windows; U; Windows NT 5.1; id; rv:1.9.2.9) Gecko/20100824 Firefox/3.6.9','2010-10-18 11:40:04'),(0,13,'125.161.129.228','patients','index','GET','http://poliklinik.baukpoltek.net/patients/add','/index.php?url=patients','Mozilla/5.0 (Windows; U; Windows NT 5.1; id; rv:1.9.2.9) Gecko/20100824 Firefox/3.6.9','2010-10-18 11:40:05'),(0,13,'125.161.129.228','patients','index','GET','http://poliklinik.baukpoltek.net/checkups','/index.php?url=patients','Mozilla/5.0 (Windows; U; Windows NT 5.1; id; rv:1.9.2.9) Gecko/20100824 Firefox/3.6.9','2010-10-18 11:38:28'),(0,13,'125.161.129.228','patients','add','GET','http://poliklinik.baukpoltek.net/patients','/index.php?url=patients/add','Mozilla/5.0 (Windows; U; Windows NT 5.1; id; rv:1.9.2.9) Gecko/20100824 Firefox/3.6.9','2010-10-18 11:38:41'),(0,13,'110.138.32.88','checkups','report_stock_medicines','POST','http://poliklinik.baukpoltek.net/checkups/report_stock_medicines','/index.php?url=checkups/report_stock_medicines','Mozilla/5.0 (Windows; U; Windows NT 5.1; en-US; rv:1.9.2.10) Gecko/20100914 Firefox/3.6.10','2010-10-18 11:33:50'),(0,13,'110.138.32.88','checkups','report_stock_medicines','POST','http://poliklinik.baukpoltek.net/checkups/report_stock_medicines','/index.php?url=checkups/report_stock_medicines','Mozilla/5.0 (Windows; U; Windows NT 5.1; en-US; rv:1.9.2.10) Gecko/20100914 Firefox/3.6.10','2010-10-18 11:33:26'),(0,13,'110.138.32.88','checkups','report_stock_medicines','POST','http://poliklinik.baukpoltek.net/checkups/report_stock_medicines','/index.php?url=checkups/report_stock_medicines','Mozilla/5.0 (Windows; U; Windows NT 5.1; en-US; rv:1.9.2.10) Gecko/20100914 Firefox/3.6.10','2010-10-18 11:33:11'),(0,13,'110.138.32.88','checkups','report_stock_medicines','POST','http://poliklinik.baukpoltek.net/checkups/report_stock_medicines','/index.php?url=checkups/report_stock_medicines','Mozilla/5.0 (Windows; U; Windows NT 5.1; en-US; rv:1.9.2.10) Gecko/20100914 Firefox/3.6.10','2010-10-18 11:32:55'),(0,13,'110.138.32.88','checkups','report_stock_medicines','GET','http://poliklinik.baukpoltek.net/checkups/report_patient_status','/index.php?url=checkups/report_stock_medicines','Mozilla/5.0 (Windows; U; Windows NT 5.1; en-US; rv:1.9.2.10) Gecko/20100914 Firefox/3.6.10','2010-10-18 11:32:51'),(0,13,'110.138.32.88','checkups','report_patient_status','POST','http://poliklinik.baukpoltek.net/checkups/report_patient_status','/index.php?url=checkups/report_patient_status','Mozilla/5.0 (Windows; U; Windows NT 5.1; en-US; rv:1.9.2.10) Gecko/20100914 Firefox/3.6.10','2010-10-18 11:32:47'),(0,13,'110.138.32.88','checkups','report_patient_status','POST','http://poliklinik.baukpoltek.net/checkups/report_patient_status','/index.php?url=checkups/report_patient_status','Mozilla/5.0 (Windows; U; Windows NT 5.1; en-US; rv:1.9.2.10) Gecko/20100914 Firefox/3.6.10','2010-10-18 11:32:39'),(0,13,'110.138.32.88','checkups','report_patient_status','GET','http://poliklinik.baukpoltek.net/checkups/report_stock_medicines','/index.php?url=checkups/report_patient_status','Mozilla/5.0 (Windows; U; Windows NT 5.1; en-US; rv:1.9.2.10) Gecko/20100914 Firefox/3.6.10','2010-10-18 11:32:32'),(0,13,'110.138.32.88','checkups','report_stock_medicines','GET','http://poliklinik.baukpoltek.net/groups/permission_denied','/index.php?url=checkups/report_stock_medicines','Mozilla/5.0 (Windows; U; Windows NT 5.1; en-US; rv:1.9.2.10) Gecko/20100914 Firefox/3.6.10','2010-10-18 11:32:26'),(0,13,'110.138.32.88','groups','permission_denied','GET','http://poliklinik.baukpoltek.net/users/login','/index.php?url=groups/permission_denied','Mozilla/5.0 (Windows; U; Windows NT 5.1; en-US; rv:1.9.2.10) Gecko/20100914 Firefox/3.6.10','2010-10-18 11:32:23'),(0,13,'110.138.32.88','groups','index','GET','http://poliklinik.baukpoltek.net/users/login','/index.php?url=groups','Mozilla/5.0 (Windows; U; Windows NT 5.1; en-US; rv:1.9.2.10) Gecko/20100914 Firefox/3.6.10','2010-10-18 11:32:22'),(0,1,'110.138.32.88','groups','index','GET','http://poliklinik.baukpoltek.net/groups/edit/10','/index.php?url=groups','Mozilla/5.0 (Windows; U; Windows NT 5.1; en-US; rv:1.9.2.10) Gecko/20100914 Firefox/3.6.10','2010-10-18 11:32:11'),(0,1,'110.138.32.88','users','logout','GET','http://poliklinik.baukpoltek.net/groups','/index.php?url=users/logout','Mozilla/5.0 (Windows; U; Windows NT 5.1; en-US; rv:1.9.2.10) Gecko/20100914 Firefox/3.6.10','2010-10-18 11:32:14'),(0,1,'110.138.32.88','groups','edit','PUT','http://poliklinik.baukpoltek.net/groups/edit/10','/index.php?url=groups/edit/10','Mozilla/5.0 (Windows; U; Windows NT 5.1; en-US; rv:1.9.2.10) Gecko/20100914 Firefox/3.6.10','2010-10-18 11:32:11'),(0,1,'110.138.32.88','groups','edit','GET','http://poliklinik.baukpoltek.net/groups','/index.php?url=groups/edit/10','Mozilla/5.0 (Windows; U; Windows NT 5.1; en-US; rv:1.9.2.10) Gecko/20100914 Firefox/3.6.10','2010-10-18 11:32:01'),(0,1,'110.138.32.88','checkups','report_patient_status','GET','http://poliklinik.baukpoltek.net/users/login','/index.php?url=checkups/report_patient_status','Mozilla/5.0 (Windows; U; Windows NT 5.1; en-US; rv:1.9.2.10) Gecko/20100914 Firefox/3.6.10','2010-10-18 11:31:54'),(0,1,'110.138.32.88','groups','index','GET','http://poliklinik.baukpoltek.net/checkups/report_patient_status','/index.php?url=groups','Mozilla/5.0 (Windows; U; Windows NT 5.1; en-US; rv:1.9.2.10) Gecko/20100914 Firefox/3.6.10','2010-10-18 11:31:58'),(0,13,'110.138.32.88','checkups','report_patient_status','GET','http://poliklinik.baukpoltek.net/checkups/report_stock_medicines','/index.php?url=checkups/report_patient_status','Mozilla/5.0 (Windows; U; Windows NT 5.1; en-US; rv:1.9.2.10) Gecko/20100914 Firefox/3.6.10','2010-10-18 11:31:38'),(0,13,'110.138.32.88','users','logout','GET','http://poliklinik.baukpoltek.net/checkups/report_patient_status','/index.php?url=users/logout','Mozilla/5.0 (Windows; U; Windows NT 5.1; en-US; rv:1.9.2.10) Gecko/20100914 Firefox/3.6.10','2010-10-18 11:31:45'),(0,13,'110.138.32.88','checkups','report_stock_medicines','GET','http://poliklinik.baukpoltek.net/groups/permission_denied','/index.php?url=checkups/report_stock_medicines','Mozilla/5.0 (Windows; U; Windows NT 5.1; en-US; rv:1.9.2.10) Gecko/20100914 Firefox/3.6.10','2010-10-18 11:31:34'),(0,13,'110.138.32.88','groups','permission_denied','GET','http://poliklinik.baukpoltek.net/users/login','/index.php?url=groups/permission_denied','Mozilla/5.0 (Windows; U; Windows NT 5.1; en-US; rv:1.9.2.10) Gecko/20100914 Firefox/3.6.10','2010-10-18 11:31:28'),(0,13,'110.138.32.88','groups','index','GET','http://poliklinik.baukpoltek.net/users/login','/index.php?url=groups','Mozilla/5.0 (Windows; U; Windows NT 5.1; en-US; rv:1.9.2.10) Gecko/20100914 Firefox/3.6.10','2010-10-18 11:31:27'),(0,1,'110.138.32.88','users','logout','GET','http://poliklinik.baukpoltek.net/groups','/index.php?url=users/logout','Mozilla/5.0 (Windows; U; Windows NT 5.1; en-US; rv:1.9.2.10) Gecko/20100914 Firefox/3.6.10','2010-10-18 11:31:18'),(0,1,'110.138.32.88','groups','index','GET','http://poliklinik.baukpoltek.net/groups/edit/10','/index.php?url=groups','Mozilla/5.0 (Windows; U; Windows NT 5.1; en-US; rv:1.9.2.10) Gecko/20100914 Firefox/3.6.10','2010-10-18 11:31:14'),(0,1,'110.138.32.88','groups','edit','GET','http://poliklinik.baukpoltek.net/groups','/index.php?url=groups/edit/10','Mozilla/5.0 (Windows; U; Windows NT 5.1; en-US; rv:1.9.2.10) Gecko/20100914 Firefox/3.6.10','2010-10-18 11:30:43'),(0,1,'110.138.32.88','groups','edit','PUT','http://poliklinik.baukpoltek.net/groups/edit/10','/index.php?url=groups/edit/10','Mozilla/5.0 (Windows; U; Windows NT 5.1; en-US; rv:1.9.2.10) Gecko/20100914 Firefox/3.6.10','2010-10-18 11:31:14'),(0,1,'110.138.32.88','groups','edit','GET','http://poliklinik.baukpoltek.net/groups','/index.php?url=groups/edit/1','Mozilla/5.0 (Windows; U; Windows NT 5.1; en-US; rv:1.9.2.10) Gecko/20100914 Firefox/3.6.10','2010-10-18 11:29:58'),(0,1,'110.138.32.88','groups','index','GET','http://poliklinik.baukpoltek.net/groups/edit/1','/index.php?url=groups','Mozilla/5.0 (Windows; U; Windows NT 5.1; en-US; rv:1.9.2.10) Gecko/20100914 Firefox/3.6.10','2010-10-18 11:30:40'),(0,1,'110.138.32.88','groups','index','GET','http://poliklinik.baukpoltek.net/users','/index.php?url=groups','Mozilla/5.0 (Windows; U; Windows NT 5.1; en-US; rv:1.9.2.10) Gecko/20100914 Firefox/3.6.10','2010-10-18 11:29:50'),(0,1,'110.138.32.88','users','index','GET','http://poliklinik.baukpoltek.net/users/edit/1','/index.php?url=users','Mozilla/5.0 (Windows; U; Windows NT 5.1; en-US; rv:1.9.2.10) Gecko/20100914 Firefox/3.6.10','2010-10-18 11:29:44'),(0,1,'110.138.32.88','users','index','GET','http://poliklinik.baukpoltek.net/checkups/report_stock_medicines','/index.php?url=users','Mozilla/5.0 (Windows; U; Windows NT 5.1; en-US; rv:1.9.2.10) Gecko/20100914 Firefox/3.6.10','2010-10-18 11:28:53'),(0,1,'110.138.32.88','users','edit','GET','http://poliklinik.baukpoltek.net/users','/index.php?url=users/edit/1','Mozilla/5.0 (Windows; U; Windows NT 5.1; en-US; rv:1.9.2.10) Gecko/20100914 Firefox/3.6.10','2010-10-18 11:29:13'),(0,1,'110.138.32.88','checkups','report_stock_medicines','POST','http://poliklinik.baukpoltek.net/checkups/report_stock_medicines','/index.php?url=checkups/report_stock_medicines','Mozilla/5.0 (Windows; U; Windows NT 5.1; en-US; rv:1.9.2.10) Gecko/20100914 Firefox/3.6.10','2010-10-18 11:28:05'),(0,1,'110.138.32.88','checkups','report_stock_medicines','GET','http://poliklinik.baukpoltek.net/checkups/view_zero_stocks','/index.php?url=checkups/report_stock_medicines','Mozilla/5.0 (Windows; U; Windows NT 5.1; en-US; rv:1.9.2.10) Gecko/20100914 Firefox/3.6.10','2010-10-18 11:27:44'),(0,1,'110.138.32.88','checkups','report_stock_medicines','POST','http://poliklinik.baukpoltek.net/checkups/report_stock_medicines','/index.php?url=checkups/report_stock_medicines','Mozilla/5.0 (Windows; U; Windows NT 5.1; en-US; rv:1.9.2.10) Gecko/20100914 Firefox/3.6.10','2010-10-18 11:27:49'),(0,1,'110.138.32.88','checkups','report_stock','GET','http://poliklinik.baukpoltek.net/checkups/report_patient_status','/index.php?url=checkups/report_stock','Mozilla/5.0 (Windows; U; Windows NT 5.1; en-US; rv:1.9.2.10) Gecko/20100914 Firefox/3.6.10','2010-10-18 11:27:17'),(0,1,'110.138.32.88','checkups','view_zero_stocks','GET','http://poliklinik.baukpoltek.net/checkups/report_patient_status','/index.php?url=checkups/view_zero_stocks','Mozilla/5.0 (Windows; U; Windows NT 5.1; en-US; rv:1.9.2.10) Gecko/20100914 Firefox/3.6.10','2010-10-18 11:27:38'),(0,1,'110.138.32.88','checkups','report_patient_status','GET','http://poliklinik.baukpoltek.net/users/login','/index.php?url=checkups/report_patient_status','Mozilla/5.0 (Windows; U; Windows NT 5.1; en-US; rv:1.9.2.10) Gecko/20100914 Firefox/3.6.10','2010-10-18 11:27:13'),(0,13,'110.138.32.88','users','logout','GET','http://poliklinik.baukpoltek.net/checkups/report_patient_status','/index.php?url=users/logout','Mozilla/5.0 (Windows; U; Windows NT 5.1; en-US; rv:1.9.2.10) Gecko/20100914 Firefox/3.6.10','2010-10-18 11:27:02'),(0,13,'110.138.32.88','checkups','report_patient_status','GET','http://poliklinik.baukpoltek.net/checkups/report_stock_medicines','/index.php?url=checkups/report_patient_status','Mozilla/5.0 (Windows; U; Windows NT 5.1; en-US; rv:1.9.2.10) Gecko/20100914 Firefox/3.6.10','2010-10-18 11:26:43'),(0,13,'110.138.32.88','checkups','report_patient_status','GET','http://poliklinik.baukpoltek.net/checkups/report_stock_medicines','/index.php?url=checkups/report_patient_status','Mozilla/5.0 (Windows; U; Windows NT 5.1; en-US; rv:1.9.2.10) Gecko/20100914 Firefox/3.6.10','2010-10-18 11:26:34'),(0,13,'110.138.32.88','checkups','report_patient_status','POST','http://poliklinik.baukpoltek.net/checkups/report_patient_status','/index.php?url=checkups/report_patient_status','Mozilla/5.0 (Windows; U; Windows NT 5.1; en-US; rv:1.9.2.10) Gecko/20100914 Firefox/3.6.10','2010-10-18 11:26:00'),(0,13,'110.138.32.88','checkups','report_stock_medicines','POST','http://poliklinik.baukpoltek.net/checkups/report_stock_medicines','/index.php?url=checkups/report_stock_medicines','Mozilla/5.0 (Windows; U; Windows NT 5.1; en-US; rv:1.9.2.10) Gecko/20100914 Firefox/3.6.10','2010-10-18 11:25:44'),(0,13,'110.138.32.88','checkups','report_patient_status','GET','http://poliklinik.baukpoltek.net/checkups/report_stock_medicines','/index.php?url=checkups/report_patient_status','Mozilla/5.0 (Windows; U; Windows NT 5.1; en-US; rv:1.9.2.10) Gecko/20100914 Firefox/3.6.10','2010-10-18 11:25:51'),(0,13,'110.138.32.88','checkups','report_stock_medicines','GET','http://poliklinik.baukpoltek.net/','/index.php?url=checkups/report_stock_medicines','Mozilla/5.0 (Windows; U; Windows NT 5.1; en-US; rv:1.9.2.10) Gecko/20100914 Firefox/3.6.10','2010-10-18 11:25:40'),(0,13,'110.138.32.88','pages','display','GET','http://poliklinik.baukpoltek.net/users/login','/','Mozilla/5.0 (Windows; U; Windows NT 5.1; en-US; rv:1.9.2.10) Gecko/20100914 Firefox/3.6.10','2010-10-18 11:25:35'),(0,13,'125.161.129.228','checkups','index','GET','http://poliklinik.baukpoltek.net/checkups/add','/index.php?url=checkups','Mozilla/5.0 (Windows; U; Windows NT 5.1; id; rv:1.9.2.9) Gecko/20100824 Firefox/3.6.9','2010-10-18 11:07:34'),(0,13,'125.161.129.228','checkups','add','POST','http://poliklinik.baukpoltek.net/checkups/add','/index.php?url=checkups/add','Mozilla/5.0 (Windows; U; Windows NT 5.1; id; rv:1.9.2.9) Gecko/20100824 Firefox/3.6.9','2010-10-18 11:07:34'),(0,13,'125.161.129.228','checkups','patient_detail','GET','http://poliklinik.baukpoltek.net/checkups/add','/index.php?url=checkups/patient_detail/57','Mozilla/5.0 (Windows; U; Windows NT 5.1; id; rv:1.9.2.9) Gecko/20100824 Firefox/3.6.9','2010-10-18 11:06:16'),(0,13,'125.161.129.228','checkups','add','GET','http://poliklinik.baukpoltek.net/checkups','/index.php?url=checkups/add','Mozilla/5.0 (Windows; U; Windows NT 5.1; id; rv:1.9.2.9) Gecko/20100824 Firefox/3.6.9','2010-10-18 11:03:54'),(0,13,'125.161.129.228','checkups','index','GET','http://poliklinik.baukpoltek.net/checkups/add','/index.php?url=checkups','Mozilla/5.0 (Windows; U; Windows NT 5.1; id; rv:1.9.2.9) Gecko/20100824 Firefox/3.6.9','2010-10-18 11:03:50'),(0,13,'125.161.129.228','checkups','add','POST','http://poliklinik.baukpoltek.net/checkups/add','/index.php?url=checkups/add','Mozilla/5.0 (Windows; U; Windows NT 5.1; id; rv:1.9.2.9) Gecko/20100824 Firefox/3.6.9','2010-10-18 11:03:50'),(0,13,'125.161.129.228','checkups','add','POST','http://poliklinik.baukpoltek.net/checkups/add','/index.php?url=checkups/add','Mozilla/5.0 (Windows; U; Windows NT 5.1; id; rv:1.9.2.9) Gecko/20100824 Firefox/3.6.9','2010-10-18 11:03:29'),(0,13,'125.161.129.228','checkups','patient_detail','GET','http://poliklinik.baukpoltek.net/checkups/add','/index.php?url=checkups/patient_detail/21','Mozilla/5.0 (Windows; U; Windows NT 5.1; id; rv:1.9.2.9) Gecko/20100824 Firefox/3.6.9','2010-10-18 11:01:57'),(0,13,'125.161.129.228','checkups','add','GET','http://poliklinik.baukpoltek.net/checkups','/index.php?url=checkups/add','Mozilla/5.0 (Windows; U; Windows NT 5.1; id; rv:1.9.2.9) Gecko/20100824 Firefox/3.6.9','2010-10-18 11:01:31'),(0,13,'125.161.129.228','checkups','index','GET','http://poliklinik.baukpoltek.net/checkups/add','/index.php?url=checkups','Mozilla/5.0 (Windows; U; Windows NT 5.1; id; rv:1.9.2.9) Gecko/20100824 Firefox/3.6.9','2010-10-18 11:01:28'),(0,13,'125.161.129.228','checkups','add','POST','http://poliklinik.baukpoltek.net/checkups/add','/index.php?url=checkups/add','Mozilla/5.0 (Windows; U; Windows NT 5.1; id; rv:1.9.2.9) Gecko/20100824 Firefox/3.6.9','2010-10-18 11:01:28'),(0,13,'125.161.129.228','checkups','patient_detail','GET','http://poliklinik.baukpoltek.net/checkups/add','/index.php?url=checkups/patient_detail/116','Mozilla/5.0 (Windows; U; Windows NT 5.1; id; rv:1.9.2.9) Gecko/20100824 Firefox/3.6.9','2010-10-18 10:59:39'),(0,13,'125.161.129.228','checkups','add','GET','http://poliklinik.baukpoltek.net/users/login','/index.php?url=checkups/add','Mozilla/5.0 (Windows; U; Windows NT 5.1; id; rv:1.9.2.9) Gecko/20100824 Firefox/3.6.9','2010-10-18 10:58:22'),(0,13,'125.161.129.228','checkups','add','GET','http://poliklinik.baukpoltek.net/checkups','/index.php?url=checkups/add','Mozilla/5.0 (Windows; U; Windows NT 5.1; id; rv:1.9.2.9) Gecko/20100824 Firefox/3.6.9','2010-10-18 10:10:51'),(0,13,'125.161.129.228','checkups','index','GET','http://poliklinik.baukpoltek.net/checkups/add','/index.php?url=checkups','Mozilla/5.0 (Windows; U; Windows NT 5.1; id; rv:1.9.2.9) Gecko/20100824 Firefox/3.6.9','2010-10-18 10:11:15'),(0,13,'125.161.129.228','checkups','index','GET','http://poliklinik.baukpoltek.net/checkups/add','/index.php?url=checkups','Mozilla/5.0 (Windows; U; Windows NT 5.1; id; rv:1.9.2.9) Gecko/20100824 Firefox/3.6.9','2010-10-18 10:10:43'),(0,13,'125.161.129.228','checkups','add','POST','http://poliklinik.baukpoltek.net/checkups/add','/index.php?url=checkups/add','Mozilla/5.0 (Windows; U; Windows NT 5.1; id; rv:1.9.2.9) Gecko/20100824 Firefox/3.6.9','2010-10-18 10:10:43'),(0,13,'125.161.129.228','checkups','patient_detail','GET','http://poliklinik.baukpoltek.net/checkups/add','/index.php?url=checkups/patient_detail/58','Mozilla/5.0 (Windows; U; Windows NT 5.1; id; rv:1.9.2.9) Gecko/20100824 Firefox/3.6.9','2010-10-18 10:09:54'),(0,13,'125.161.129.228','checkups','patient_detail','GET','http://poliklinik.baukpoltek.net/checkups/add','/index.php?url=checkups/patient_detail/137','Mozilla/5.0 (Windows; U; Windows NT 5.1; id; rv:1.9.2.9) Gecko/20100824 Firefox/3.6.9','2010-10-18 10:09:17'),(0,13,'125.161.129.228','checkups','add','GET','http://poliklinik.baukpoltek.net/checkups','/index.php?url=checkups/add','Mozilla/5.0 (Windows; U; Windows NT 5.1; id; rv:1.9.2.9) Gecko/20100824 Firefox/3.6.9','2010-10-18 10:01:48'),(0,13,'125.161.129.228','checkups','index','GET','http://poliklinik.baukpoltek.net/checkups','/index.php?url=checkups/index/page:4&ajax=1','Mozilla/5.0 (Windows; U; Windows NT 5.1; id; rv:1.9.2.9) Gecko/20100824 Firefox/3.6.9','2010-10-18 09:40:55'),(0,13,'125.161.129.228','checkups','add','POST','http://poliklinik.baukpoltek.net/checkups/add','/index.php?url=checkups/add','Mozilla/5.0 (Windows; U; Windows NT 5.1; id; rv:1.9.2.9) Gecko/20100824 Firefox/3.6.9','2010-10-18 09:40:39'),(0,13,'125.161.129.228','checkups','index','GET','http://poliklinik.baukpoltek.net/checkups/add','/index.php?url=checkups','Mozilla/5.0 (Windows; U; Windows NT 5.1; id; rv:1.9.2.9) Gecko/20100824 Firefox/3.6.9','2010-10-18 09:40:39'),(0,13,'125.161.129.228','checkups','patient_detail','GET','http://poliklinik.baukpoltek.net/checkups/add','/index.php?url=checkups/patient_detail/167','Mozilla/5.0 (Windows; U; Windows NT 5.1; id; rv:1.9.2.9) Gecko/20100824 Firefox/3.6.9','2010-10-18 09:39:00'),(0,13,'125.161.129.228','checkups','add','GET','http://poliklinik.baukpoltek.net/checkups','/index.php?url=checkups/add','Mozilla/5.0 (Windows; U; Windows NT 5.1; id; rv:1.9.2.9) Gecko/20100824 Firefox/3.6.9','2010-10-18 09:38:33'),(0,13,'125.161.129.228','checkups','index','GET','http://poliklinik.baukpoltek.net/checkups','/index.php?url=checkups/index/page:4&ajax=1','Mozilla/5.0 (Windows; U; Windows NT 5.1; id; rv:1.9.2.9) Gecko/20100824 Firefox/3.6.9','2010-10-18 09:19:02'),(0,13,'125.161.129.228','checkups','index','GET','http://poliklinik.baukpoltek.net/checkups','/index.php?url=checkups/index/page:3&ajax=1','Mozilla/5.0 (Windows; U; Windows NT 5.1; id; rv:1.9.2.9) Gecko/20100824 Firefox/3.6.9','2010-10-18 09:18:45'),(0,13,'125.161.129.228','checkups','index','GET','http://poliklinik.baukpoltek.net/checkups','/index.php?url=checkups/index/page:2&ajax=1','Mozilla/5.0 (Windows; U; Windows NT 5.1; id; rv:1.9.2.9) Gecko/20100824 Firefox/3.6.9','2010-10-18 09:18:23'),(0,13,'125.161.129.228','checkups','index','GET','http://poliklinik.baukpoltek.net/','/index.php?url=checkups','Mozilla/5.0 (Windows; U; Windows NT 5.1; id; rv:1.9.2.9) Gecko/20100824 Firefox/3.6.9','2010-10-18 09:18:12'),(0,1,'110.138.32.88','users','logout','GET','http://poliklinik.baukpoltek.net/checkups/report_checkups','/index.php?url=users/logout','Mozilla/5.0 (Windows; U; Windows NT 5.1; en-US; rv:1.9.1.13) Gecko/20100914 Firefox/3.5.13','2010-10-18 07:21:05'),(0,13,'125.161.129.228','pages','display','GET','http://poliklinik.baukpoltek.net/users/login','/','Mozilla/5.0 (Windows; U; Windows NT 5.1; id; rv:1.9.2.9) Gecko/20100824 Firefox/3.6.9','2010-10-18 09:18:07'),(0,1,'110.138.32.88','checkups','report_checkups','POST','http://poliklinik.baukpoltek.net/checkups/report_checkups','/index.php?url=checkups/report_checkups','Mozilla/5.0 (Windows; U; Windows NT 5.1; en-US; rv:1.9.1.13) Gecko/20100914 Firefox/3.5.13','2010-10-18 07:20:35'),(0,1,'110.138.32.88','checkups','report_checkups','GET','http://poliklinik.baukpoltek.net/checkups/report_patient_status','/index.php?url=checkups/report_checkups','Mozilla/5.0 (Windows; U; Windows NT 5.1; en-US; rv:1.9.1.13) Gecko/20100914 Firefox/3.5.13','2010-10-18 07:20:28'),(0,1,'110.138.32.88','checkups','report_patient_status','GET','http://poliklinik.baukpoltek.net/checkups/report_patient_status','/index.php?url=checkups/report_patient_status','Mozilla/5.0 (Windows; U; Windows NT 5.1; en-US; rv:1.9.1.13) Gecko/20100914 Firefox/3.5.13','2010-10-18 07:20:23'),(0,1,'110.138.32.88','checkups','report_patient_status','POST','http://poliklinik.baukpoltek.net/checkups/report_patient_status','/index.php?url=checkups/report_patient_status','Mozilla/5.0 (Windows; U; Windows NT 5.1; en-US; rv:1.9.1.13) Gecko/20100914 Firefox/3.5.13','2010-10-18 07:19:53'),(0,1,'110.138.32.88','checkups','report_patient_status','POST','http://poliklinik.baukpoltek.net/checkups/report_patient_status','/index.php?url=checkups/report_patient_status','Mozilla/5.0 (Windows; U; Windows NT 5.1; en-US; rv:1.9.1.13) Gecko/20100914 Firefox/3.5.13','2010-10-18 07:19:21'),(0,1,'110.138.32.88','checkups','report_patient_status','POST','http://poliklinik.baukpoltek.net/checkups/report_patient_status','/index.php?url=checkups/report_patient_status','Mozilla/5.0 (Windows; U; Windows NT 5.1; en-US; rv:1.9.1.13) Gecko/20100914 Firefox/3.5.13','2010-10-18 07:18:44'),(0,1,'110.138.32.88','checkups','report_patient_status','POST','http://poliklinik.baukpoltek.net/checkups/report_patient_status','/index.php?url=checkups/report_patient_status','Mozilla/5.0 (Windows; U; Windows NT 5.1; en-US; rv:1.9.1.13) Gecko/20100914 Firefox/3.5.13','2010-10-18 07:17:35'),(0,1,'110.138.32.88','checkups','report_patient_status','GET','http://poliklinik.baukpoltek.net/checkups/report_checkups','/index.php?url=checkups/report_patient_status','Mozilla/5.0 (Windows; U; Windows NT 5.1; en-US; rv:1.9.1.13) Gecko/20100914 Firefox/3.5.13','2010-10-18 07:17:24'),(0,1,'110.138.32.88','checkups','report_checkups','POST','http://poliklinik.baukpoltek.net/checkups/report_checkups','/index.php?url=checkups/report_checkups','Mozilla/5.0 (Windows; U; Windows NT 5.1; en-US; rv:1.9.1.13) Gecko/20100914 Firefox/3.5.13','2010-10-18 07:16:50'),(0,1,'110.138.32.88','checkups','report_checkups','GET','http://poliklinik.baukpoltek.net/checkups/report_patient_status','/index.php?url=checkups/report_checkups','Mozilla/5.0 (Windows; U; Windows NT 5.1; en-US; rv:1.9.1.13) Gecko/20100914 Firefox/3.5.13','2010-10-18 07:16:49'),(0,1,'110.138.32.88','checkups','report_patient_status','POST','http://poliklinik.baukpoltek.net/checkups/report_patient_status','/index.php?url=checkups/report_patient_status','Mozilla/5.0 (Windows; U; Windows NT 5.1; en-US; rv:1.9.1.13) Gecko/20100914 Firefox/3.5.13','2010-10-18 07:16:39'),(0,1,'110.138.32.88','checkups','report_patient_status','POST','http://poliklinik.baukpoltek.net/checkups/report_patient_status','/index.php?url=checkups/report_patient_status','Mozilla/5.0 (Windows; U; Windows NT 5.1; en-US; rv:1.9.1.13) Gecko/20100914 Firefox/3.5.13','2010-10-18 07:16:32'),(0,1,'110.138.32.88','checkups','report_patient_status','GET','http://poliklinik.baukpoltek.net/diagnoses','/index.php?url=checkups/report_patient_status','Mozilla/5.0 (Windows; U; Windows NT 5.1; en-US; rv:1.9.1.13) Gecko/20100914 Firefox/3.5.13','2010-10-18 07:16:26'),(0,1,'110.138.32.88','diagnoses','index','GET','http://poliklinik.baukpoltek.net/diagnoses','/index.php?url=diagnoses/index/page:2&ajax=1','Mozilla/5.0 (Windows; U; Windows NT 5.1; en-US; rv:1.9.1.13) Gecko/20100914 Firefox/3.5.13','2010-10-18 07:16:12'),(0,1,'110.138.32.88','checktypes','index','GET','http://poliklinik.baukpoltek.net/medicines','/index.php?url=checktypes','Mozilla/5.0 (Windows; U; Windows NT 5.1; en-US; rv:1.9.1.13) Gecko/20100914 Firefox/3.5.13','2010-10-18 07:15:46'),(0,1,'110.138.32.88','diagnoses','index','GET','http://poliklinik.baukpoltek.net/checktypes','/index.php?url=diagnoses','Mozilla/5.0 (Windows; U; Windows NT 5.1; en-US; rv:1.9.1.13) Gecko/20100914 Firefox/3.5.13','2010-10-18 07:15:52'),(0,1,'110.138.32.88','checkups','report_diagnoses','GET','http://poliklinik.baukpoltek.net/medicines','/index.php?url=checkups/report_diagnoses','Mozilla/5.0 (Windows; U; Windows NT 5.1; en-US; rv:1.9.1.13) Gecko/20100914 Firefox/3.5.13','2010-10-18 07:15:19');
/*!40000 ALTER TABLE `user_logs` ENABLE KEYS */;
UNLOCK TABLES;

--
-- Table structure for table `user_preferences`
--

DROP TABLE IF EXISTS `user_preferences`;
SET @saved_cs_client     = @@character_set_client;
SET character_set_client = utf8;
CREATE TABLE `user_preferences` (
  `id` int(10) NOT NULL auto_increment,
  `user_id` int(10) NOT NULL,
  `param` varchar(20) NOT NULL,
  `value` varchar(100) NOT NULL,
  PRIMARY KEY  (`id`),
  KEY `user_id` (`user_id`),
  KEY `param` (`param`)
) ENGINE=MyISAM DEFAULT CHARSET=latin1;
SET character_set_client = @saved_cs_client;

--
-- Dumping data for table `user_preferences`
--

LOCK TABLES `user_preferences` WRITE;
/*!40000 ALTER TABLE `user_preferences` DISABLE KEYS */;
/*!40000 ALTER TABLE `user_preferences` ENABLE KEYS */;
UNLOCK TABLES;

--
-- Table structure for table `users`
--

DROP TABLE IF EXISTS `users`;
SET @saved_cs_client     = @@character_set_client;
SET character_set_client = utf8;
CREATE TABLE `users` (
  `id` int(10) NOT NULL auto_increment,
  `group_id` int(5) NOT NULL,
  `unit_code_id` smallint(6) default NULL,
  `username` varchar(10) NOT NULL,
  `name` varchar(30) NOT NULL,
  `password_real` varchar(20) NOT NULL,
  `password` char(40) NOT NULL,
  `sex` char(1) default NULL,
  `pob` varchar(20) default NULL,
  `dob` date default NULL,
  `address1` varchar(100) default NULL,
  `address2` varchar(100) default NULL,
  `address3` varchar(100) default NULL,
  `zipcode` varchar(5) default NULL,
  `city_id` int(11) default NULL,
  `province_id` tinyint(3) default NULL,
  `handphone` varchar(20) default NULL,
  `homephone` varchar(20) default NULL,
  `email` varchar(50) default NULL,
  `active` tinyint(1) NOT NULL default '1',
  `last_login` datetime default NULL,
  `created` datetime NOT NULL,
  `created_by` int(10) NOT NULL,
  `modified` datetime NOT NULL,
  `modified_by` int(10) NOT NULL,
  PRIMARY KEY  (`id`),
  UNIQUE KEY `email` (`email`),
  KEY `group_id` (`group_id`),
  KEY `username` (`username`,`password`),
  KEY `sex` (`sex`),
  KEY `name` (`name`),
  KEY `active` (`active`),
  KEY `unit_code_id` (`unit_code_id`),
  KEY `last_login` (`last_login`)
) ENGINE=MyISAM AUTO_INCREMENT=15 DEFAULT CHARSET=latin1;
SET character_set_client = @saved_cs_client;

--
-- Dumping data for table `users`
--

LOCK TABLES `users` WRITE;
/*!40000 ALTER TABLE `users` DISABLE KEYS */;
INSERT INTO `users` VALUES (1,1,1,'admin','Administrator','akeda123','979870abc75187d38d6dff3eae200279e729cd63','L','Bekasi','1984-07-13','JL Kepodang Blok C No. 7 RT003/RW004 Jaka Mulya Bekasi Selatan','','','17146',NULL,11,'081315528932','021-8226577','admin@gedex.web.id',1,'2010-10-23 15:54:58','2009-12-12 14:05:18',0,'2010-10-23 15:54:58',1),(2,1,2,'heru','Heru Triyanto','123456','7c4a8d09ca3762af61e59520943dc26494f8941b','L','','1999-12-16','','','','',NULL,NULL,'','','akeda13@gmail.com',1,'2010-08-13 07:53:10','2009-12-16 17:18:09',1,'2010-08-13 07:53:10',1),(7,1,10,'agus','Agus Ramdan','agus','0525885565bb6a150db63f19bf42f11bd2db4702','L','','2000-03-04','','','','',NULL,NULL,'','','agusramdan@yahoo.com',1,'2010-08-16 19:44:06','2010-03-04 04:09:32',1,'2010-08-16 19:44:06',2),(8,9,3,'pudir2','Purnomo Ananto','pudir2','106ce3c2551a565a2b600ae3f4d13c9319c46d23','L','','2000-03-04','','','','',NULL,NULL,'','','pudir2@yahoo.com',1,'2010-09-29 21:24:55','2010-03-04 04:11:21',1,'2010-09-29 21:24:55',1),(9,6,6,'pudir3','Pudir III','123456','7c4a8d09ca3762af61e59520943dc26494f8941b','L','','2000-03-04','','','','',NULL,NULL,'','','pudir3@yahoo.com',1,'2010-03-09 15:53:37','2010-03-04 04:12:16',1,'2010-03-09 15:53:37',0),(10,7,7,'pudir4','Pudir IV','123456','7c4a8d09ca3762af61e59520943dc26494f8941b','L','','2000-03-04','','','','',NULL,NULL,'','','pudir4@yahoo.com',1,'2010-03-09 15:54:18','2010-03-04 04:12:58',1,'2010-03-09 15:54:18',0),(13,10,10,'aliyah','Aliyah','ica','0fe8e8dd5274f577c7df1467563f34b82bfa9f20','P','jakarta','2000-09-27','','','','',NULL,NULL,'','','aliyah@yahoo.co.id',1,'2010-10-22 13:39:07','2010-09-27 08:07:54',1,'2010-10-22 13:39:07',1),(14,1,11,'yatmi','Suyatmi','123','40bd001563085fc35165329ea1ff5c5ecbdbbeef','P','','2000-09-27','','','','',NULL,NULL,'','','yatmi@yahoo.co.id',1,'2010-10-21 10:38:15','2010-09-27 09:35:14',1,'2010-10-21 10:38:15',0);
/*!40000 ALTER TABLE `users` ENABLE KEYS */;
UNLOCK TABLES;

--
-- Dumping routines for database 't38891_poliklinik'
--
DELIMITER ;;
DELIMITER ;
/*!40103 SET TIME_ZONE=@OLD_TIME_ZONE */;

/*!40101 SET SQL_MODE=@OLD_SQL_MODE */;
/*!40014 SET FOREIGN_KEY_CHECKS=@OLD_FOREIGN_KEY_CHECKS */;
/*!40014 SET UNIQUE_CHECKS=@OLD_UNIQUE_CHECKS */;
/*!40101 SET CHARACTER_SET_CLIENT=@OLD_CHARACTER_SET_CLIENT */;
/*!40101 SET CHARACTER_SET_RESULTS=@OLD_CHARACTER_SET_RESULTS */;
/*!40101 SET COLLATION_CONNECTION=@OLD_COLLATION_CONNECTION */;
/*!40111 SET SQL_NOTES=@OLD_SQL_NOTES */;

-- Dump completed on 2010-10-23  9:36:17
