-- MySQL dump 10.11
--
-- Host: localhost    Database: t38891_poliklinik
-- ------------------------------------------------------
-- Server version	5.0.51a-24+lenny4

/*!40101 SET @OLD_CHARACTER_SET_CLIENT=@@CHARACTER_SET_CLIENT */;
/*!40101 SET @OLD_CHARACTER_SET_RESULTS=@@CHARACTER_SET_RESULTS */;
/*!40101 SET @OLD_COLLATION_CONNECTION=@@COLLATION_CONNECTION */;
/*!40101 SET NAMES utf8 */;
/*!40103 SET @OLD_TIME_ZONE=@@TIME_ZONE */;
/*!40103 SET TIME_ZONE='+00:00' */;
/*!40014 SET @OLD_UNIQUE_CHECKS=@@UNIQUE_CHECKS, UNIQUE_CHECKS=0 */;
/*!40014 SET @OLD_FOREIGN_KEY_CHECKS=@@FOREIGN_KEY_CHECKS, FOREIGN_KEY_CHECKS=0 */;
/*!40101 SET @OLD_SQL_MODE=@@SQL_MODE, SQL_MODE='NO_AUTO_VALUE_ON_ZERO' */;
/*!40111 SET @OLD_SQL_NOTES=@@SQL_NOTES, SQL_NOTES=0 */;

--
-- Table structure for table `checktypes`
--

DROP TABLE IF EXISTS `checktypes`;
SET @saved_cs_client     = @@character_set_client;
SET character_set_client = utf8;
CREATE TABLE `checktypes` (
  `id` int(11) NOT NULL auto_increment,
  `name` varchar(50) NOT NULL,
  PRIMARY KEY  (`id`)
) ENGINE=MyISAM AUTO_INCREMENT=9 DEFAULT CHARSET=latin1;
SET character_set_client = @saved_cs_client;

--
-- Dumping data for table `checktypes`
--

LOCK TABLES `checktypes` WRITE;
/*!40000 ALTER TABLE `checktypes` DISABLE KEYS */;
INSERT INTO `checktypes` VALUES (1,'Cek Tensi Darah'),(2,'Cek Gula Darah'),(3,'Cek Kolesterol Darah'),(4,'Cek Asam Urat Darah'),(5,'Konsultasi'),(6,'Surat Keterangan Sehat'),(7,'Surat Keterangan Sakit'),(8,'Pemberian Resep Luar');
/*!40000 ALTER TABLE `checktypes` ENABLE KEYS */;
UNLOCK TABLES;

--
-- Table structure for table `checktypes_checkups`
--

DROP TABLE IF EXISTS `checktypes_checkups`;
SET @saved_cs_client     = @@character_set_client;
SET character_set_client = utf8;
CREATE TABLE `checktypes_checkups` (
  `id` int(11) NOT NULL auto_increment,
  `checktype_id` int(11) NOT NULL,
  `checkup_id` int(11) NOT NULL,
  PRIMARY KEY  (`id`),
  KEY `checktype_id` (`checktype_id`),
  KEY `checkup_id` (`checkup_id`)
) ENGINE=MyISAM AUTO_INCREMENT=34 DEFAULT CHARSET=latin1;
SET character_set_client = @saved_cs_client;

--
-- Dumping data for table `checktypes_checkups`
--

LOCK TABLES `checktypes_checkups` WRITE;
/*!40000 ALTER TABLE `checktypes_checkups` DISABLE KEYS */;
INSERT INTO `checktypes_checkups` VALUES (33,5,6),(32,3,6),(31,1,6);
/*!40000 ALTER TABLE `checktypes_checkups` ENABLE KEYS */;
UNLOCK TABLES;

--
-- Table structure for table `checkups`
--

DROP TABLE IF EXISTS `checkups`;
SET @saved_cs_client     = @@character_set_client;
SET character_set_client = utf8;
CREATE TABLE `checkups` (
  `id` int(11) NOT NULL auto_increment,
  `checkup_date` date NOT NULL,
  `patient_id` int(11) NOT NULL,
  `handler_id` int(11) NOT NULL,
  `created` datetime NOT NULL,
  `created_by` int(11) NOT NULL,
  PRIMARY KEY  (`id`),
  KEY `patient_id` (`patient_id`),
  KEY `checkup_date` (`checkup_date`),
  KEY `created_by` (`created_by`),
  KEY `handler_id` (`handler_id`)
) ENGINE=MyISAM AUTO_INCREMENT=7 DEFAULT CHARSET=latin1;
SET character_set_client = @saved_cs_client;

--
-- Dumping data for table `checkups`
--

LOCK TABLES `checkups` WRITE;
/*!40000 ALTER TABLE `checkups` DISABLE KEYS */;
INSERT INTO `checkups` VALUES (6,'2010-09-28',4,1,'2010-09-28 12:26:05',1);
/*!40000 ALTER TABLE `checkups` ENABLE KEYS */;
UNLOCK TABLES;

--
-- Table structure for table `checkups_diagnoses`
--

DROP TABLE IF EXISTS `checkups_diagnoses`;
SET @saved_cs_client     = @@character_set_client;
SET character_set_client = utf8;
CREATE TABLE `checkups_diagnoses` (
  `id` int(11) NOT NULL auto_increment,
  `checkup_id` int(11) NOT NULL,
  `diagnosis_id` int(11) NOT NULL,
  PRIMARY KEY  (`id`),
  KEY `checkup_id` (`checkup_id`),
  KEY `diagnosis_id` (`diagnosis_id`)
) ENGINE=MyISAM AUTO_INCREMENT=38 DEFAULT CHARSET=latin1;
SET character_set_client = @saved_cs_client;

--
-- Dumping data for table `checkups_diagnoses`
--

LOCK TABLES `checkups_diagnoses` WRITE;
/*!40000 ALTER TABLE `checkups_diagnoses` DISABLE KEYS */;
INSERT INTO `checkups_diagnoses` VALUES (37,6,17),(36,6,15),(35,6,10),(34,6,1);
/*!40000 ALTER TABLE `checkups_diagnoses` ENABLE KEYS */;
UNLOCK TABLES;

--
-- Table structure for table `checkups_medicines`
--

DROP TABLE IF EXISTS `checkups_medicines`;
SET @saved_cs_client     = @@character_set_client;
SET character_set_client = utf8;
CREATE TABLE `checkups_medicines` (
  `id` int(11) NOT NULL auto_increment,
  `checkup_id` int(11) NOT NULL,
  `medicine_id` int(11) NOT NULL,
  `qty` int(2) NOT NULL,
  PRIMARY KEY  (`id`),
  KEY `checkup_id` (`checkup_id`),
  KEY `medicine_id` (`medicine_id`)
) ENGINE=MyISAM AUTO_INCREMENT=26 DEFAULT CHARSET=latin1;
SET character_set_client = @saved_cs_client;

--
-- Dumping data for table `checkups_medicines`
--

LOCK TABLES `checkups_medicines` WRITE;
/*!40000 ALTER TABLE `checkups_medicines` DISABLE KEYS */;
INSERT INTO `checkups_medicines` VALUES (11,1,8,5),(10,1,2,2),(9,1,1,1),(12,2,4,2),(13,2,5,3),(17,3,4,5),(16,3,1,10),(19,5,2,2),(25,6,10,1),(24,6,13,2);
/*!40000 ALTER TABLE `checkups_medicines` ENABLE KEYS */;
UNLOCK TABLES;

--
-- Table structure for table `cities`
--

DROP TABLE IF EXISTS `cities`;
SET @saved_cs_client     = @@character_set_client;
SET character_set_client = utf8;
CREATE TABLE `cities` (
  `id` int(11) unsigned NOT NULL auto_increment,
  `province_id` int(11) unsigned NOT NULL default '0',
  `name` varchar(60) default NULL,
  `other_name` varchar(255) default NULL,
  `created_by` varchar(30) default NULL,
  `created` datetime default NULL,
  `modified_by` varchar(30) default NULL,
  `modified` datetime default NULL,
  PRIMARY KEY  (`id`),
  KEY `province_id` (`province_id`),
  KEY `name` (`name`),
  KEY `other_name` (`other_name`)
) ENGINE=MyISAM AUTO_INCREMENT=450 DEFAULT CHARSET=latin1;
SET character_set_client = @saved_cs_client;

--
-- Dumping data for table `cities`
--

LOCK TABLES `cities` WRITE;
/*!40000 ALTER TABLE `cities` DISABLE KEYS */;
INSERT INTO `cities` VALUES (10,37,'KABUPATEN ACEH SELATAN','TAPAKTUAN',NULL,NULL,'1','2009-12-17 00:18:29'),(11,37,'KABUPATEN ACEH TENGGARA','KUTACANE',NULL,NULL,'admin','2009-06-24 10:47:44'),(12,37,'KABUPATEN ACEH TIMUR DAN KOTA LANGSA','LANGSA',NULL,NULL,NULL,NULL),(13,37,'KABUPATEN ACEH TENGAH','TAKENGON',NULL,NULL,NULL,NULL),(14,37,'KABUPATEN ACEH BARAT','MEULABOH',NULL,NULL,NULL,NULL),(15,37,'KABUPATEN ACEH BESAR','JANTHO',NULL,NULL,NULL,NULL),(16,37,'KABUPATEN PIDIE','SIGLI',NULL,NULL,NULL,NULL),(17,37,'KABUPATEN ACEH UTARA DAN KOTA LHOKSEUMAWE','LHOKSEUMAWE',NULL,NULL,NULL,NULL),(18,37,'KABUPATEN SIMEULUE','SINABANG',NULL,NULL,NULL,NULL),(19,37,'KABUPATEN ACEH SINGKIL','SINGKIL',NULL,NULL,NULL,NULL),(20,37,'KABUPATEN BIREUEN','BIREUEN',NULL,NULL,NULL,NULL),(21,37,'KABUPATEN ACEH BARAT DAYA','BLANGPIDIE',NULL,NULL,NULL,NULL),(22,37,'KABUPATEN GAYO LUES','BLANGKEJERAN',NULL,NULL,NULL,NULL),(23,37,'KABUPATEN ACEH JAYA','CALANG',NULL,NULL,NULL,NULL),(24,37,'KABUPATEN NAGAN RAYA','SUKA MAKMUE',NULL,NULL,NULL,NULL),(25,37,'KABUPATEN ACEH TAMIANG','KARANG BARU',NULL,NULL,NULL,NULL),(26,37,'KABUPATEN BENER MERIAH','SIMPANG TIGA REDELONG',NULL,NULL,NULL,NULL),(27,37,'KABUPATEN PIDIE JAYA','MEUREUDU',NULL,NULL,NULL,NULL),(28,37,'KOTA BANDA ACEH','BANDA ACEH',NULL,NULL,NULL,NULL),(29,37,'KOTA SABANG','SABANG',NULL,NULL,NULL,NULL),(30,37,'KOTA SUBULUSSALAM','SUBULUSSALAM',NULL,NULL,NULL,NULL),(31,45,'KABUPATEN TAPANULI TENGAH DAN KOTA SIBOLGA','SIBOLGA',NULL,NULL,NULL,NULL),(32,45,'KABUPATEN TAPANULI UTARA','TARUTUNG',NULL,NULL,NULL,NULL),(33,45,'KABUPATEN TAPANULI SELATAN DAN KOTA PADANG SIDEMPUAN','PADANG SIDEMPUAN',NULL,NULL,NULL,NULL),(34,45,'KABUPATEN NIAS','GUNUNGSITOLI',NULL,NULL,NULL,NULL),(35,45,'KABUPATEN LANGKAT','STABAT',NULL,NULL,NULL,NULL),(36,45,'KABUPATEN KARO','KABANJAHE',NULL,NULL,NULL,NULL),(37,45,'KABUPATEN DELI SERDANG','LUBUKPAKAM',NULL,NULL,NULL,NULL),(38,45,'KABUPATEN SIMALUNGUN DAN KOTA PEMATANG SIANTAR','PEMATANGSIANTAR',NULL,NULL,NULL,NULL),(39,45,'KABUPATEN ASAHAN','KISARAN',NULL,NULL,NULL,NULL),(40,45,'KABUPATEN LABUHANBATU SELATAN','KOTA PINANG',NULL,NULL,NULL,NULL),(41,45,'KABUPATEN LABUHANBATU UTARA','AEK KANOPAN',NULL,NULL,NULL,NULL),(42,45,'KABUPATEN LABUHANBATU','RANTAUPRAPAT',NULL,NULL,NULL,NULL),(43,45,'KABUPATEN DAIRI','SIDIKALANG',NULL,NULL,NULL,NULL),(44,45,'KABUPATEN TOBA SAMOSIR','BALIGE',NULL,NULL,NULL,NULL),(45,45,'KABUPATEN MANDAILING NATAL','PENYABUNGAN',NULL,NULL,NULL,NULL),(46,45,'KABUPATEN NIAS SELATAN','TELUK DALAM',NULL,NULL,NULL,NULL),(47,45,'KABUPATEN PAKPAK BHARAT','SALAK',NULL,NULL,NULL,NULL),(48,45,'KABUPATEN HUMBANG HASUNDUTAN','DOLOK SANGGUL',NULL,NULL,NULL,NULL),(49,45,'KABUPATEN SAMOSIR','PANGURUAN',NULL,NULL,NULL,NULL),(50,45,'KABUPATEN SERDANG BEDAGAI','SEI RAMPAH',NULL,NULL,NULL,NULL),(51,45,'KABUPATEN BATU BARA','LIMA PULUH',NULL,NULL,NULL,NULL),(52,45,'KABUPATEN PADANG LAWAS UTARA','GUNUNG TUA',NULL,NULL,NULL,NULL),(53,45,'KABUPATEN PADANG LAWAS','SIBUHUAN',NULL,NULL,NULL,NULL),(54,45,'KOTA MEDAN','MEDAN',NULL,NULL,NULL,NULL),(55,45,'KOTA TANJUNG BALAI','TANJUNG BALAI',NULL,NULL,NULL,NULL),(56,45,'KOTA BINJAI','BINJAI',NULL,NULL,NULL,NULL),(57,45,'KOTA TEBING TINGGI','TEBING TINGGI',NULL,NULL,NULL,NULL),(58,2,'KABUPATEN BENGKULU SELATAN','MANNA',NULL,NULL,NULL,NULL),(59,2,'KABUPATEN REJANG LEBONG','CURUP',NULL,NULL,NULL,NULL),(60,2,'KABUPATEN BENGKULU UTARA','ARGAMAKMUR',NULL,NULL,NULL,NULL),(61,2,'KABUPATEN KAUR','BINTUHAN',NULL,NULL,NULL,NULL),(62,2,'KABUPATEN SELUMA','TAIS',NULL,NULL,NULL,NULL),(63,2,'KABUPATEN MUKOMUKO','MUKOMUKO',NULL,NULL,NULL,NULL),(64,2,'KABUPATEN LEBONG','TUBEI',NULL,NULL,NULL,NULL),(65,2,'KABUPATEN KEPAHIANG','KEPAHIANG',NULL,NULL,NULL,NULL),(66,2,'KABUPATEN BENGKULU TENGAH','KARANG TINGGI',NULL,NULL,NULL,NULL),(67,2,'KOTA BENGKULU','BENGKULU',NULL,NULL,NULL,NULL),(68,31,'KABUPATEN KERINCI DAN KOTA SUNGAI PENUH','SUNGAIPENUH',NULL,NULL,NULL,NULL),(69,31,'KABUPATEN MERANGIN','BANGKO',NULL,NULL,NULL,NULL),(70,31,'KABUPATEN SAROLANGUN','SAROLANGUN',NULL,NULL,NULL,NULL),(71,31,'KABUPATEN BATANG HARI','MUARA BULIAN',NULL,NULL,NULL,NULL),(72,31,'KABUPATEN MUARO JAMBI','SENGETI',NULL,NULL,NULL,NULL),(73,31,'KABUPATEN TANJUNG JABUNG BARAT','KUALA TUNGKAL',NULL,NULL,NULL,NULL),(74,31,'KABUPATEN TANJUNG JABUNG TIMUR','MUARA SABAK',NULL,NULL,NULL,NULL),(75,31,'KABUPATEN BUNGO','MUARA BUNGO',NULL,NULL,NULL,NULL),(76,31,'KABUPATEN TEBO','MUARA TEBO',NULL,NULL,NULL,NULL),(77,31,'KOTA JAMBI','JAMBI',NULL,NULL,NULL,NULL),(78,42,'KABUPATEN KAMPAR','BANGKINANG',NULL,NULL,NULL,NULL),(79,42,'KABUPATEN INDRAGIRI HULU','RENGAT',NULL,NULL,NULL,NULL),(80,42,'KABUPATEN BENGKALIS','BENGKALIS',NULL,NULL,NULL,NULL),(81,42,'KABUPATEN INDRAGIRI HILIR','TEMBILAHAN',NULL,NULL,NULL,NULL),(82,42,'KABUPATEN PELALAWAN','PANGKALAN KERINCI',NULL,NULL,NULL,NULL),(83,42,'KABUPATEN ROKAN HULU','PASIR PANGARAIAN',NULL,NULL,NULL,NULL),(84,42,'KABUPATEN ROKAN HILIR','UJUNG TANJUNG',NULL,NULL,NULL,NULL),(85,42,'KABUPATEN SIAK','SIAK SRIINDRAPURA',NULL,NULL,NULL,NULL),(86,42,'KABUPATEN KUANTAN SINGINGI','TELUK KUANTAN',NULL,NULL,NULL,NULL),(87,42,'KOTA PEKANBARU','PEKANBARU',NULL,NULL,NULL,NULL),(88,42,'KOTA DUMAI','DUMAI',NULL,NULL,NULL,NULL),(89,43,'KABUPATEN PESISIR SELATAN','PAINAN',NULL,NULL,NULL,NULL),(90,43,'KABUPATEN SOLOK DAN KOTA SOLOK','SOLOK',NULL,NULL,NULL,NULL),(91,43,'KABUPATEN SIJUNJUNG','MUARO SIJUNJUNG',NULL,NULL,NULL,NULL),(92,43,'KABUPATEN TANAH DATAR','BATUSANGKAR',NULL,NULL,NULL,NULL),(93,43,'KABUPATEN PADANG PARIAMAN DAN KOTA PARIAMAN','PARIAMAN',NULL,NULL,NULL,NULL),(94,43,'KABUPATEN AGAM','LUBUKBASUNG',NULL,NULL,NULL,NULL),(95,43,'KABUPATEN LIMA PULUH KOTA DAN KOTA PAYAKUMBUH','PAYAKUMBUH',NULL,NULL,NULL,NULL),(96,43,'KABUPATEN PASAMAN','LUBUKSIKAPING',NULL,NULL,NULL,NULL),(97,43,'KABUPATEN KEPULAUAN MENTAWAI','TUA PEJAT',NULL,NULL,NULL,NULL),(98,43,'KABUPATEN DHARMASRAYA','PULAU PUNJUNG',NULL,NULL,NULL,NULL),(99,43,'KABUPATEN SOLOK SELATAN','PADANG ARO',NULL,NULL,NULL,NULL),(100,43,'KABUPATEN PASAMAN BARAT','SIMPANG EMPAT',NULL,NULL,NULL,NULL),(101,43,'KOTA PADANG','PADANG',NULL,NULL,NULL,NULL),(102,43,'KOTA SAWAHLUNTO','SAWAHLUNTO',NULL,NULL,NULL,NULL),(103,43,'KOTA PADANGPANJANG','PADANGPANJANG',NULL,NULL,NULL,NULL),(104,43,'KOTA BUKITTINGGI','BUKITTINGGI',NULL,NULL,NULL,NULL),(105,44,'KABUPATEN OGAN KOMERING ULU','BATURAJA',NULL,NULL,NULL,NULL),(106,44,'KABUPATEN OGAN KOMERING ILIR','KAYU AGUNG',NULL,NULL,NULL,NULL),(107,44,'KABUPATEN MUARA ENIM','MUARA ENIM',NULL,NULL,NULL,NULL),(108,44,'KABUPATEN LAHAT','LAHAT',NULL,NULL,NULL,NULL),(109,44,'KABUPATEN MUSI RAWAS DAN KOTA LUBUK LINGGAU','LUBUK LINGGAU',NULL,NULL,NULL,NULL),(110,44,'KABUPATEN MUSI BANYUASIN','SEKAYU',NULL,NULL,NULL,NULL),(111,44,'KABUPATEN BANYUASIN','BANYUASIN',NULL,NULL,NULL,NULL),(112,44,'KABUPATEN OGAN KOMERING ULU TIMUR','MARTAPURA',NULL,NULL,NULL,NULL),(113,44,'KABUPATEN OGAN KOMERING ULU SELATAN','MUARADUA',NULL,NULL,NULL,NULL),(114,44,'KABUPATEN OGAN ILIR','INDRALAYA',NULL,NULL,NULL,NULL),(115,44,'KABUPATEN EMPAT LAWANG','TEBING TINGGI',NULL,NULL,NULL,NULL),(116,44,'KOTA PALEMBANG','PALEMBANG',NULL,NULL,NULL,NULL),(117,44,'KOTA PAGAR ALAM','PAGAR ALAM',NULL,NULL,NULL,NULL),(118,44,'KOTA PRABUMULIH','PRABUMULIH',NULL,NULL,NULL,NULL),(119,22,'KABUPATEN LAMPUNG SELATAN','KALIANDA',NULL,NULL,NULL,NULL),(120,22,'KABUPATEN LAMPUNG TENGAH','GUNUNGSUGIH',NULL,NULL,NULL,NULL),(121,22,'KABUPATEN LAMPUNG UTARA','KOTABUMI',NULL,NULL,NULL,NULL),(122,22,'KABUPATEN LAMPUNG BARAT','LIWA',NULL,NULL,NULL,NULL),(123,22,'KABUPATEN TULANG BAWANG','MENGGALA',NULL,NULL,NULL,NULL),(124,22,'KABUPATEN TANGGAMUS','KOTAAGUNG',NULL,NULL,NULL,NULL),(125,22,'KABUPATEN LAMPUNG TIMUR','SUKADANA',NULL,NULL,NULL,NULL),(126,22,'KABUPATEN WAY KANAN','BLAMBANGAN UMPU',NULL,NULL,NULL,NULL),(127,22,'KABUPATEN PESAWARAN','GEDONG TATAAN',NULL,NULL,NULL,NULL),(128,22,'KOTA BANDAR LAMPUNG','BANDAR LAMPUNG',NULL,NULL,NULL,NULL),(129,22,'KOTA METRO','METRO',NULL,NULL,NULL,NULL),(130,1,'KABUPATEN BANGKA','SUNGAILIAT',NULL,NULL,NULL,NULL),(131,1,'KABUPATEN BELITUNG','TANJUNGPANDAN',NULL,NULL,NULL,NULL),(132,1,'KABUPATEN BANGKA SELATAN','MENTOK',NULL,NULL,NULL,NULL),(133,1,'KABUPATEN BANGKA TENGAH','KOBA',NULL,NULL,NULL,NULL),(134,1,'KABUPATEN BANGKA BARAT','TOBOALI',NULL,NULL,NULL,NULL),(135,1,'KABUPATEN BELITUNG TIMUR','MANGGAR',NULL,NULL,NULL,NULL),(136,1,'KOTA PANGKAL PINANG','PANGKAL PINANG',NULL,NULL,NULL,NULL),(137,19,'KABUPATEN BINTAN DAN KOTA TANJUNG PINANG','TANJUNGPINANG',NULL,NULL,NULL,NULL),(138,19,'KABUPATEN KARIMUN','TANJUNG BALAI KARIMUN',NULL,NULL,NULL,NULL),(139,19,'KABUPATEN NATUNA','RANAI',NULL,NULL,NULL,NULL),(140,19,'KABUPATEN LINGGA','DAIK LINGGA',NULL,NULL,NULL,NULL),(141,19,'KABUPATEN KEPULAUAN ANAMBAS','TAREMPA',NULL,NULL,NULL,NULL),(142,19,'KOTA BATAM','BATAM',NULL,NULL,NULL,NULL),(143,4,'KABUPATEN PANDEGLANG','PANDEGLANG',NULL,NULL,NULL,NULL),(144,4,'KABUPATEN LEBAK','RANGKASBITUNG',NULL,NULL,NULL,NULL),(145,4,'KABUPATEN TANGERANG DAN KOTA TANGERANG','TANGERANG',NULL,NULL,NULL,NULL),(146,4,'KABUPATEN SERANG DAN KOTA SERANG','SERANG',NULL,NULL,NULL,NULL),(147,4,'KOTA CILEGON','CILEGON',NULL,NULL,NULL,NULL),(148,11,'KABUPATEN BOGOR DAN KOTA BOGOR','CIBINONG',NULL,NULL,NULL,NULL),(149,11,'KABUPATEN SUKABUMI DAN KOTA SUKABUMI','SUKABUMI',NULL,NULL,NULL,NULL),(150,11,'KABUPATEN CIANJUR','CIANJUR',NULL,NULL,NULL,NULL),(151,11,'KABUPATEN BANDUNG DAN KOTA BANDUNG','SOREANG',NULL,NULL,NULL,NULL),(152,11,'KABUPATEN GARUT','GARUT',NULL,NULL,NULL,NULL),(153,11,'KABUPATEN TASIKMALAYA DAN KOTA TASIKMALAYA','SINGAPARNA',NULL,NULL,NULL,NULL),(154,11,'KABUPATEN CIAMIS','CIAMIS',NULL,NULL,NULL,NULL),(155,11,'KABUPATEN KUNINGAN','KUNINGAN',NULL,NULL,NULL,NULL),(156,11,'KABUPATEN CIREBON DAN KOTA CIREBON','SUMBER',NULL,NULL,NULL,NULL),(157,11,'KABUPATEN MAJALENGKA','MAJALENGKA',NULL,NULL,NULL,NULL),(158,11,'KABUPATEN SUMEDANG','SUMEDANG',NULL,NULL,NULL,NULL),(159,11,'KABUPATEN INDRAMAYU','INDRAMAYU',NULL,NULL,NULL,NULL),(160,11,'KABUPATEN SUBANG','SUBANG',NULL,NULL,NULL,NULL),(161,11,'KABUPATEN PURWAKARTA','PURWAKARTA',NULL,NULL,NULL,NULL),(162,11,'KABUPATEN KARAWANG','KARAWANG',NULL,NULL,NULL,NULL),(163,11,'KABUPATEN BEKASI DAN KOTA BEKASI','BEKASI',NULL,NULL,NULL,NULL),(164,11,'KABUPATEN BANDUNG BARAT','NGAMPRAH',NULL,NULL,NULL,NULL),(165,11,'KOTA DEPOK','DEPOK',NULL,NULL,NULL,NULL),(166,11,'KOTA CIMAHI','CIMAHI',NULL,NULL,NULL,NULL),(167,11,'KOTA BANJAR','BANJAR',NULL,NULL,NULL,NULL),(168,30,'KABUPATEN ADMINISTRASI KEPULAUAN SERIBU','PULAU PRAMUKA',NULL,NULL,NULL,NULL),(169,30,'KOTA ADMINISTRASI JAKARTA PUSAT','JAKARTA',NULL,NULL,NULL,NULL),(170,30,'KOTA ADMINISTRASI JAKARTA UTARA','JAKARTA',NULL,NULL,NULL,NULL),(171,30,'KOTA ADMINISTRASI JAKARTA BARAT','JAKARTA',NULL,NULL,NULL,NULL),(172,30,'KOTA ADMINISTRASI JAKARTA SELATAN','JAKARTA',NULL,NULL,NULL,NULL),(173,30,'KOTA ADMINISTRASI JAKARTA TIMUR','JAKARTA',NULL,NULL,NULL,NULL),(174,29,'KABUPATEN CILACAP','CILACAP',NULL,NULL,NULL,NULL),(175,29,'KABUPATEN BANYUMAS','PURWOKERTO',NULL,NULL,NULL,NULL),(176,29,'KABUPATEN PURBALINGGA','PURBALINGGA',NULL,NULL,NULL,NULL),(177,29,'KABUPATEN BANJARNEGARA','BANJARNEGARA',NULL,NULL,NULL,NULL),(178,29,'KABUPATEN KEBUMEN','KEBUMEN',NULL,NULL,NULL,NULL),(179,29,'KABUPATEN PURWOREJO','PURWOREJO',NULL,NULL,NULL,NULL),(180,29,'KABUPATEN WONOSOBO','WONOSOBO',NULL,NULL,NULL,NULL),(181,29,'KABUPATEN MAGELANG & KOTA MAGELANG','MUNGKID',NULL,NULL,NULL,NULL),(182,29,'KABUPATEN BOYOLALI','BOYOLALI',NULL,NULL,NULL,NULL),(183,29,'KABUPATEN KLATEN','KLATEN',NULL,NULL,NULL,NULL),(184,29,'KABUPATEN SUKOHARJO','SUKOHARJO',NULL,NULL,NULL,NULL),(185,29,'KABUPATEN WONOGIRI','WONOGIRI',NULL,NULL,NULL,NULL),(186,29,'KABUPATEN KARANGANYAR','KARANGANYAR',NULL,NULL,NULL,NULL),(187,29,'KABUPATEN SRAGEN','SRAGEN',NULL,NULL,NULL,NULL),(188,29,'KABUPATEN GROBOGAN','PURWODADI',NULL,NULL,NULL,NULL),(189,29,'KABUPATEN BLORA','BLORA',NULL,NULL,NULL,NULL),(190,29,'KABUPATEN REMBANG','REMBANG',NULL,NULL,NULL,NULL),(191,29,'KABUPATEN PATI','PATI',NULL,NULL,NULL,NULL),(192,29,'KABUPATEN KUDUS','KUDUS',NULL,NULL,NULL,NULL),(193,29,'KABUPATEN JEPARA','JEPARA',NULL,NULL,NULL,NULL),(194,29,'KABUPATEN DEMAK','DEMAK',NULL,NULL,NULL,NULL),(195,29,'KABUPATEN SEMARANG DAN KOTA SEMARANG','UNGARAN',NULL,NULL,NULL,NULL),(196,29,'KABUPATEN TEMANGGUNG','TEMANGGUNG',NULL,NULL,NULL,NULL),(197,29,'KABUPATEN KENDAL','KENDAL',NULL,NULL,NULL,NULL),(198,29,'KABUPATEN BATANG','BATANG',NULL,NULL,NULL,NULL),(199,29,'KABUPATEN PEKALONGAN DAN KOTA PEKALONGAN','KAJEN',NULL,NULL,NULL,NULL),(200,29,'KABUPATEN PEMALANG','PEMALANG',NULL,NULL,NULL,NULL),(201,29,'KABUPATEN TEGAL DAN KOTA TEGAL','SLAWI',NULL,NULL,NULL,NULL),(202,29,'KABUPATEN BREBES','BREBES',NULL,NULL,NULL,NULL),(203,29,'KOTA SURAKARTA','SOLO',NULL,NULL,NULL,NULL),(204,29,'KOTA SALATIGA','SALATIGA',NULL,NULL,NULL,NULL),(205,33,'KABUPATEN PACITAN','PACITAN',NULL,NULL,NULL,NULL),(206,33,'KABUPATEN PONOROGO','PONOROGO',NULL,NULL,NULL,NULL),(207,33,'KABUPATEN TRENGGALEK','TRENGGALEK',NULL,NULL,NULL,NULL),(208,33,'KABUPATEN TULUNGAGUNG','TULUNGAGUNG',NULL,NULL,NULL,NULL),(209,33,'KABUPATEN BLITAR DAN KOTA BLITAR','BLITAR',NULL,NULL,NULL,NULL),(210,33,'KABUPATEN KEDIRI DAN KOTA KEDIRI','KEDIRI',NULL,NULL,NULL,NULL),(211,33,'KABUPATEN MALANG DAN KOTA MALANG','KEPANJEN',NULL,NULL,NULL,NULL),(212,33,'KABUPATEN LUMAJANG','LUMAJANG',NULL,NULL,NULL,NULL),(213,33,'KABUPATEN JEMBER','JEMBER',NULL,NULL,NULL,NULL),(214,33,'KABUPATEN BANYUWANGI','BANYUWANGI',NULL,NULL,NULL,NULL),(215,33,'KABUPATEN BONDOWOSO','BONDOWOSO',NULL,NULL,NULL,NULL),(216,33,'KABUPATEN SITUBONDO','SITUBONDO',NULL,NULL,NULL,NULL),(217,33,'KABUPATEN PROBOLINGGO DAN KOTA PROBOLINGGO','PROBOLINGGO',NULL,NULL,NULL,NULL),(218,33,'KABUPATEN PASURUAN DAN KOTA PASURUAN','PASURUAN',NULL,NULL,NULL,NULL),(219,33,'KABUPATEN SIDOARJO','SIDOARJO',NULL,NULL,NULL,NULL),(220,33,'KABUPATEN MOJOKERTO DAN KOTA MOJOKERTO','MOJOKERTO',NULL,NULL,NULL,NULL),(221,33,'KABUPATEN JOMBANG','JOMBANG',NULL,NULL,NULL,NULL),(222,33,'KABUPATEN NGANJUK','NGANJUK',NULL,NULL,NULL,NULL),(223,33,'KABUPATEN MADIUN DAN KOTA MADIUN','MADIUN',NULL,NULL,NULL,NULL),(224,33,'KABUPATEN MAGETAN','MAGETAN',NULL,NULL,NULL,NULL),(225,33,'KABUPATEN NGAWI','NGAWI',NULL,NULL,NULL,NULL),(226,33,'KABUPATEN BOJONEGORO','BOJONEGORO',NULL,NULL,NULL,NULL),(227,33,'KABUPATEN TUBAN','TUBAN',NULL,NULL,NULL,NULL),(228,33,'KABUPATEN LAMONGAN','LAMONGAN',NULL,NULL,NULL,NULL),(229,33,'KABUPATEN GRESIK','GRESIK',NULL,NULL,NULL,NULL),(230,33,'KABUPATEN BANGKALAN','BANGKALAN',NULL,NULL,NULL,NULL),(231,33,'KABUPATEN SAMPANG','SAMPANG',NULL,NULL,NULL,NULL),(232,33,'KABUPATEN PAMEKASAN','PAMEKASAN',NULL,NULL,NULL,NULL),(233,33,'KABUPATEN SUMENEP','SUMENEP',NULL,NULL,NULL,NULL),(234,33,'KOTA SURABAYA','SURABAYA',NULL,NULL,NULL,NULL),(235,33,'KOTA BATU','BATU',NULL,NULL,NULL,NULL),(236,32,'KABUPATEN KULON PROGO','WATES',NULL,NULL,NULL,NULL),(237,32,'KABUPATEN BANTUL','BANTUL',NULL,NULL,NULL,NULL),(238,32,'KABUPATEN GUNUNG KIDUL','WONOSARI',NULL,NULL,NULL,NULL),(239,32,'KABUPATEN SLEMAN','SLEMAN',NULL,NULL,NULL,NULL),(240,32,'KOTA YOGYAKARTA','JOGJAKARTA',NULL,NULL,NULL,NULL),(241,3,'KABUPATEN JEMBRANA','NEGARA',NULL,NULL,NULL,NULL),(242,3,'KABUPATEN TABANAN','TABANAN',NULL,NULL,NULL,NULL),(243,3,'KABUPATEN BADUNG','BADUNG',NULL,NULL,NULL,NULL),(244,3,'KABUPATEN GIANYAR','GIANYAR',NULL,NULL,NULL,NULL),(245,3,'KABUPATEN KLUNGKUNG','KLUNGKUNG',NULL,NULL,NULL,NULL),(246,3,'KABUPATEN BANGLI','BANGLI',NULL,NULL,NULL,NULL),(247,3,'KABUPATEN KARANGASEM','KARANGASEM',NULL,NULL,NULL,NULL),(248,3,'KABUPATEN BULELENG','SINGARAJA',NULL,NULL,NULL,NULL),(249,3,'KOTA DENPASAR','DENPASAR',NULL,NULL,NULL,NULL),(250,38,'KABUPATEN LOMBOK BARAT DAN KOTA MATARAM','MATARAM',NULL,NULL,NULL,NULL),(251,38,'KABUPATEN LOMBOK TENGAH','PRAYA',NULL,NULL,NULL,NULL),(252,38,'KABUPATEN LOMBOK TIMUR','SELONG',NULL,NULL,NULL,NULL),(253,38,'KABUPATEN SUMBAWA','SUMBAWA BESAR',NULL,NULL,NULL,NULL),(254,38,'KABUPATEN DOMPU','DOMPU',NULL,NULL,NULL,NULL),(255,38,'KABUPATEN BIMA DAN KOTA BIMA','RABA',NULL,NULL,NULL,NULL),(256,38,'KABUPATEN SUMBAWA BARAT','TALIWANG',NULL,NULL,NULL,NULL),(257,38,'KABUPATEN LOMBOK UTARA','TANJUNG',NULL,NULL,NULL,NULL),(258,39,'KABUPATEN KUPANG DAN KOTA KUPANG','KUPANG',NULL,NULL,NULL,NULL),(259,39,'KABUPATEN TIMOR TENGAH SELATAN','SOE',NULL,NULL,NULL,NULL),(260,39,'KABUPATEN TIMOR TENGAH UTARA','KEFAMENANU',NULL,NULL,NULL,NULL),(261,39,'KABUPATEN BELU','ATAMBUA',NULL,NULL,NULL,NULL),(262,39,'KABUPATEN ALOR','KALABAHI',NULL,NULL,NULL,NULL),(263,39,'KABUPATEN FLORES TIMUR','LARANTUKA',NULL,NULL,NULL,NULL),(264,39,'KABUPATEN SIKKA','MAUMERE',NULL,NULL,NULL,NULL),(265,39,'KABUPATEN ENDE','ENDE',NULL,NULL,NULL,NULL),(266,39,'KABUPATEN NGADA','BAJAWA',NULL,NULL,NULL,NULL),(267,39,'KABUPATEN MANGGARAI','RUTENG',NULL,NULL,NULL,NULL),(268,39,'KABUPATEN SUMBA TIMUR','WAINGAPU',NULL,NULL,NULL,NULL),(269,39,'KABUPATEN SUMBA BARAT','WAIKABUBAK',NULL,NULL,NULL,NULL),(270,39,'KABUPATEN LEMBATA','LEWOLEBA',NULL,NULL,NULL,NULL),(271,39,'KABUPATEN ROTE NDAO','BAA',NULL,NULL,NULL,NULL),(272,39,'KABUPATEN MANGGARAI BARAT','LABUAN BAJO',NULL,NULL,NULL,NULL),(273,39,'KABUPATEN NAGEKEO','MBAY',NULL,NULL,NULL,NULL),(274,39,'KABUPATEN SUMBA TENGAH','WAIBAKUL',NULL,NULL,NULL,NULL),(275,39,'KABUPATEN SUMBA BARAT DAYA','TAMBOLAKA',NULL,NULL,NULL,NULL),(276,39,'KABUPATEN MANGGARAI TIMUR','BORONG',NULL,NULL,NULL,NULL),(277,34,'KABUPATEN SAMBAS','SAMBAS',NULL,NULL,NULL,NULL),(278,34,'KABUPATEN PONTIANAK DAN KOTA PONTIANAK','MEMPAWAH',NULL,NULL,NULL,NULL),(279,34,'KABUPATEN SANGGAU','BATANG TARANG',NULL,NULL,NULL,NULL),(280,34,'KABUPATEN KETAPANG','KETAPANG',NULL,NULL,NULL,NULL),(281,34,'KABUPATEN SINTANG','SINTANG',NULL,NULL,NULL,NULL),(282,34,'KABUPATEN KAPUAS HULU','PUTUSSIBAU',NULL,NULL,NULL,NULL),(283,34,'KABUPATEN BENGKAYANG','BENGKAYANG',NULL,NULL,NULL,NULL),(284,34,'KABUPATEN LANDAK','NGABANG',NULL,NULL,NULL,NULL),(285,34,'KABUPATEN MELAWI','NANGA PINOH',NULL,NULL,NULL,NULL),(286,34,'KABUPATEN SEKADAU','SEKADAU',NULL,NULL,NULL,NULL),(287,34,'KABUPATEN KAYONG UTARA','SUKADANA',NULL,NULL,NULL,NULL),(288,34,'KABUPATEN KUBU RAYA','SUNGAI RAYA',NULL,NULL,NULL,NULL),(289,34,'KOTA SINGKAWANG','SINGKAWANG',NULL,NULL,NULL,NULL),(290,20,'KABUPATEN TANAH LAUT','PELAIHARI',NULL,NULL,NULL,NULL),(291,20,'KABUPATEN KOTABARU','KOTABARU',NULL,NULL,NULL,NULL),(292,20,'KABUPATEN BANJAR','MARTAPURA',NULL,NULL,NULL,NULL),(293,20,'KABUPATEN BARITO KUALA','MARABAHAN',NULL,NULL,NULL,NULL),(294,20,'KABUPATEN TAPIN','RANTAU',NULL,NULL,NULL,NULL),(295,20,'KABUPATEN HULU SUNGAI SELATAN','KANDANGAN',NULL,NULL,NULL,NULL),(296,20,'KABUPATEN HULU SUNGAI TENGAH','BARABAI',NULL,NULL,NULL,NULL),(297,20,'KABUPATEN HULU SUNGAI UTARA','AMUNTAI',NULL,NULL,NULL,NULL),(298,20,'KABUPATEN TABALONG','TANJUNG',NULL,NULL,NULL,NULL),(299,20,'KABUPATEN TANAH BUMBU','BATULICIN',NULL,NULL,NULL,NULL),(300,20,'KABUPATEN BALANGAN','PARINGIN',NULL,NULL,NULL,NULL),(301,20,'KOTA BANJARMASIN','BANJARMASIN',NULL,NULL,NULL,NULL),(302,20,'KOTA BANJARBARU','BANJARBARU',NULL,NULL,NULL,NULL),(303,18,'KABUPATEN KOTAWARINGIN BARAT','PANGKALAN BUN',NULL,NULL,NULL,NULL),(304,18,'KABUPATEN KOTAWARINGIN TIMUR','SAMPIT',NULL,NULL,NULL,NULL),(305,18,'KABUPATEN KAPUAS','KUALA KAPUAS',NULL,NULL,NULL,NULL),(306,18,'KABUPATEN BARITO SELATAN','BUNTOK',NULL,NULL,NULL,NULL),(307,18,'KABUPATEN BARITO UTARA','MUARA TEWEH',NULL,NULL,NULL,NULL),(308,18,'KABUPATEN KATINGAN','KASONGAN',NULL,NULL,NULL,NULL),(309,18,'KABUPATEN SERUYAN','KUALA PEMBUANG',NULL,NULL,NULL,NULL),(310,18,'KABUPATEN SUKAMARA','SUKAMARA',NULL,NULL,NULL,NULL),(311,18,'KABUPATEN LAMANDAU','NANGA BULIK',NULL,NULL,NULL,NULL),(312,18,'KABUPATEN GUNUNG MAS','KUALA KURUN',NULL,NULL,NULL,NULL),(313,18,'KABUPATEN PULANG PISAU','PULANG PISAU',NULL,NULL,NULL,NULL),(314,18,'KABUPATEN MURUNG RAYA','PURUKCAHU',NULL,NULL,NULL,NULL),(315,18,'KABUPATEN BARITO TIMUR','TAMIANG',NULL,NULL,NULL,NULL),(316,18,'KOTA PALANGKARAYA','PALANGKARAYA',NULL,NULL,NULL,NULL),(317,35,'KABUPATEN PASER','TANAH GROGOT',NULL,NULL,NULL,NULL),(318,35,'KABUPATEN KUTAI KARTANEGARA','TENGGARONG',NULL,NULL,NULL,NULL),(319,35,'KABUPATEN BERAU','TANJUNGREDEP',NULL,NULL,NULL,NULL),(320,35,'KABUPATEN BULUNGAN','TANJUNGSELOR',NULL,NULL,NULL,NULL),(321,35,'KABUPATEN NUNUKAN','NUNUKAN',NULL,NULL,NULL,NULL),(322,35,'KABUPATEN MALINAU','MALINAU',NULL,NULL,NULL,NULL),(323,35,'KABUPATEN KUTAI BARAT','SENDAWAR',NULL,NULL,NULL,NULL),(324,35,'KABUPATEN KUTAI TIMUR','SANGATTA',NULL,NULL,NULL,NULL),(325,35,'KABUPATEN PENAJAM PASER UTARA','PENAJAM',NULL,NULL,NULL,NULL),(326,35,'KOTA BALIKPAPAN','BALIKPAPAN',NULL,NULL,NULL,NULL),(327,35,'KOTA SAMARINDA','SAMARINDA',NULL,NULL,NULL,NULL),(328,35,'KOTA TARAKAN','TARAKAN',NULL,NULL,NULL,NULL),(329,35,'KOTA BONTANG','BONTANG',NULL,NULL,NULL,NULL),(330,28,'KABUPATEN GORONTALO & KOTA GORONTALO','GORONTALO',NULL,NULL,NULL,NULL),(331,28,'KABUPATEN BOALEMO','TILAMUTA',NULL,NULL,NULL,NULL),(332,28,'KABUPATEN BONE BOLANGO','SUWAWA',NULL,NULL,NULL,NULL),(333,28,'KABUPATEN POHUWATO','MARISA',NULL,NULL,NULL,NULL),(334,28,'KABUPATEN GORONTALO UTARA','KWANDANG',NULL,NULL,NULL,NULL),(335,26,'KABUPATEN SELAYAR','BENTENG',NULL,NULL,NULL,NULL),(336,26,'KABUPATEN BULUKUMBA','BULUKUMBA',NULL,NULL,NULL,NULL),(337,26,'KABUPATEN BANTAENG','BANTAENG',NULL,NULL,NULL,NULL),(338,26,'KABUPATEN JENEPONTO','JENEPONTO',NULL,NULL,NULL,NULL),(339,26,'KABUPATEN TAKALAR','TAKALAR',NULL,NULL,NULL,NULL),(340,26,'KABUPATEN GOWA','SUNGGU MINASA',NULL,NULL,NULL,NULL),(341,26,'KABUPATEN SINJAI','SINJAI',NULL,NULL,NULL,NULL),(342,26,'KABUPATEN BONE','WATAMPONE',NULL,NULL,NULL,NULL),(343,26,'KABUPATEN MAROS','MAROS',NULL,NULL,NULL,NULL),(344,26,'KABUPATEN PANGKAJENE DAN KEPULAUAN','PANGKAJENE',NULL,NULL,NULL,NULL),(345,26,'KABUPATEN BARRU','BARRU',NULL,NULL,NULL,NULL),(346,26,'KABUPATEN SOPPENG','WATAN SOPPENG',NULL,NULL,NULL,NULL),(347,26,'KABUPATEN WAJO','SENGKANG',NULL,NULL,NULL,NULL),(348,26,'KABUPATEN SIDENRENG RAPPANG','SIDENRENG',NULL,NULL,NULL,NULL),(349,26,'KABUPATEN PINRANG','PINRANG',NULL,NULL,NULL,NULL),(350,26,'KABUPATEN ENREKANG','ENREKANG',NULL,NULL,NULL,NULL),(351,26,'KABUPATEN LUWU & KOTA PALOPO','PALOPO',NULL,NULL,NULL,NULL),(352,26,'KABUPATEN TANA TORAJA','MAKALE',NULL,NULL,NULL,NULL),(353,26,'KABUPATEN LUWU UTARA','MASAMBA',NULL,NULL,NULL,NULL),(354,26,'KABUPATEN LUWU TIMUR','MALILI',NULL,NULL,NULL,NULL),(355,26,'KABUPATEN TORAJA UTARA','RANTEPAO',NULL,NULL,NULL,NULL),(356,26,'KOTA MAKASSAR','MAKASSAR',NULL,NULL,NULL,NULL),(357,26,'KOTA PARE-PARE','PARE-PARE',NULL,NULL,NULL,NULL),(358,7,'KABUPATEN KOLAKA','KOLAKA',NULL,NULL,NULL,NULL),(359,7,'KABUPATEN KONAWE','UNAAHA',NULL,NULL,NULL,NULL),(360,7,'KABUPATEN MUNA','RAHA',NULL,NULL,NULL,NULL),(361,7,'KABUPATEN BUTON & KOTA BAU-BAU','BAU-BAU',NULL,NULL,NULL,NULL),(362,7,'KABUPATEN KONAWE SELATAN','ANDOLO',NULL,NULL,NULL,NULL),(363,7,'KABUPATEN BOMBANA','RUMBIA',NULL,NULL,NULL,NULL),(364,7,'KABUPATEN WAKATOBI','WANGI-WANGI',NULL,NULL,NULL,NULL),(365,7,'KABUPATEN KOLAKA UTARA','LASUSUA',NULL,NULL,NULL,NULL),(366,7,'KABUPATEN KONAWE UTARA','WANGGUDU',NULL,NULL,NULL,NULL),(367,7,'KABUPATEN BUTON UTARA','BURANGA',NULL,NULL,NULL,NULL),(368,7,'KOTA KENDARI','KENDARI',NULL,NULL,NULL,NULL),(369,25,'KABUPATEN BANGGAI','LUWUK',NULL,NULL,NULL,NULL),(370,25,'KABUPATEN POSO','POSO',NULL,NULL,NULL,NULL),(371,25,'KABUPATEN DONGGALA','DONGGALA',NULL,NULL,NULL,NULL),(372,25,'KABUPATEN TOLI-TOLI','TOLI-TOLI',NULL,NULL,NULL,NULL),(373,25,'KABUPATEN BUOL','BUOL',NULL,NULL,NULL,NULL),(374,25,'KABUPATEN MOROWALI','BUNGKU',NULL,NULL,NULL,NULL),(375,25,'KABUPATEN BANGGAI KEPULAUAN','BANGGAI',NULL,NULL,NULL,NULL),(376,25,'KABUPATEN PARIGI MOUTONG','PARIGI',NULL,NULL,NULL,NULL),(377,25,'KABUPATEN TOJO UNA-UNA','AMPANA',NULL,NULL,NULL,NULL),(378,25,'KABUPATEN SIGI','SIGI BIROMARU',NULL,NULL,NULL,NULL),(379,25,'KOTA PALU','PALU',NULL,NULL,NULL,NULL),(380,27,'KABUPATEN BOLAANG MONGONDOW & KOTA KOTAMUBAGU','KOTAMOBAGU',NULL,NULL,NULL,NULL),(381,27,'KABUPATEN BOLAANG MONGONDOW TIMUR','TUTUYAN',NULL,NULL,NULL,NULL),(382,27,'KABUPATEN BOLAANG MONGONDOW SELATAN','BOLAANG UKI',NULL,NULL,NULL,NULL),(383,27,'KABUPATEN MINAHASA','TONDANO',NULL,NULL,NULL,NULL),(384,27,'KABUPATEN KEPULAUAN SANGIHE','TAHUNA',NULL,NULL,NULL,NULL),(385,27,'KABUPATEN KEPULAUAN TALAUD','MELONGUANE',NULL,NULL,NULL,NULL),(386,27,'KABUPATEN MINAHASA SELATAN','AMURANG',NULL,NULL,NULL,NULL),(387,27,'KABUPATEN MINAHASA UTARA','AIRMADIDI',NULL,NULL,NULL,NULL),(388,27,'KABUPATEN MINAHASA TENGGARA','RATAHAN',NULL,NULL,NULL,NULL),(389,27,'KABUPATEN BOLAANG MONGONDOW UTARA','BOROKO',NULL,NULL,NULL,NULL),(390,27,'KABUPATEN KEPULAUAN SIAU TAGULANDANG BIARO','ONDONG SIAU',NULL,NULL,NULL,NULL),(391,27,'KOTA MANADO','MANADO',NULL,NULL,NULL,NULL),(392,27,'KOTA BITUNG','BITUNG',NULL,NULL,NULL,NULL),(393,27,'KOTA TOMOHON','TOMOHON',NULL,NULL,NULL,NULL),(394,24,'KABUPATEN MAMUJU UTARA','PASANGKAYU',NULL,NULL,NULL,NULL),(395,24,'KABUPATEN MAMUJU','MAMUJU',NULL,NULL,NULL,NULL),(396,24,'KABUPATEN MAMASA','MAMASA',NULL,NULL,NULL,NULL),(397,24,'KABUPATEN POLEWALI MANDAR','POLEWALI',NULL,NULL,NULL,NULL),(398,24,'KABUPATEN MAJENE','MAJENE',NULL,NULL,NULL,NULL),(399,23,'KABUPATEN MALUKU BARAT DAYA','TIAKUR',NULL,NULL,NULL,NULL),(400,23,'KABUPATEN MALUKU TENGAH','MASOHI',NULL,NULL,NULL,NULL),(401,23,'KABUPATEN MALUKU TENGGARA & KOTA TUAL','TUAL',NULL,NULL,NULL,NULL),(402,23,'KABUPATEN MALUKU TENGGARA BARAT','SAUMLAKI',NULL,NULL,NULL,NULL),(403,23,'KABUPATEN BURU','NAMLEA',NULL,NULL,NULL,NULL),(404,23,'KABUPATEN BURU SELATAN','NAMROLE',NULL,NULL,NULL,NULL),(405,23,'KABUPATEN SERAM BAGIAN TIMUR','DATARAN HUNIMOA',NULL,NULL,NULL,NULL),(406,23,'KABUPATEN SERAM BAGIAN BARAT','DATARAN HUNIPOPU',NULL,NULL,NULL,NULL),(407,23,'KABUPATEN KEPULAUAN ARU','DOBO',NULL,NULL,NULL,NULL),(408,23,'KOTA AMBON','AMBON',NULL,NULL,NULL,NULL),(409,36,'KABUPATEN HALMAHERA BARAT & KOTA TERNATE','TERNATE',NULL,NULL,NULL,NULL),(410,36,'KABUPATEN HALMAHERA TENGAH','WEDA',NULL,NULL,NULL,NULL),(411,36,'KABUPATEN HALMAHERA UTARA','TOBELO',NULL,NULL,NULL,NULL),(412,36,'KABUPATEN HALMAHERA SELATAN','LABUHA',NULL,NULL,NULL,NULL),(413,36,'KABUPATEN KEPULAUAN SULA','SANANA',NULL,NULL,NULL,NULL),(414,36,'KABUPATEN HALMAHERA TIMUR','MABA',NULL,NULL,NULL,NULL),(415,36,'KOTA TIDORE KEPULAUAN','TIDORE KEPULAUAN',NULL,NULL,NULL,NULL),(416,41,'KABUPATEN MERAUKE','MERAUKE',NULL,NULL,NULL,NULL),(417,41,'KABUPATEN JAYAWIJAYA','WAMENA',NULL,NULL,NULL,NULL),(418,41,'KABUPATEN JAYAPURA & KOTA JAYAPURA','JAYAPURA',NULL,NULL,NULL,NULL),(419,41,'KABUPATEN NABIRE','NABIRE',NULL,NULL,NULL,NULL),(420,41,'KABUPATEN KEPULAUAN YAPEN','SERUI',NULL,NULL,NULL,NULL),(421,41,'KABUPATEN BIAK NUMFOR','BIAK',NULL,NULL,NULL,NULL),(422,41,'KABUPATEN PUNCAK JAYA','KOTAMULIA',NULL,NULL,NULL,NULL),(423,41,'KABUPATEN PANIAI','ENAROTALI',NULL,NULL,NULL,NULL),(424,41,'KABUPATEN MIMIKA','TIMIKA',NULL,NULL,NULL,NULL),(425,41,'KABUPATEN SARMI','SARMI',NULL,NULL,NULL,NULL),(426,41,'KABUPATEN KEEROM','WARIS',NULL,NULL,NULL,NULL),(427,41,'KABUPATEN PEGUNUNGAN BINTANG','OKSIBIL',NULL,NULL,NULL,NULL),(428,41,'KABUPATEN YAHUKIMO','SUMOHAI',NULL,NULL,NULL,NULL),(429,41,'KABUPATEN TOLIKARA','KARUBAGA',NULL,NULL,NULL,NULL),(430,41,'KABUPATEN WAROPEN','BOTAWA',NULL,NULL,NULL,NULL),(431,41,'KABUPATEN BOVEN DIGOEL','TANAH MERAH',NULL,NULL,NULL,NULL),(432,41,'KABUPATEN MAPPI','KEPI',NULL,NULL,NULL,NULL),(433,41,'KABUPATEN ASMAT','AGATS',NULL,NULL,NULL,NULL),(434,41,'KABUPATEN SUPIORI','SORENDIWERI',NULL,NULL,NULL,NULL),(435,41,'KABUPATEN MAMBERAMO RAYA','BURMESO',NULL,NULL,NULL,NULL),(436,41,'KABUPATEN MAMBERAMO TENGAH','KOBAKMA',NULL,NULL,NULL,NULL),(437,41,'KABUPATEN YALIMO','ELELIM',NULL,NULL,NULL,NULL),(438,41,'KABUPATEN LANNY JAYA','TIOM',NULL,NULL,NULL,NULL),(439,41,'KABUPATEN NDUGA','KENYAM',NULL,NULL,NULL,NULL),(440,41,'KABUPATEN PUNCAK','ILAGA',NULL,NULL,NULL,NULL),(441,41,'KABUPATEN DOGIYAI','KIGAMANI',NULL,NULL,NULL,NULL),(442,40,'KABUPATEN SORONG & KOTA SORONG','SORONG',NULL,NULL,NULL,NULL),(443,40,'KABUPATEN MANOKWARI','MANOKWARI',NULL,NULL,NULL,NULL),(444,40,'KABUPATEN FAKFAK','FAKFAK',NULL,NULL,NULL,NULL),(445,40,'KABUPATEN SORONG SELATAN','TEMINABUAN',NULL,NULL,NULL,NULL),(446,40,'KABUPATEN RAJA AMPAT','WAISAI',NULL,NULL,NULL,NULL),(447,40,'KABUPATEN TELUK BINTUNI','BINTUNI',NULL,NULL,NULL,NULL),(448,40,'KABUPATEN TELUK WONDAMA','RASIEI',NULL,NULL,NULL,NULL),(449,40,'KABUPATEN KAIMANA','KAIMANA',NULL,NULL,NULL,NULL);
/*!40000 ALTER TABLE `cities` ENABLE KEYS */;
UNLOCK TABLES;

--
-- Table structure for table `countries`
--

DROP TABLE IF EXISTS `countries`;
SET @saved_cs_client     = @@character_set_client;
SET character_set_client = utf8;
CREATE TABLE `countries` (
  `id` int(5) NOT NULL auto_increment,
  `iso2` char(2) NOT NULL,
  `iso3` char(3) NOT NULL,
  `name` varchar(100) NOT NULL,
  PRIMARY KEY  (`id`),
  KEY `iso2` (`iso2`),
  KEY `iso3` (`iso3`),
  KEY `name` (`name`)
) ENGINE=MyISAM AUTO_INCREMENT=895 DEFAULT CHARSET=latin1;
SET character_set_client = @saved_cs_client;

--
-- Dumping data for table `countries`
--

LOCK TABLES `countries` WRITE;
/*!40000 ALTER TABLE `countries` DISABLE KEYS */;
INSERT INTO `countries` VALUES (4,'AF','AFG','Afghanistan'),(248,'AX','ALA','Aland Islands'),(8,'AL','ALB','Albania'),(12,'DZ','DZA','Algeria'),(16,'AS','ASM','American Samoa'),(20,'AD','AND','Andorra'),(24,'AO','AGO','Angola'),(660,'AI','AIA','Anguilla'),(10,'AQ','ATA','Antarctica'),(28,'AG','ATG','Antigua and Barbuda'),(32,'AR','ARG','Argentina'),(51,'AM','ARM','Armenia'),(533,'AW','ABW','Aruba'),(36,'AU','AUS','Australia'),(40,'AT','AUT','Austria'),(31,'AZ','AZE','Azerbaijan'),(44,'BS','BHS','Bahamas'),(48,'BH','BHR','Bahrain'),(50,'BD','BGD','Bangladesh'),(52,'BB','BRB','Barbados'),(112,'BY','BLR','Belarus'),(56,'BE','BEL','Belgium'),(84,'BZ','BLZ','Belize'),(204,'BJ','BEN','Benin'),(60,'BM','BMU','Bermuda'),(64,'BT','BTN','Bhutan'),(68,'BO','BOL','Bolivia'),(70,'BA','BIH','Bosnia and Herzegovina'),(72,'BW','BWA','Botswana'),(74,'BV','BVT','Bouvet Island'),(76,'BR','BRA','Brazil'),(86,'IO','IOT','British Indian Ocean Territory'),(96,'BN','BRN','Brunei Darussalam'),(100,'BG','BGR','Bulgaria'),(854,'BF','BFA','Burkina Faso'),(108,'BI','BDI','Burundi'),(116,'KH','KHM','Cambodia'),(120,'CM','CMR','Cameroon'),(124,'CA','CAN','Canada'),(132,'CV','CPV','Cape Verde'),(136,'KY','CYM','Cayman Islands'),(140,'CF','CAF','Central African Republic'),(148,'TD','TCD','Chad'),(152,'CL','CHL','Chile'),(156,'CN','CHN','China'),(162,'CX','CXR','Christmas Island'),(166,'CC','CCK','Cocos (Keeling); Islands'),(170,'CO','COL','Colombia'),(174,'KM','COM','Comoros'),(178,'CG','COG','Congo'),(180,'CD','COD','Congo, Democratic Republic of the'),(184,'CK','COK','Cook Islands'),(188,'CR','CRI','Costa Rica'),(384,'CI','CIV','Côte d\'Ivoire'),(191,'HR','HRV','Croatia'),(192,'CU','CUB','Cuba'),(196,'CY','CYP','Cyprus'),(203,'CZ','CZE','Czech Republic'),(208,'DK','DNK','Denmark'),(262,'DJ','DJI','Djibouti'),(212,'DM','DMA','Dominica'),(214,'DO','DOM','Dominican Republic'),(218,'EC','ECU','Ecuador'),(818,'EG','EGY','Egypt'),(222,'SV','SLV','El Salvador'),(226,'GQ','GNQ','Equatorial Guinea'),(232,'ER','ERI','Eritrea'),(233,'EE','EST','Estonia'),(231,'ET','ETH','Ethiopia'),(238,'FK','FLK','Falkland Islands (Malvinas);'),(234,'FO','FRO','Faroe Islands'),(242,'FJ','FJI','Fiji'),(246,'FI','FIN','Finland'),(250,'FR','FRA','France'),(254,'GF','GUF','French Guiana'),(258,'PF','PYF','French Polynesia'),(260,'TF','ATF','French Southern Territories'),(266,'GA','GAB','Gabon'),(270,'GM','GMB','Gambia'),(268,'GE','GEO','Georgia'),(276,'DE','DEU','Germany'),(288,'GH','GHA','Ghana'),(292,'GI','GIB','Gibraltar'),(300,'GR','GRC','Greece'),(304,'GL','GRL','Greenland'),(308,'GD','GRD','Grenada'),(312,'GP','GLP','Guadeloupe'),(316,'GU','GUM','Guam'),(320,'GT','GTM','Guatemala'),(831,'GG','GGY','Guernsey'),(324,'GN','GIN','Guinea'),(624,'GW','GNB','Guinea-Bissau'),(328,'GY','GUY','Guyana'),(332,'HT','HTI','Haiti'),(334,'HM','HMD','Heard Island and McDonald Islands'),(336,'VA','VAT','Holy See (Vatican City State);'),(340,'HN','HND','Honduras'),(344,'HK','HKG','Hong Kong'),(348,'HU','HUN','Hungary'),(352,'IS','ISL','Iceland'),(356,'IN','IND','India'),(360,'ID','IDN','Indonesia'),(364,'IR','IRN','Iran, Islamic Republic of'),(368,'IQ','IRQ','Iraq'),(372,'IE','IRL','Ireland'),(833,'IM','IMN','Isle of Man'),(376,'IL','ISR','Israel'),(380,'IT','ITA','Italy'),(388,'JM','JAM','Jamaica'),(392,'JP','JPN','Japan'),(832,'JE','JEY','Jersey'),(400,'JO','JOR','Jordan'),(398,'KZ','KAZ','Kazakhstan'),(404,'KE','KEN','Kenya'),(296,'KI','KIR','Kiribati'),(408,'KP','PRK','Korea, Democratic People\'s Republic of'),(410,'KR','KOR','Korea, Republic of'),(414,'KW','KWT','Kuwait'),(417,'KG','KGZ','Kyrgyzstan'),(418,'LA','LAO','Lao People\'s Democratic Republic'),(428,'LV','LVA','Latvia'),(422,'LB','LBN','Lebanon'),(426,'LS','LSO','Lesotho'),(430,'LR','LBR','Liberia'),(434,'LY','LBY','Libyan Arab Jamahiriya'),(438,'LI','LIE','Liechtenstein'),(440,'LT','LTU','Lithuania'),(442,'LU','LUX','Luxembourg'),(446,'MO','MAC','Macao'),(807,'MK','MKD','Macedonia, the former Yugoslav Republic of'),(450,'MG','MDG','Madagascar'),(454,'MW','MWI','Malawi'),(458,'MY','MYS','Malaysia'),(462,'MV','MDV','Maldives'),(466,'ML','MLI','Mali'),(470,'MT','MLT','Malta'),(584,'MH','MHL','Marshall Islands'),(474,'MQ','MTQ','Martinique'),(478,'MR','MRT','Mauritania'),(480,'MU','MUS','Mauritius'),(175,'YT','MYT','Mayotte'),(484,'MX','MEX','Mexico'),(583,'FM','FSM','Micronesia, Federated States of'),(498,'MD','MDA','Moldova'),(492,'MC','MCO','Monaco'),(496,'MN','MNG','Mongolia'),(499,'ME','MNE','Montenegro'),(500,'MS','MSR','Montserrat'),(504,'MA','MAR','Morocco'),(508,'MZ','MOZ','Mozambique'),(104,'MM','MMR','Myanmar'),(516,'NA','NAM','Namibia'),(520,'NR','NRU','Nauru'),(524,'NP','NPL','Nepal'),(528,'NL','NLD','Netherlands'),(530,'AN','ANT','Netherlands Antilles'),(540,'NC','NCL','New Caledonia'),(554,'NZ','NZL','New Zealand'),(558,'NI','NIC','Nicaragua'),(562,'NE','NER','Niger'),(566,'NG','NGA','Nigeria'),(570,'NU','NIU','Niue'),(574,'NF','NFK','Norfolk Island'),(580,'MP','MNP','Northern Mariana Islands'),(578,'NO','NOR','Norway'),(512,'OM','OMN','Oman'),(586,'PK','PAK','Pakistan'),(585,'PW','PLW','Palau'),(275,'PS','PSE','Palestinian Territory, Occupied'),(591,'PA','PAN','Panama'),(598,'PG','PNG','Papua New Guinea'),(600,'PY','PRY','Paraguay'),(604,'PE','PER','Peru'),(608,'PH','PHL','Philippines'),(612,'PN','PCN','Pitcairn'),(616,'PL','POL','Poland'),(620,'PT','PRT','Portugal'),(630,'PR','PRI','Puerto Rico'),(634,'QA','QAT','Qatar'),(638,'RE','REU','Réunion'),(642,'RO','ROU','Romania'),(643,'RU','RUS','Russian Federation'),(646,'RW','RWA','Rwanda'),(652,'BL','BLM','Saint Barthélemy'),(654,'SH','SHN','Saint Helena'),(659,'KN','KNA','Saint Kitts and Nevis'),(662,'LC','LCA','Saint Lucia'),(663,'MF','MAF','Saint Martin (French part);'),(666,'PM','SPM','Saint Pierre and Miquelon'),(670,'VC','VCT','Saint Vincent and the Grenadines'),(882,'WS','WSM','Samoa'),(674,'SM','SMR','San Marino'),(678,'ST','STP','Sao Tome and Principe'),(682,'SA','SAU','Saudi Arabia'),(686,'SN','SEN','Senegal'),(688,'RS','SRB','Serbia[5]'),(690,'SC','SYC','Seychelles'),(694,'SL','SLE','Sierra Leone'),(702,'SG','SGP','Singapore'),(703,'SK','SVK','Slovakia'),(705,'SI','SVN','Slovenia'),(90,'SB','SLB','Solomon Islands'),(706,'SO','SOM','Somalia'),(710,'ZA','ZAF','South Africa'),(239,'GS','SGS','South Georgia and the South Sandwich Islands'),(724,'ES','ESP','Spain'),(144,'LK','LKA','Sri Lanka'),(736,'SD','SDN','Sudan'),(740,'SR','SUR','Suriname'),(744,'SJ','SJM','Svalbard and Jan Mayen'),(748,'SZ','SWZ','Swaziland'),(752,'SE','SWE','Sweden'),(756,'CH','CHE','Switzerland'),(760,'SY','SYR','Syrian Arab Republic'),(158,'TW','TWN','Taiwan, Province of China'),(762,'TJ','TJK','Tajikistan'),(834,'TZ','TZA','Tanzania, United Republic of'),(764,'TH','THA','Thailand'),(626,'TL','TLS','Timor-Leste'),(768,'TG','TGO','Togo'),(772,'TK','TKL','Tokelau'),(776,'TO','TON','Tonga'),(780,'TT','TTO','Trinidad and Tobago'),(788,'TN','TUN','Tunisia'),(792,'TR','TUR','Turkey'),(795,'TM','TKM','Turkmenistan'),(796,'TC','TCA','Turks and Caicos Islands'),(798,'TV','TUV','Tuvalu'),(800,'UG','UGA','Uganda'),(804,'UA','UKR','Ukraine'),(784,'AE','ARE','United Arab Emirates'),(826,'GB','GBR','United Kingdom'),(840,'US','USA','United States'),(581,'UM','UMI','United States Minor Outlying Islands'),(858,'UY','URY','Uruguay'),(860,'UZ','UZB','Uzbekistan'),(548,'VU','VUT','Vanuatu'),(862,'VE','VEN','Venezuela'),(704,'VN','VNM','Viet Nam'),(92,'VG','VGB','Virgin Islands, British'),(850,'VI','VIR','Virgin Islands, U.S.'),(876,'WF','WLF','Wallis and Futuna'),(732,'EH','ESH','Western Sahara'),(887,'YE','YEM','Yemen'),(894,'ZM','ZMB','Zambia'),(716,'ZW','ZWE','Zimbabwe');
/*!40000 ALTER TABLE `countries` ENABLE KEYS */;
UNLOCK TABLES;

--
-- Table structure for table `diagnoses`
--

DROP TABLE IF EXISTS `diagnoses`;
SET @saved_cs_client     = @@character_set_client;
SET character_set_client = utf8;
CREATE TABLE `diagnoses` (
  `id` int(11) NOT NULL auto_increment,
  `name` varchar(200) NOT NULL,
  PRIMARY KEY  (`id`)
) ENGINE=MyISAM AUTO_INCREMENT=41 DEFAULT CHARSET=latin1;
SET character_set_client = @saved_cs_client;

--
-- Dumping data for table `diagnoses`
--

LOCK TABLES `diagnoses` WRITE;
/*!40000 ALTER TABLE `diagnoses` DISABLE KEYS */;
INSERT INTO `diagnoses` VALUES (1,'ISPA (Faringitis, Sinusitis, Tonsilitis, Common Cold, dll)'),(2,'Penyakit infeksi kulit (Pioderma, Tinea, Infeksi virus, dll)'),(10,'Penyakit alergi kulit (Urtikaria, Dermatitis, dll)'),(11,'Penyakit Mata (Konjungtivitis, Hordeolum, Blefaritis, Trauma, dll)'),(12,'Penyakit Gigi dan Mulut (Dental Pain, Stomatitis, Periodontitis, Caries)'),(13,'Abdominal Pain'),(14,'Anemia'),(15,'Combustio/Burn Injury'),(16,'Dispepsia, Gastritis'),(17,'Dyspnea'),(18,'Epistaksis'),(19,'Fatigue'),(20,'GERD'),(21,'Hiperkolesterolemia'),(22,'Hipertensi'),(23,'Hiperurisemia'),(24,'Hipotensi'),(25,'Insomnia'),(26,'ISK'),(27,'LBK/Back Pain'),(28,'Limfadenitis'),(29,'Malaise'),(30,'Mialgia'),(31,'Neuralgia; CTS'),(32,'Neuritis'),(33,'Observasi Febris'),(34,'Pruritus'),(35,'Rhinitis'),(36,'Sefalgia'),(37,'Typhoid'),(38,'Varises'),(39,'Vertigo'),(40,'Vulnus');
/*!40000 ALTER TABLE `diagnoses` ENABLE KEYS */;
UNLOCK TABLES;

--
-- Table structure for table `groups`
--

DROP TABLE IF EXISTS `groups`;
SET @saved_cs_client     = @@character_set_client;
SET character_set_client = utf8;
CREATE TABLE `groups` (
  `id` int(5) unsigned NOT NULL auto_increment,
  `name` varchar(20) NOT NULL,
  PRIMARY KEY  (`id`),
  UNIQUE KEY `name` (`name`)
) ENGINE=MyISAM AUTO_INCREMENT=12 DEFAULT CHARSET=latin1;
SET character_set_client = @saved_cs_client;

--
-- Dumping data for table `groups`
--

LOCK TABLES `groups` WRITE;
/*!40000 ALTER TABLE `groups` DISABLE KEYS */;
INSERT INTO `groups` VALUES (1,'admin'),(11,'user'),(10,'operator'),(9,'eksekutif');
/*!40000 ALTER TABLE `groups` ENABLE KEYS */;
UNLOCK TABLES;

--
-- Table structure for table `groups_menus`
--

DROP TABLE IF EXISTS `groups_menus`;
SET @saved_cs_client     = @@character_set_client;
SET character_set_client = utf8;
CREATE TABLE `groups_menus` (
  `group_id` int(5) NOT NULL,
  `menu_id` int(10) NOT NULL,
  KEY `group_id` (`group_id`,`menu_id`),
  KEY `group_id_2` (`menu_id`,`group_id`)
) ENGINE=MyISAM DEFAULT CHARSET=latin1;
SET character_set_client = @saved_cs_client;

--
-- Dumping data for table `groups_menus`
--

LOCK TABLES `groups_menus` WRITE;
/*!40000 ALTER TABLE `groups_menus` DISABLE KEYS */;
INSERT INTO `groups_menus` VALUES (1,9),(1,11),(1,12),(1,14),(1,15),(1,16),(1,17),(1,22),(1,69),(1,70),(1,71),(1,72),(1,73),(1,74),(1,75),(1,76),(1,77),(1,78),(1,79),(1,80),(1,81),(1,82),(1,83),(10,74),(10,77),(10,78),(10,79),(10,80),(10,81);
/*!40000 ALTER TABLE `groups_menus` ENABLE KEYS */;
UNLOCK TABLES;

--
-- Table structure for table `groups_module_actions`
--

DROP TABLE IF EXISTS `groups_module_actions`;
SET @saved_cs_client     = @@character_set_client;
SET character_set_client = utf8;
CREATE TABLE `groups_module_actions` (
  `module_action_id` int(10) NOT NULL,
  `group_id` int(5) NOT NULL,
  KEY `module_action_id` (`module_action_id`,`group_id`),
  KEY `group_id` (`group_id`,`module_action_id`)
) ENGINE=MyISAM DEFAULT CHARSET=latin1;
SET character_set_client = @saved_cs_client;

--
-- Dumping data for table `groups_module_actions`
--

LOCK TABLES `groups_module_actions` WRITE;
/*!40000 ALTER TABLE `groups_module_actions` DISABLE KEYS */;
INSERT INTO `groups_module_actions` VALUES (26,1),(27,1),(28,1),(29,1),(34,1),(35,1),(36,1),(37,1),(42,1),(43,1),(44,1),(45,1),(50,1),(51,1),(52,1),(53,1),(54,1),(55,1),(56,1),(57,1),(73,1),(95,1),(96,1),(97,1),(98,1),(99,1),(100,1),(101,1),(102,1),(113,1),(114,1),(115,1),(116,1),(126,1),(256,1),(257,1),(258,1),(259,1),(281,1),(281,10),(282,1),(282,10),(283,1),(283,10),(284,1),(284,10),(285,1),(286,1),(287,1),(288,1),(289,1),(289,10),(290,1),(290,10),(291,1),(291,10),(292,1),(292,10),(293,1),(294,1),(295,1),(296,1),(297,1),(298,1),(299,1),(300,1),(305,1),(306,1),(307,1),(308,1),(309,1),(310,1),(311,1),(312,1),(339,1),(339,10),(340,1),(340,10),(341,1),(341,10),(342,1),(342,10),(343,1),(343,10),(344,1),(344,10),(345,1),(345,10),(346,1),(346,10),(347,1),(347,10),(348,1),(349,1),(350,1),(351,1),(352,1),(353,1),(354,1),(355,1);
/*!40000 ALTER TABLE `groups_module_actions` ENABLE KEYS */;
UNLOCK TABLES;

--
-- Table structure for table `handler_types`
--

DROP TABLE IF EXISTS `handler_types`;
SET @saved_cs_client     = @@character_set_client;
SET character_set_client = utf8;
CREATE TABLE `handler_types` (
  `id` int(2) NOT NULL auto_increment,
  `name` varchar(20) NOT NULL,
  PRIMARY KEY  (`id`)
) ENGINE=MyISAM AUTO_INCREMENT=3 DEFAULT CHARSET=latin1;
SET character_set_client = @saved_cs_client;

--
-- Dumping data for table `handler_types`
--

LOCK TABLES `handler_types` WRITE;
/*!40000 ALTER TABLE `handler_types` DISABLE KEYS */;
INSERT INTO `handler_types` VALUES (1,'Dokter'),(2,'Suster');
/*!40000 ALTER TABLE `handler_types` ENABLE KEYS */;
UNLOCK TABLES;

--
-- Table structure for table `handlers`
--

DROP TABLE IF EXISTS `handlers`;
SET @saved_cs_client     = @@character_set_client;
SET character_set_client = utf8;
CREATE TABLE `handlers` (
  `id` int(11) NOT NULL auto_increment,
  `name` varchar(150) NOT NULL,
  `handler_type_id` int(2) NOT NULL,
  PRIMARY KEY  (`id`),
  KEY `handler_type_id` (`handler_type_id`)
) ENGINE=MyISAM AUTO_INCREMENT=4 DEFAULT CHARSET=latin1;
SET character_set_client = @saved_cs_client;

--
-- Dumping data for table `handlers`
--

LOCK TABLES `handlers` WRITE;
/*!40000 ALTER TABLE `handlers` DISABLE KEYS */;
INSERT INTO `handlers` VALUES (1,'Budiati Laksmita Sari',1),(2,'Aliyah',2),(3,'Assifa Anindita Saraswati',1);
/*!40000 ALTER TABLE `handlers` ENABLE KEYS */;
UNLOCK TABLES;

--
-- Table structure for table `medicine_ins`
--

DROP TABLE IF EXISTS `medicine_ins`;
SET @saved_cs_client     = @@character_set_client;
SET character_set_client = utf8;
CREATE TABLE `medicine_ins` (
  `id` bigint(20) NOT NULL auto_increment,
  `medicine_id` int(10) NOT NULL,
  `total` decimal(12,2) NOT NULL,
  `date_in` date NOT NULL,
  `created` datetime NOT NULL,
  `created_by` int(10) NOT NULL,
  `modified` datetime NOT NULL,
  `modified_by` int(10) NOT NULL,
  PRIMARY KEY  (`id`),
  KEY `medicine_id` (`medicine_id`),
  KEY `date` (`date_in`),
  KEY `created` (`created`),
  KEY `created_by` (`created_by`)
) ENGINE=MyISAM AUTO_INCREMENT=3 DEFAULT CHARSET=latin1;
SET character_set_client = @saved_cs_client;

--
-- Dumping data for table `medicine_ins`
--

LOCK TABLES `medicine_ins` WRITE;
/*!40000 ALTER TABLE `medicine_ins` DISABLE KEYS */;
INSERT INTO `medicine_ins` VALUES (2,9,'1.00','2010-10-01','2010-10-01 10:41:28',1,'2010-10-01 10:41:28',0);
/*!40000 ALTER TABLE `medicine_ins` ENABLE KEYS */;
UNLOCK TABLES;

--
-- Table structure for table `medicines`
--

DROP TABLE IF EXISTS `medicines`;
SET @saved_cs_client     = @@character_set_client;
SET character_set_client = utf8;
CREATE TABLE `medicines` (
  `id` int(11) NOT NULL auto_increment,
  `unit_id` int(10) NOT NULL,
  `name` varchar(150) NOT NULL,
  PRIMARY KEY  (`id`),
  KEY `unit_id` (`unit_id`)
) ENGINE=MyISAM AUTO_INCREMENT=35 DEFAULT CHARSET=latin1;
SET character_set_client = @saved_cs_client;

--
-- Dumping data for table `medicines`
--

LOCK TABLES `medicines` WRITE;
/*!40000 ALTER TABLE `medicines` DISABLE KEYS */;
INSERT INTO `medicines` VALUES (13,5,'Acyclovir 200mg'),(12,2,'Alkohol'),(11,2,'Alletrol tetes mata'),(10,5,'Allopurinol'),(9,5,'Alpara'),(14,5,'Ambeven'),(15,2,'Ambroxol syrup'),(16,5,'Amlodipine 10 mg'),(17,5,'Amlodipine 5 mg'),(18,5,'Amoxicillin'),(19,5,'Asam mefenamat'),(20,2,'Betadine besar'),(21,2,'Betadine kecil'),(22,6,'Bisturi 11'),(23,5,'Bufacaryl'),(24,5,'Captopril 12,5 mg'),(25,5,'Captopril 25 mg'),(26,5,'Caviplex'),(27,7,'Chloramfecort'),(28,5,'Chloramphenicol/thiamphenicol'),(34,5,'Ciprofloxacin');
/*!40000 ALTER TABLE `medicines` ENABLE KEYS */;
UNLOCK TABLES;

--
-- Table structure for table `menu_types`
--

DROP TABLE IF EXISTS `menu_types`;
SET @saved_cs_client     = @@character_set_client;
SET character_set_client = utf8;
CREATE TABLE `menu_types` (
  `id` tinyint(3) NOT NULL auto_increment,
  `name` varchar(20) NOT NULL,
  `call_name` varchar(10) NOT NULL,
  `created` datetime NOT NULL,
  `created_by` bigint(20) NOT NULL,
  `modified` datetime NOT NULL,
  `modified_by` bigint(20) NOT NULL,
  PRIMARY KEY  (`id`),
  UNIQUE KEY `call_name` (`call_name`),
  KEY `name` (`name`)
) ENGINE=MyISAM AUTO_INCREMENT=13 DEFAULT CHARSET=latin1;
SET character_set_client = @saved_cs_client;

--
-- Dumping data for table `menu_types`
--

LOCK TABLES `menu_types` WRITE;
/*!40000 ALTER TABLE `menu_types` DISABLE KEYS */;
INSERT INTO `menu_types` VALUES (11,'Report','report','2010-09-25 22:01:00',1,'2010-09-25 22:01:00',0),(3,'Setup','setup','2009-12-12 23:53:31',1,'2009-12-12 23:53:31',0),(6,'Admin','admin','2009-12-16 13:47:50',1,'2009-12-16 13:48:59',1),(10,'Pemeriksaan','checkup','2010-09-25 10:22:29',1,'2010-09-25 10:22:29',0),(12,'Obat','medicine','2010-10-01 08:41:51',1,'2010-10-01 08:41:51',0);
/*!40000 ALTER TABLE `menu_types` ENABLE KEYS */;
UNLOCK TABLES;

--
-- Table structure for table `menus`
--

DROP TABLE IF EXISTS `menus`;
SET @saved_cs_client     = @@character_set_client;
SET character_set_client = utf8;
CREATE TABLE `menus` (
  `id` int(10) NOT NULL auto_increment,
  `parent_id` int(10) default NULL,
  `name` varchar(50) NOT NULL,
  `url` varchar(50) NOT NULL,
  `element_id` varchar(20) NOT NULL,
  `enable` tinyint(1) NOT NULL,
  `lft` int(10) NOT NULL,
  `rght` int(10) NOT NULL,
  `menu_type_id` tinyint(3) default NULL,
  `created` datetime NOT NULL,
  `created_by` int(11) NOT NULL,
  `modified` datetime NOT NULL,
  `modified_by` int(11) NOT NULL,
  PRIMARY KEY  (`id`),
  KEY `parent_id` (`parent_id`),
  KEY `enable` (`enable`),
  KEY `menu_type_id` (`menu_type_id`)
) ENGINE=MyISAM AUTO_INCREMENT=84 DEFAULT CHARSET=latin1;
SET character_set_client = @saved_cs_client;

--
-- Dumping data for table `menus`
--

LOCK TABLES `menus` WRITE;
/*!40000 ALTER TABLE `menus` DISABLE KEYS */;
INSERT INTO `menus` VALUES (6,NULL,'Cities','/cities','cities',0,7,8,3,'2009-12-13 02:34:56',1,'2009-12-21 16:36:16',1),(5,NULL,'Provinces','/provinces','provinces',0,1,2,3,'2009-12-13 02:03:29',1,'2009-12-21 16:36:20',1),(9,NULL,'Unit Kerja','/unit_codes','unit_codes',1,3,4,3,'2009-12-13 02:53:40',1,'2009-12-28 23:03:55',1),(11,NULL,'Menu','/menus','menus',1,5,6,3,'2009-12-13 05:03:18',1,'2009-12-21 16:36:09',1),(12,NULL,'Tipe Menu','/menu_types','menu_types',1,9,10,3,'2009-12-13 05:12:51',1,'2009-12-28 23:04:10',1),(14,NULL,'User Management','/users','users',1,11,12,6,'2009-12-16 13:49:35',1,'2009-12-16 13:49:35',0),(15,NULL,'Settings','/site_settings','site_settings',1,13,14,6,'2009-12-16 13:50:55',1,'2009-12-16 13:50:55',0),(16,NULL,'Module Management','/modules','modules',1,15,16,6,'2009-12-17 10:21:02',3,'2009-12-17 10:21:02',0),(17,NULL,'Group - Permission','/groups','groups',1,17,18,6,'2009-12-17 12:07:33',1,'2009-12-17 12:07:33',0),(22,NULL,'Log Pengguna','/user_logs','user_logs',1,19,20,6,'2010-01-13 21:17:25',1,'2010-01-13 21:17:25',0),(79,NULL,'Rekapitulasi Pasien','/checkups/report_patients','checkups_report_pati',1,41,42,11,'2010-09-26 12:07:36',1,'2010-09-26 12:07:36',0),(78,NULL,'Rekapitulasi Pemeriksaan Kesehatan','/checkups/report_checktypes','checkups_report_chec',1,39,40,11,'2010-09-25 23:28:21',1,'2010-09-25 23:28:21',0),(77,NULL,'Rekapitulasi Diagnosis Pasien','/checkups/report_diagnoses','checkups_report_diag',1,37,38,11,'2010-09-25 22:59:52',1,'2010-09-25 23:00:55',1),(76,NULL,'Pemeriksa','/handlers','handlers',1,35,36,3,'2010-09-25 22:50:44',1,'2010-09-25 22:50:44',0),(75,NULL,'Jenis Pemeriksa','/handler_types','handler_types',1,33,34,3,'2010-09-25 22:36:19',1,'2010-09-25 22:36:19',0),(74,NULL,'Input Pemeriksaan','/checkups','checkups',1,31,32,10,'2010-09-25 10:59:25',1,'2010-09-25 10:59:25',0),(69,NULL,'Data Pasien','/patients','patients',1,21,22,3,'2010-09-25 09:08:30',1,'2010-09-25 10:20:36',1),(70,NULL,'Jenis Pasien','/patient_types','patient_types',1,23,24,3,'2010-09-25 09:30:17',1,'2010-09-25 09:30:17',0),(71,NULL,'Diagnosis','/diagnoses','diagnoses',1,25,26,3,'2010-09-25 09:44:54',1,'2010-09-25 09:44:54',0),(72,NULL,'Nama Obat','/medicines','medicines',1,27,28,12,'2010-09-25 09:50:58',1,'2010-10-01 08:44:55',1),(73,NULL,'Jenis Pemeriksaan','/checktypes','checktypes',1,29,30,3,'2010-09-25 10:01:01',1,'2010-09-25 10:01:01',0),(80,NULL,'Rekapitulasi Pemeriksaan Pasien','/checkups/report_checkups','checkups_report_chec',1,43,44,11,'2010-09-26 13:05:56',1,'2010-09-26 13:05:56',0),(81,NULL,'Rekapitulasi Status Pasien','/checkups/report_patient_status','report_patient_statu',1,45,46,11,'2010-09-26 13:20:29',1,'2010-09-26 13:20:29',0),(82,NULL,'Satuan','/units','units',1,47,48,12,'2010-10-01 08:42:25',1,'2010-10-01 08:42:25',0),(83,NULL,'Obat Masuk','/medicine_ins','medicine_ins',1,49,50,12,'2010-10-01 08:43:26',1,'2010-10-01 08:43:26',0);
/*!40000 ALTER TABLE `menus` ENABLE KEYS */;
UNLOCK TABLES;

--
-- Table structure for table `module_actions`
--

DROP TABLE IF EXISTS `module_actions`;
SET @saved_cs_client     = @@character_set_client;
SET character_set_client = utf8;
CREATE TABLE `module_actions` (
  `id` int(10) NOT NULL auto_increment,
  `module_id` int(10) NOT NULL,
  `name` varchar(50) NOT NULL,
  `created` datetime NOT NULL,
  `created_by` int(10) NOT NULL,
  `modified` datetime NOT NULL,
  `modified_by` int(10) NOT NULL,
  PRIMARY KEY  (`id`),
  KEY `module_id` (`module_id`),
  KEY `name` (`name`)
) ENGINE=MyISAM AUTO_INCREMENT=356 DEFAULT CHARSET=latin1;
SET character_set_client = @saved_cs_client;

--
-- Dumping data for table `module_actions`
--

LOCK TABLES `module_actions` WRITE;
/*!40000 ALTER TABLE `module_actions` DISABLE KEYS */;
INSERT INTO `module_actions` VALUES (257,5,'add','2010-08-19 16:26:14',0,'2010-08-19 16:26:14',1),(258,5,'index','2010-08-19 16:26:14',0,'2010-08-19 16:26:14',1),(256,5,'edit','2010-08-19 16:26:14',0,'2010-08-19 16:26:14',1),(26,6,'index','2009-12-17 12:00:17',1,'2009-12-17 12:00:17',0),(27,6,'add','2009-12-17 12:00:17',1,'2009-12-17 12:00:17',0),(28,6,'edit','2009-12-17 12:00:17',1,'2009-12-17 12:00:17',0),(29,6,'delete','2009-12-17 12:00:17',1,'2009-12-17 17:14:56',0),(34,8,'index','2009-12-17 12:00:54',1,'2009-12-17 12:00:54',0),(35,8,'add','2009-12-17 12:00:54',1,'2009-12-17 12:00:54',0),(36,8,'edit','2009-12-17 12:00:54',1,'2009-12-17 12:00:54',0),(37,8,'delete','2009-12-17 12:00:54',1,'2009-12-17 12:00:54',0),(113,15,'index','2009-12-21 11:39:21',1,'2009-12-21 11:39:21',0),(42,10,'index','2009-12-17 12:01:51',1,'2009-12-17 12:01:51',0),(43,10,'add','2009-12-17 12:01:51',1,'2009-12-17 12:01:51',0),(44,10,'edit','2009-12-17 12:01:51',1,'2009-12-17 12:01:51',0),(45,10,'delete','2009-12-17 12:01:51',1,'2009-12-17 12:01:51',0),(98,11,'delete','2009-12-20 23:23:42',0,'2009-12-20 23:23:42',1),(114,15,'add','2009-12-21 11:39:21',1,'2009-12-21 11:39:21',0),(115,15,'edit','2009-12-21 11:39:21',1,'2009-12-21 11:39:21',0),(50,12,'index','2009-12-17 12:05:49',1,'2009-12-17 12:05:49',0),(51,12,'add','2009-12-17 12:05:49',1,'2009-12-17 12:05:49',0),(52,12,'edit','2009-12-17 12:05:49',1,'2009-12-17 12:05:49',0),(53,12,'delete','2009-12-17 12:05:49',1,'2009-12-17 12:05:49',0),(54,13,'index','2009-12-17 12:47:42',1,'2009-12-17 12:47:42',0),(55,13,'add','2009-12-17 12:47:42',1,'2009-12-17 12:47:42',0),(56,13,'edit','2009-12-17 12:47:42',1,'2009-12-17 12:47:42',0),(57,13,'delete','2009-12-17 12:47:42',1,'2009-12-17 12:47:42',0),(97,11,'index','2009-12-20 23:23:42',0,'2009-12-20 23:23:42',1),(96,11,'add','2009-12-20 23:23:42',0,'2009-12-20 23:23:42',1),(95,11,'edit','2009-12-20 23:23:42',0,'2009-12-20 23:23:42',1),(102,9,'delete','2009-12-20 23:24:05',0,'2009-12-20 23:24:05',1),(101,9,'index','2009-12-20 23:24:05',0,'2009-12-20 23:24:05',1),(100,9,'add','2009-12-20 23:24:05',0,'2009-12-20 23:24:05',1),(99,9,'edit','2009-12-20 23:24:05',0,'2009-12-20 23:24:05',1),(73,14,'display','2009-12-20 21:32:51',0,'2009-12-20 21:32:51',1),(116,15,'delete','2009-12-21 11:39:21',1,'2009-12-21 11:39:21',0),(126,17,'index','2010-01-13 21:16:44',1,'2010-01-13 21:16:44',0),(347,40,'report_patient_status','2010-09-26 13:20:00',0,'2010-09-26 13:20:00',1),(339,40,'report_checkups','2010-09-26 13:20:00',0,'2010-09-26 13:20:00',1),(340,40,'report_patients','2010-09-26 13:20:00',0,'2010-09-26 13:20:00',1),(341,40,'add','2010-09-26 13:20:00',0,'2010-09-26 13:20:00',1),(342,40,'report_diagnoses','2010-09-26 13:20:00',0,'2010-09-26 13:20:00',1),(312,42,'index','2010-09-25 22:50:23',1,'2010-09-25 22:50:23',0),(311,42,'delete','2010-09-25 22:50:23',1,'2010-09-25 22:50:23',0),(310,42,'edit','2010-09-25 22:50:23',1,'2010-09-25 22:50:23',0),(309,42,'add','2010-09-25 22:50:23',1,'2010-09-25 22:50:23',0),(308,41,'index','2010-09-25 22:35:50',1,'2010-09-25 22:35:50',0),(343,40,'report_checktypes','2010-09-26 13:20:00',0,'2010-09-26 13:20:00',1),(344,40,'index','2010-09-26 13:20:00',0,'2010-09-26 13:20:00',1),(345,40,'delete','2010-09-26 13:20:00',0,'2010-09-26 13:20:00',1),(259,5,'delete','2010-08-19 16:26:14',0,'2010-08-19 16:26:14',1),(307,41,'delete','2010-09-25 22:35:50',1,'2010-09-25 22:35:50',0),(306,41,'edit','2010-09-25 22:35:50',1,'2010-09-25 22:35:50',0),(346,40,'edit','2010-09-26 13:20:00',0,'2010-09-26 13:20:00',1),(305,41,'add','2010-09-25 22:35:50',1,'2010-09-25 22:35:50',0),(285,36,'add','2010-09-25 09:29:51',1,'2010-09-25 09:29:51',0),(284,35,'index','2010-09-25 09:07:41',0,'2010-09-25 09:07:41',1),(283,35,'delete','2010-09-25 09:07:41',0,'2010-09-25 09:07:41',1),(282,35,'edit','2010-09-25 09:07:41',0,'2010-09-25 09:07:41',1),(281,35,'add','2010-09-25 09:07:41',0,'2010-09-25 09:07:41',1),(286,36,'edit','2010-09-25 09:29:51',1,'2010-09-25 09:29:51',0),(287,36,'delete','2010-09-25 09:29:51',1,'2010-09-25 09:29:51',0),(288,36,'index','2010-09-25 09:29:51',1,'2010-09-25 09:29:51',0),(289,37,'add','2010-09-25 09:44:34',1,'2010-09-25 09:44:34',0),(290,37,'edit','2010-09-25 09:44:34',1,'2010-09-25 09:44:34',0),(291,37,'delete','2010-09-25 09:44:34',1,'2010-09-25 09:44:34',0),(292,37,'index','2010-09-25 09:44:34',1,'2010-09-25 09:44:34',0),(293,38,'add','2010-09-25 09:50:37',1,'2010-09-25 09:50:37',0),(294,38,'edit','2010-09-25 09:50:37',1,'2010-09-25 09:50:37',0),(295,38,'delete','2010-09-25 09:50:37',1,'2010-09-25 09:50:37',0),(296,38,'index','2010-09-25 09:50:37',1,'2010-09-25 09:50:37',0),(297,39,'add','2010-09-25 10:00:30',1,'2010-09-25 10:00:30',0),(298,39,'edit','2010-09-25 10:00:30',1,'2010-09-25 10:00:30',0),(299,39,'delete','2010-09-25 10:00:30',1,'2010-09-25 10:00:30',0),(300,39,'index','2010-09-25 10:00:30',1,'2010-09-25 10:00:30',0),(348,43,'add','2010-10-01 08:42:04',1,'2010-10-01 08:42:04',0),(349,43,'edit','2010-10-01 08:42:04',1,'2010-10-01 08:42:04',0),(350,43,'delete','2010-10-01 08:42:04',1,'2010-10-01 08:42:04',0),(351,43,'index','2010-10-01 08:42:04',1,'2010-10-01 08:42:04',0),(352,44,'add','2010-10-01 08:43:04',1,'2010-10-01 08:43:04',0),(353,44,'edit','2010-10-01 08:43:04',1,'2010-10-01 08:43:04',0),(354,44,'delete','2010-10-01 08:43:04',1,'2010-10-01 08:43:04',0),(355,44,'index','2010-10-01 08:43:04',1,'2010-10-01 08:43:04',0);
/*!40000 ALTER TABLE `module_actions` ENABLE KEYS */;
UNLOCK TABLES;

--
-- Table structure for table `modules`
--

DROP TABLE IF EXISTS `modules`;
SET @saved_cs_client     = @@character_set_client;
SET character_set_client = utf8;
CREATE TABLE `modules` (
  `id` int(10) NOT NULL auto_increment,
  `name` varchar(50) NOT NULL,
  `controller` varchar(50) NOT NULL,
  `show_all` tinyint(1) default '1',
  `created` datetime NOT NULL,
  `created_by` int(10) NOT NULL,
  `modified` datetime NOT NULL,
  `modified_by` int(10) NOT NULL,
  PRIMARY KEY  (`id`),
  KEY `name` (`name`),
  KEY `controller` (`controller`),
  KEY `created` (`created`),
  KEY `created_by` (`created_by`)
) ENGINE=MyISAM AUTO_INCREMENT=45 DEFAULT CHARSET=latin1;
SET character_set_client = @saved_cs_client;

--
-- Dumping data for table `modules`
--

LOCK TABLES `modules` WRITE;
/*!40000 ALTER TABLE `modules` DISABLE KEYS */;
INSERT INTO `modules` VALUES (5,'Cities','cities',1,'2009-12-17 12:00:01',1,'2010-08-19 16:26:14',1),(6,'Provinces','provinces',1,'2009-12-17 12:00:17',1,'2009-12-17 12:00:17',0),(8,'Unit Codes','unit_codes',1,'2009-12-17 12:00:54',1,'2009-12-17 12:00:54',0),(9,'Menu','menus',1,'2009-12-17 12:01:06',1,'2009-12-20 23:24:05',1),(10,'Menu Type','menu_types',1,'2009-12-17 12:01:51',1,'2009-12-17 12:01:51',0),(11,'User Management','users',1,'2009-12-17 12:02:55',1,'2009-12-20 23:23:42',1),(12,'Module Management','modules',1,'2009-12-17 12:05:49',1,'2009-12-17 12:05:49',0),(13,'Group Management','groups',1,'2009-12-17 12:47:42',1,'2009-12-17 12:47:42',0),(14,'Pages','pages',1,'2009-12-20 21:29:56',1,'2009-12-20 21:32:51',1),(15,'Settings','site_settings',1,'2009-12-21 11:39:21',1,'2009-12-21 11:39:21',0),(17,'Log Pengguna','user_logs',1,'2010-01-13 21:16:44',1,'2010-01-13 21:16:44',0),(42,'Pemeriksa','handlers',1,'2010-09-25 22:50:23',1,'2010-09-25 22:50:23',0),(41,'Jenis Pemeriksa','handler_types',1,'2010-09-25 22:35:50',1,'2010-09-25 22:35:50',0),(40,'Input Pemeriksaan','checkups',1,'2010-09-25 10:58:51',1,'2010-09-26 13:20:00',1),(35,'Input Pasien','patients',1,'2010-09-25 09:07:34',1,'2010-09-25 09:07:41',1),(36,'Jenis Pasien','patient_types',1,'2010-09-25 09:29:51',1,'2010-09-25 09:29:51',0),(37,'Diagnosis','diagnoses',1,'2010-09-25 09:44:34',1,'2010-09-25 09:44:34',0),(38,'Nama Obat','medicines',1,'2010-09-25 09:50:37',1,'2010-09-25 09:50:37',0),(39,'Jenis Pemeriksaan','checktypes',1,'2010-09-25 10:00:30',1,'2010-09-25 10:00:30',0),(43,'Satuan','units',1,'2010-10-01 08:42:04',1,'2010-10-01 08:42:04',0),(44,'Obat Masuk','medicine_ins',1,'2010-10-01 08:43:04',1,'2010-10-01 08:43:04',0);
/*!40000 ALTER TABLE `modules` ENABLE KEYS */;
UNLOCK TABLES;

--
-- Table structure for table `patient_types`
--

DROP TABLE IF EXISTS `patient_types`;
SET @saved_cs_client     = @@character_set_client;
SET character_set_client = utf8;
CREATE TABLE `patient_types` (
  `id` int(11) NOT NULL auto_increment,
  `name` varchar(20) NOT NULL,
  PRIMARY KEY  (`id`)
) ENGINE=MyISAM AUTO_INCREMENT=7 DEFAULT CHARSET=latin1;
SET character_set_client = @saved_cs_client;

--
-- Dumping data for table `patient_types`
--

LOCK TABLES `patient_types` WRITE;
/*!40000 ALTER TABLE `patient_types` DISABLE KEYS */;
INSERT INTO `patient_types` VALUES (1,'Pegawai'),(2,'Dosen Tidak Tetap'),(3,'Mahasiswa'),(4,'Tamu'),(5,'Pegawai Honorer'),(6,'Pegawai Clening ');
/*!40000 ALTER TABLE `patient_types` ENABLE KEYS */;
UNLOCK TABLES;

--
-- Table structure for table `patients`
--

DROP TABLE IF EXISTS `patients`;
SET @saved_cs_client     = @@character_set_client;
SET character_set_client = utf8;
CREATE TABLE `patients` (
  `id` int(11) NOT NULL auto_increment,
  `code` varchar(10) NOT NULL,
  `name` varchar(100) NOT NULL,
  `dob` date NOT NULL,
  `sex` char(1) NOT NULL default 'M',
  `patient_type_id` int(11) NOT NULL,
  `user_id` int(11) default NULL,
  `created` datetime NOT NULL,
  `created_by` int(11) NOT NULL,
  `modified` datetime NOT NULL,
  `modified_by` int(11) NOT NULL,
  PRIMARY KEY  (`id`),
  KEY `name` (`name`),
  KEY `created` (`created`),
  KEY `patient_type_id` (`patient_type_id`),
  KEY `user_id` (`user_id`)
) ENGINE=MyISAM AUTO_INCREMENT=193 DEFAULT CHARSET=latin1;
SET character_set_client = @saved_cs_client;

--
-- Dumping data for table `patients`
--

LOCK TABLES `patients` WRITE;
/*!40000 ALTER TABLE `patients` DISABLE KEYS */;
INSERT INTO `patients` VALUES (5,'0001021010','Suyatmi','0000-00-00','M',1,14,'2010-09-27 09:36:22',1,'2010-10-02 09:41:56',1),(4,'0001021010','Drs.Heru Triyanto, MPd.','0000-00-00','M',1,2,'2010-09-27 09:36:12',1,'2010-10-02 09:42:03',1),(6,'0003270910','Bambang Wasito Adi, SH., M.Sc','0000-00-00','M',1,0,'2010-09-27 09:56:39',14,'2010-09-27 09:56:39',0),(7,'0004270910','Drs. Purnomo Ananto, MM.','0000-00-00','M',1,0,'2010-09-27 09:57:01',14,'2010-09-27 09:57:01',0),(8,'0005270910','Drs. Noor Riyadhi','0000-00-00','M',1,0,'2010-09-27 09:57:14',14,'2010-09-27 09:57:14',0),(9,'0006270910','Sarmada, S.Sos., M.Si.','0000-00-00','M',1,0,'2010-09-27 09:57:29',14,'2010-09-27 09:57:29',0),(10,'0007270910','Drs. Zalzulifa','0000-00-00','M',1,0,'2010-09-27 09:57:46',14,'2010-09-27 09:57:46',0),(11,'0008270910','Drs. Sudrajat, MM.','0000-00-00','M',1,0,'2010-09-27 09:58:11',14,'2010-09-27 09:58:11',0),(12,'0009270910','Drs. A. Sarmada, M.Pd.','0000-00-00','M',1,0,'2010-09-27 09:58:36',14,'2010-09-27 09:58:36',0),(13,'0010270910','Uliana Kreni, SH.','0000-00-00','M',1,0,'2010-09-27 09:58:49',14,'2010-09-27 09:58:49',0),(14,'0011270910','Bibit, S.Sos.','0000-00-00','M',1,0,'2010-09-27 09:59:02',14,'2010-09-27 09:59:02',0),(15,'0012270910','Dra. Esti Winahyu','0000-00-00','M',1,0,'2010-09-27 09:59:14',14,'2010-09-27 09:59:14',0),(16,'0013270910','Eri Sumantri, S.Kom.','0000-00-00','M',1,0,'2010-09-27 09:59:27',14,'2010-09-27 09:59:27',0),(17,'0014270910','Drs. Mukhyidin Djaiz, M.Si.','0000-00-00','M',1,0,'2010-09-27 09:59:45',14,'2010-09-27 09:59:45',0),(18,'0015270910','Drs. Abdul Muin Kadir, M.Pd.','0000-00-00','M',1,0,'2010-09-27 10:00:37',14,'2010-09-27 10:00:37',0),(19,'0016270910','Dardji Fair Eman, S.Pd.','0000-00-00','M',1,0,'2010-09-27 10:00:53',14,'2010-09-27 10:00:53',0),(20,'0017270910','Drs. Sugeng Indriyanto','0000-00-00','M',1,0,'2010-09-27 10:01:06',14,'2010-09-27 10:01:06',0),(21,'0018270910','Drs. M. Sudiyamto','0000-00-00','M',1,0,'2010-09-27 10:01:19',14,'2010-09-27 10:01:19',0),(22,'0019270910','Drs. Hari Purnomo','0000-00-00','M',1,0,'2010-09-27 10:01:31',14,'2010-09-27 10:01:31',0),(23,'0020270910','Jenti Eryda','0000-00-00','M',1,0,'2010-09-27 10:01:45',14,'2010-09-27 10:01:45',0),(24,'0021270910','Nofiandri Setyasmara, ST. M.Ak.','0000-00-00','M',1,0,'2010-09-27 10:02:05',14,'2010-09-27 10:02:05',0),(25,'0022270910','Dra. Heni Suprihatin','0000-00-00','M',1,0,'2010-09-27 10:02:50',14,'2010-09-27 10:02:50',0),(26,'0023270910','Onny Pitta','0000-00-00','M',1,0,'2010-09-27 10:03:08',14,'2010-09-27 10:03:08',0),(27,'0024270910','Samiyo','0000-00-00','M',1,0,'2010-09-27 10:03:16',14,'2010-09-27 10:03:16',0),(28,'0025270910','Sarwono, SE.','0000-00-00','M',1,0,'2010-09-27 10:03:27',14,'2010-09-27 10:03:27',0),(29,'0026270910','Danasmoro Brahmantyo','0000-00-00','M',1,0,'2010-09-27 10:03:49',14,'2010-09-27 10:03:49',0),(30,'0027270910','Etty Nurhayati','0000-00-00','M',1,0,'2010-09-27 10:04:03',14,'2010-09-27 10:04:03',0),(31,'0028270910','Loso, S.Pd.','0000-00-00','M',1,0,'2010-09-27 10:04:13',14,'2010-09-27 10:04:13',0),(32,'0029270910','Hugeng Budianto, SE.','0000-00-00','M',1,0,'2010-09-27 10:04:26',14,'2010-09-27 10:04:26',0),(33,'0030270910','Iis Kandar, SE., MM.','0000-00-00','M',1,0,'2010-09-27 10:04:43',14,'2010-09-27 10:04:43',0),(34,'0031270910','Yuliana, S.Kom.','0000-00-00','M',1,0,'2010-09-27 10:04:58',14,'2010-09-27 10:04:58',0),(35,'0032270910','Nasuroh','0000-00-00','M',1,0,'2010-09-27 10:05:09',14,'2010-09-27 10:05:09',0),(36,'0033270910','Bunga Roy Apriliya, SE.','0000-00-00','M',1,0,'2010-09-27 10:05:26',14,'2010-09-27 10:05:26',0),(37,'0034270910','Umi Wardhatun','0000-00-00','M',1,0,'2010-09-27 10:05:40',14,'2010-09-27 10:05:40',0),(38,'0035270910','Bernanti Lumbanraja','0000-00-00','M',1,0,'2010-09-27 10:06:41',14,'2010-09-27 10:06:41',0),(39,'0036270910','Arcenius Frido','0000-00-00','M',1,0,'2010-09-27 10:06:58',14,'2010-09-27 10:06:58',0),(40,'0037270910','Sujadi','0000-00-00','M',1,0,'2010-09-27 10:07:07',14,'2010-09-27 10:07:07',0),(41,'0038270910','Benget Sigalingging','0000-00-00','M',1,0,'2010-09-27 10:07:21',14,'2010-09-27 10:07:21',0),(42,'0039270910','Asis Setyobudi, S.Sos.','0000-00-00','M',1,0,'2010-09-27 10:07:44',14,'2010-09-27 10:07:44',0),(43,'0040270910','Kusnadi','0000-00-00','M',1,0,'2010-09-27 10:07:58',14,'2010-09-27 10:07:58',0),(44,'0041270910','Firwan Fajri','0000-00-00','M',1,0,'2010-09-27 10:08:11',14,'2010-09-27 10:08:11',0),(45,'0042270910','Hayuti','0000-00-00','M',1,0,'2010-09-27 10:08:29',14,'2010-09-27 10:08:29',0),(46,'0043270910','Rusnoto','0000-00-00','M',1,0,'2010-09-27 10:08:38',14,'2010-09-27 10:08:38',0),(47,'0044270910','Endang Sutisna','0000-00-00','M',1,0,'2010-09-27 10:08:52',14,'2010-09-27 10:08:52',0),(48,'0045270910','Imron Heri Musa','0000-00-00','M',1,0,'2010-09-27 10:09:09',14,'2010-09-27 10:09:09',0),(49,'0046270910','Mukti Rahayu','0000-00-00','M',1,0,'2010-09-27 10:11:02',14,'2010-09-27 10:11:02',0),(50,'0047270910','Runny Wachyuni','0000-00-00','M',1,0,'2010-09-27 10:11:14',14,'2010-09-27 10:11:14',0),(51,'0048270910','Karman','0000-00-00','M',1,0,'2010-09-27 10:11:24',14,'2010-09-27 10:11:24',0),(52,'0049270910','Agus Rhamdan','0000-00-00','M',1,0,'2010-09-27 10:22:43',14,'2010-09-27 10:22:43',0),(53,'0050270910','Widodo','0000-00-00','M',1,0,'2010-09-27 10:22:51',14,'2010-09-27 10:22:51',0),(54,'0051270910','Ali Masdar','0000-00-00','M',1,0,'2010-09-27 10:23:05',14,'2010-09-27 10:23:05',0),(55,'0052270910','Cecep Kurnia','0000-00-00','M',1,0,'2010-09-27 10:23:17',14,'2010-09-27 10:23:17',0),(56,'0053270910','Lusiana, A.Md.Graf.','0000-00-00','M',1,0,'2010-09-27 10:24:01',14,'2010-09-27 10:24:01',0),(57,'0054270910','Sumiarsih, A.Md.Graf.','0000-00-00','M',1,0,'2010-09-27 10:24:15',14,'2010-09-27 10:24:15',0),(58,'0055270910','Jusmaini','0000-00-00','M',1,0,'2010-09-27 10:24:36',14,'2010-09-27 10:24:36',0),(59,'0056270910','Sakim, S.Pd.I','0000-00-00','M',1,0,'2010-09-27 10:24:52',14,'2010-09-27 10:24:52',0),(60,'0057270910','Dra. Rinawanti','0000-00-00','M',1,0,'2010-09-27 10:25:32',14,'2010-09-27 10:25:32',0),(61,'0058270910','Sihar Sibuea','0000-00-00','M',1,0,'2010-09-27 10:25:43',14,'2010-09-27 10:25:43',0),(62,'0059270910','Mucholid','0000-00-00','M',1,0,'2010-09-27 10:25:55',14,'2010-09-27 10:25:55',0),(63,'0060270910','Aka Hariyanto','0000-00-00','M',1,0,'2010-09-27 10:26:08',14,'2010-09-27 10:26:08',0),(64,'0061270910','Prayudi, S.Pd.','0000-00-00','M',1,0,'2010-09-27 10:26:22',14,'2010-09-27 10:26:22',0),(65,'0062270910','Raden Danie Octaviar','0000-00-00','M',1,0,'2010-09-27 10:26:38',14,'2010-09-27 10:26:38',0),(66,'0063270910','A. Bastari Burhanudin, S.Sos.','0000-00-00','M',1,0,'2010-09-27 10:27:07',14,'2010-09-27 10:27:07',0),(67,'0064270910','Juliana Jouke Polli','0000-00-00','M',1,0,'2010-09-27 10:27:21',14,'2010-09-27 10:27:21',0),(68,'0065270910','Dwi Riyono, ST.','0000-00-00','M',1,0,'2010-09-27 10:27:35',14,'2010-09-27 10:27:35',0),(69,'0066270910','Versi Virgontoro, ST.','0000-00-00','M',1,0,'2010-09-27 10:27:54',14,'2010-09-27 10:27:54',0),(70,'0067270910','M. Asmungin','0000-00-00','M',1,0,'2010-09-27 10:28:06',14,'2010-09-27 10:28:06',0),(71,'0068270910','M. Taufik, S.Pd.','0000-00-00','M',1,0,'2010-09-27 10:28:23',14,'2010-09-27 10:28:23',0),(72,'0069270910','Anshorudin','0000-00-00','M',1,0,'2010-09-27 10:28:33',14,'2010-09-27 10:28:33',0),(73,'0070270910','Nurjalih, S.Pd.','0000-00-00','M',1,0,'2010-09-27 10:30:05',14,'2010-09-27 10:30:05',0),(74,'0071270910','Sri Wuryansari','0000-00-00','M',1,0,'2010-09-27 10:30:17',14,'2010-09-27 10:30:17',0),(75,'0072270910','Yantonius Ginting','0000-00-00','M',1,0,'2010-09-27 10:30:27',14,'2010-09-27 10:30:27',0),(76,'0073270910','Mulyanuddin, S.Pd.','0000-00-00','M',1,0,'2010-09-27 10:30:40',14,'2010-09-27 10:30:40',0),(77,'0074270910','Sulistiyo Wibowo, S.Sn.','0000-00-00','M',1,0,'2010-09-27 10:30:57',14,'2010-09-27 10:30:57',0),(78,'0075270910','Juriana','0000-00-00','M',1,0,'2010-09-27 10:31:06',14,'2010-09-27 10:31:06',0),(79,'0076270910','Dewi Nita','0000-00-00','M',1,0,'2010-09-27 10:31:16',14,'2010-09-27 10:31:16',0),(80,'0077270910','Chairul Djamal','0000-00-00','M',1,0,'2010-09-27 10:31:36',14,'2010-09-27 10:31:36',0),(81,'0078270910','Drs. Benget Simamora, MM.','0000-00-00','M',1,0,'2010-09-27 10:32:03',14,'2010-09-27 10:32:03',0),(82,'0079270910','Hotler Pakpahan, SH.','0000-00-00','M',1,0,'2010-09-27 10:32:20',14,'2010-09-27 10:32:20',0),(83,'0080270910','Susetyo Rusyanto, A.Md.Graf.','0000-00-00','M',1,0,'2010-09-27 10:32:41',14,'2010-09-27 10:32:41',0),(84,'0081270910','Tabingin','0000-00-00','M',1,0,'2010-09-27 10:32:52',14,'2010-09-27 10:32:52',0),(85,'0082270910','Rotua Sirait','0000-00-00','M',1,0,'2010-09-27 10:33:03',14,'2010-09-27 10:33:03',0),(86,'0083270910','Drs. Ade Firmansyah., M.Si.','0000-00-00','M',1,0,'2010-09-27 10:33:26',14,'2010-09-27 10:33:26',0),(87,'0084270910','Drs. Rommel Silalahi','0000-00-00','M',1,0,'2010-09-27 10:33:41',14,'2010-09-27 10:33:41',0),(88,'0085270910','Meuthia Suryani','0000-00-00','M',1,0,'2010-09-27 10:33:53',14,'2010-09-27 10:33:53',0),(89,'0086270910','Muryaningsih','0000-00-00','M',1,0,'2010-09-27 10:34:05',14,'2010-09-27 10:34:05',0),(90,'0087270910','Mawan Nugraha, S.Si. M.,Acc.','0000-00-00','M',1,0,'2010-09-27 10:34:57',14,'2010-09-27 10:34:57',0),(91,'0088270910','Ahmad Susanto, S.Sos.','0000-00-00','M',1,0,'2010-09-27 10:35:31',14,'2010-09-27 10:35:31',0),(92,'0089270910','Lelayati','0000-00-00','M',1,0,'2010-09-27 10:35:41',14,'2010-09-27 10:35:41',0),(93,'0090270910','Reni Nurmalasari, S.Sos.','0000-00-00','M',1,0,'2010-09-27 10:36:02',14,'2010-09-27 10:36:02',0),(94,'0091270910','Zul Fauzan, A.Md.','0000-00-00','M',1,0,'2010-09-27 10:36:16',14,'2010-09-27 10:36:16',0),(95,'0092270910','Mat Sani, A.Md.','0000-00-00','M',1,0,'2010-09-27 10:36:28',14,'2010-09-27 10:36:28',0),(96,'0093270910','Arifin Beni Saiba, A.Md.','0000-00-00','M',1,0,'2010-09-27 10:36:46',14,'2010-09-27 10:36:46',0),(97,'0094270910','Hermanto, A.Md.','0000-00-00','M',1,0,'2010-09-27 10:36:58',14,'2010-09-27 10:36:58',0),(98,'0095270910','Anto Tjahjanto, BA.','0000-00-00','M',1,0,'2010-09-27 10:37:25',14,'2010-09-27 10:37:25',0),(99,'0096270910','Jumadi, M','0000-00-00','M',1,0,'2010-09-27 10:41:01',14,'2010-09-27 10:41:01',0),(100,'0097270910','Krisna Suharto, B.Sc.','0000-00-00','M',1,0,'2010-09-27 10:41:40',14,'2010-09-27 10:41:40',0),(101,'0098270910','Drs. Joko Bambang Triatmojo','0000-00-00','M',1,0,'2010-09-27 10:42:02',14,'2010-09-27 10:42:02',0),(102,'0099270910','Lukman Hakim, S.Sos.','0000-00-00','M',1,0,'2010-09-27 10:42:17',14,'2010-09-27 10:42:17',0),(103,'0100270910','Suryadi, S.Pd.','0000-00-00','M',1,0,'2010-09-27 10:42:30',14,'2010-09-27 10:42:30',0),(104,'0101270910','Hakim Ismail, S.Pd.','0000-00-00','M',1,0,'2010-09-27 10:43:25',14,'2010-09-27 10:43:25',0),(105,'0102270910','Sunarto, A.Md.Graf.','0000-00-00','M',1,0,'2010-09-27 10:43:52',14,'2010-09-27 10:43:52',0),(106,'0103270910','Kusdarajat, A.Md.Graf.','0000-00-00','M',1,0,'2010-09-27 10:44:06',14,'2010-09-27 10:44:06',0),(107,'0104270910','Agus Priyogo','0000-00-00','M',1,0,'2010-09-27 10:44:24',14,'2010-09-27 10:44:24',0),(108,'0105270910','Nadi Suryadi','0000-00-00','M',1,0,'2010-09-27 10:44:35',14,'2010-09-27 10:44:35',0),(109,'0106270910','M. Yamin','0000-00-00','M',1,0,'2010-09-27 10:44:45',14,'2010-09-27 10:44:45',0),(110,'0107270910','Subardja','0000-00-00','M',1,0,'2010-09-27 10:44:56',14,'2010-09-27 10:44:56',0),(111,'0108270910','Karnadi','0000-00-00','M',1,0,'2010-09-27 10:45:05',14,'2010-09-27 10:45:05',0),(112,'0109270910','Abdul Karim','0000-00-00','M',1,0,'2010-09-27 10:45:16',14,'2010-09-27 10:45:16',0),(113,'0110270910','Tuparno, A.Md.Graf.','0000-00-00','M',1,0,'2010-09-27 10:45:31',14,'2010-09-27 10:45:31',0),(114,'0111270910','Asep Dinarya, A.Md.Graf.','0000-00-00','M',1,0,'2010-09-27 10:45:46',14,'2010-09-27 10:45:46',0),(115,'0112270910','Suprihatin, A.Md.Graf.','0000-00-00','M',1,0,'2010-09-27 10:46:02',14,'2010-09-27 10:46:02',0),(116,'0113270910','Munawir','0000-00-00','M',1,0,'2010-09-27 10:47:16',14,'2010-09-27 10:47:16',0),(117,'0114270910','Zainudin S., A.Md.Graf.','0000-00-00','M',1,0,'2010-09-27 10:47:54',14,'2010-09-27 10:47:54',0),(118,'0115270910','Izbik, A.Md.Graf.','0000-00-00','M',1,0,'2010-09-27 10:48:08',14,'2010-09-27 10:48:08',0),(119,'0116270910','Soedihanto, A.Md.Graf.','0000-00-00','M',1,0,'2010-09-27 10:48:23',14,'2010-09-27 10:48:23',0),(120,'0117270910','Dwi Wahyuningsih','0000-00-00','M',1,0,'2010-09-27 10:48:44',14,'2010-09-27 10:48:44',0),(121,'0118270910','Triyono Indrasiwi Kuncoro Aji, S.St.','0000-00-00','M',1,0,'2010-09-27 10:49:24',14,'2010-09-27 10:49:24',0),(122,'0119270910','M. Tabrani Jamara, ST., MM.','0000-00-00','M',1,0,'2010-09-27 10:50:07',14,'2010-09-27 10:50:07',0),(123,'0120270910','Sentot Mardjuki, S.Sos., M.Si.','0000-00-00','M',1,0,'2010-09-27 10:50:27',14,'2010-09-27 10:50:27',0),(124,'0121270910','Untung Basuki, S.Pd.','0000-00-00','M',1,0,'2010-09-27 10:50:41',14,'2010-09-27 10:50:41',0),(125,'0122270910','Sutiyo, S.Pd.','0000-00-00','M',1,0,'2010-09-27 10:50:54',14,'2010-09-27 10:50:54',0),(126,'0123270910','Drs. I Wayan Suarjana','0000-00-00','M',1,0,'2010-09-27 10:51:09',14,'2010-09-27 10:51:09',0),(127,'0124270910','Abd. Madjid, AY., S.Pd.','0000-00-00','M',1,0,'2010-09-27 10:51:32',14,'2010-09-27 10:51:32',0),(128,'0125270910','M. Irfan, HS., S.Pd.','0000-00-00','M',1,0,'2010-09-27 10:52:01',14,'2010-09-27 10:52:01',0),(129,'0126270910','Dayu Sri Herti, S.Pd.','0000-00-00','M',1,0,'2010-09-27 10:52:17',14,'2010-09-27 10:52:17',0),(130,'0127270910','Johannes Siwalette, S.Pd.','0000-00-00','M',1,0,'2010-09-27 10:52:39',14,'2010-09-27 10:52:39',0),(131,'0128270910','Drs. Ahmad Hasan','0000-00-00','M',1,0,'2010-09-27 10:53:17',14,'2010-09-27 10:53:17',0),(132,'0129270910','Efnyta Muchtar, S.Sos.','0000-00-00','M',1,0,'2010-09-27 10:54:21',14,'2010-09-27 10:54:21',0),(133,'0130270910','Ponadi, S.Pd.','0000-00-00','M',1,0,'2010-09-27 10:54:32',14,'2010-09-27 10:54:32',0),(134,'0131270910','Drs. Jimmy Paat, M.Si.','0000-00-00','M',1,0,'2010-09-27 10:54:49',14,'2010-09-27 10:54:49',0),(135,'0133270910','Barita Siringoringo, S.Pd.','0000-00-00','M',1,0,'2010-09-27 10:55:11',14,'2010-09-27 10:55:32',14),(136,'0133270910','Nova Darmanto, S.Sos.','0000-00-00','M',1,0,'2010-09-27 10:55:55',14,'2010-09-27 10:55:55',0),(137,'0134270910','Tedy Tapianto, S.Pd.','0000-00-00','M',1,0,'2010-09-27 10:56:14',14,'2010-09-27 10:56:14',0),(138,'0135270910','Anindita Budi Astuti, SE., MM.','0000-00-00','M',1,0,'2010-09-27 10:56:41',14,'2010-09-27 10:56:41',0),(139,'0136270910','Agung Budi Prasetyo, MT.','0000-00-00','M',1,0,'2010-09-27 10:57:29',14,'2010-09-27 10:57:29',0),(140,'0137270910','Misbah Fikrianto, MM.','0000-00-00','M',1,0,'2010-09-27 10:57:53',14,'2010-09-27 10:57:53',0),(141,'0138270910','Rudy Cahyadi, MT.','0000-00-00','M',1,0,'2010-09-27 10:58:14',14,'2010-09-27 10:58:14',0),(142,'0139270910','Suratni, M.Hum.','0000-00-00','M',1,0,'2010-09-27 10:58:28',14,'2010-09-27 10:58:28',0),(143,'0140270910','Erlan Saufudin, M.Hum.','0000-00-00','M',1,0,'2010-09-27 10:58:54',14,'2010-09-27 10:58:54',0),(144,'0141270910','M. Nurwahidin, M.Si.','0000-00-00','M',1,0,'2010-09-27 10:59:33',14,'2010-09-27 10:59:33',0),(145,'0142270910','Tipri Rosa Kartika, MM.','0000-00-00','M',1,0,'2010-09-27 11:00:05',14,'2010-09-27 11:00:05',0),(146,'0143270910','M. Yunus Fitryadi, MM.','0000-00-00','M',1,0,'2010-09-27 11:00:36',14,'2010-09-27 11:00:36',0),(147,'0144270910','Rita Sofiantini','0000-00-00','M',5,0,'2010-09-27 11:14:36',14,'2010-09-27 11:14:36',0),(148,'0145270910','Martino','0000-00-00','M',5,0,'2010-09-27 11:15:08',14,'2010-09-27 11:15:08',0),(149,'0146270910','Alim','0000-00-00','M',5,0,'2010-09-27 11:15:37',14,'2010-09-27 11:15:37',0),(150,'0147270910','Iin Suryadi','0000-00-00','M',5,0,'2010-09-27 11:15:55',14,'2010-09-27 11:15:55',0),(151,'0148270910','Saini Daung','0000-00-00','M',5,0,'2010-09-27 11:16:22',14,'2010-09-27 11:16:22',0),(152,'0149270910','Madjum','0000-00-00','M',5,0,'2010-09-27 11:16:52',14,'2010-09-27 11:16:52',0),(153,'0150270910','Suryana','0000-00-00','M',5,0,'2010-09-27 11:19:54',14,'2010-09-27 11:19:54',0),(154,'0151270910','Iman','0000-00-00','M',5,0,'2010-09-27 11:20:06',14,'2010-09-27 11:20:06',0),(155,'0152270910','Jajang Jumara','0000-00-00','M',5,0,'2010-09-27 11:20:24',14,'2010-09-27 11:20:24',0),(156,'0153270910','Jaelani','0000-00-00','M',5,0,'2010-09-27 11:20:36',14,'2010-09-27 11:20:36',0),(157,'0154270910','Paijan','0000-00-00','M',5,0,'2010-09-27 11:20:47',14,'2010-09-27 11:20:47',0),(158,'0155270910','Saswiko','0000-00-00','M',5,0,'2010-09-27 11:21:03',14,'2010-09-27 11:21:03',0),(159,'0156270910','Sentot Sukaryadi','0000-00-00','M',5,0,'2010-09-27 11:21:20',14,'2010-09-27 11:21:20',0),(160,'0157270910','Nyoman Indra','0000-00-00','M',5,0,'2010-09-27 11:21:41',14,'2010-09-27 11:21:41',0),(161,'0158270910','Dudung Ruhendi','0000-00-00','M',5,0,'2010-09-27 11:21:55',14,'2010-09-27 11:21:55',0),(162,'0159270910','Lulus Wijaya','0000-00-00','M',5,0,'2010-09-27 11:22:10',14,'2010-09-27 11:22:10',0),(163,'0160270910','Bahrudin','0000-00-00','M',5,0,'2010-09-27 11:22:23',14,'2010-09-27 11:22:23',0),(164,'0001280910','Hairul Anwar','0000-00-00','M',5,0,'2010-09-28 10:52:27',14,'2010-09-28 10:52:27',0),(165,'0002280910','Budiarti Laksmitasari','0000-00-00','M',5,0,'2010-09-28 10:52:55',14,'2010-09-28 10:52:55',0),(166,'0003280910','Assifa Swasti Anindita','0000-00-00','M',5,0,'2010-09-28 10:53:19',14,'2010-09-28 10:53:19',0),(167,'0004280910','Aliyah','0000-00-00','M',5,0,'2010-09-28 10:53:32',14,'2010-09-28 10:53:32',0),(168,'0005280910','Tardi Sutardi','0000-00-00','M',6,0,'2010-09-28 10:54:08',14,'2010-09-28 10:54:08',0),(169,'0006280910','M. Jais','0000-00-00','M',6,0,'2010-09-28 10:54:19',14,'2010-09-28 10:54:19',0),(170,'0007280910','Rahmawati','0000-00-00','M',6,0,'2010-09-28 10:54:32',14,'2010-09-28 10:54:32',0),(171,'0008280910','Sarwati','0000-00-00','M',6,0,'2010-09-28 10:54:46',14,'2010-09-28 10:54:46',0),(172,'0009280910','Heryati/Dede','0000-00-00','M',6,0,'2010-09-28 10:55:07',14,'2010-09-28 10:55:07',0),(173,'0010280910','Yusri','0000-00-00','M',6,0,'2010-09-28 10:55:29',14,'2010-09-28 10:55:29',0),(174,'0011280910','Asep Saepudin','0000-00-00','M',6,0,'2010-09-28 10:55:52',14,'2010-09-28 10:55:52',0),(175,'0012280910','Ace Slamet','0000-00-00','M',6,0,'2010-09-28 10:56:06',14,'2010-09-28 10:56:06',0),(176,'0013280910','Abdul Holik','0000-00-00','M',6,0,'2010-09-28 10:56:21',14,'2010-09-28 10:56:21',0),(177,'0014280910','Irwansyah','0000-00-00','M',6,0,'2010-09-28 10:56:33',14,'2010-09-28 10:56:33',0),(178,'0015280910','Asmawi','0000-00-00','M',6,0,'2010-09-28 10:57:02',14,'2010-09-28 10:57:02',0),(179,'0016280910','Andi Sugiarto','0000-00-00','M',6,0,'2010-09-28 10:57:55',14,'2010-09-28 10:57:55',0),(180,'0017280910','Asep Supriyatna','0000-00-00','M',6,0,'2010-09-28 10:58:39',14,'2010-09-28 10:58:39',0),(181,'0018280910','Pian Iskandar','0000-00-00','M',6,0,'2010-09-28 10:58:54',14,'2010-09-28 10:58:54',0),(182,'0019280910','Umar Rusmana','0000-00-00','M',6,0,'2010-09-28 10:59:06',14,'2010-09-28 10:59:06',0),(183,'0020280910','M. Haris','0000-00-00','M',6,0,'2010-09-28 10:59:20',14,'2010-09-28 10:59:20',0),(184,'0021280910','Pathoni','0000-00-00','M',6,0,'2010-09-28 10:59:36',14,'2010-09-28 10:59:36',0),(185,'0022280910','Misar','0000-00-00','M',6,0,'2010-09-28 10:59:51',14,'2010-09-28 10:59:51',0),(186,'0023280910','Saim','0000-00-00','M',6,0,'2010-09-28 11:00:01',14,'2010-09-28 11:00:01',0),(187,'0024280910','Sanen','0000-00-00','M',6,0,'2010-09-28 11:00:18',14,'2010-09-28 11:00:18',0),(188,'0025280910','Sulaeman','0000-00-00','M',6,0,'2010-09-28 11:00:31',14,'2010-09-28 11:00:31',0),(189,'0026280910','Wijatmo','0000-00-00','M',6,0,'2010-09-28 11:00:44',14,'2010-09-28 11:00:44',0),(190,'0027280910','Armin S.','0000-00-00','M',6,0,'2010-09-28 11:01:00',14,'2010-09-28 11:01:00',0),(191,'0028280910','Pajar','0000-00-00','M',6,0,'2010-09-28 11:01:12',14,'2010-09-28 11:01:12',0),(192,'0029280910','Masri','0000-00-00','M',6,0,'2010-09-28 11:01:33',14,'2010-09-28 11:01:33',0);
/*!40000 ALTER TABLE `patients` ENABLE KEYS */;
UNLOCK TABLES;

--
-- Table structure for table `provinces`
--

DROP TABLE IF EXISTS `provinces`;
SET @saved_cs_client     = @@character_set_client;
SET character_set_client = utf8;
CREATE TABLE `provinces` (
  `id` int(10) unsigned NOT NULL auto_increment,
  `code` varchar(2) default NULL,
  `name` varchar(60) default NULL,
  `created_by` varchar(60) default NULL,
  `created` datetime default NULL,
  `modified_by` varchar(60) default NULL,
  `modified` datetime default NULL,
  PRIMARY KEY  (`id`)
) ENGINE=MyISAM AUTO_INCREMENT=49 DEFAULT CHARSET=latin1;
SET character_set_client = @saved_cs_client;

--
-- Dumping data for table `provinces`
--

LOCK TABLES `provinces` WRITE;
/*!40000 ALTER TABLE `provinces` DISABLE KEYS */;
INSERT INTO `provinces` VALUES (1,'BB','KEPULAUAN BANGKA BELITUNG',NULL,NULL,NULL,NULL),(2,'BK','BENGKULU',NULL,NULL,NULL,NULL),(3,'BL','BALI',NULL,NULL,NULL,NULL),(4,'BT','BANTEN',NULL,NULL,NULL,NULL),(7,'CR','SULAWESI TENGGARA',NULL,NULL,NULL,NULL),(11,'JB','JAWA BARAT',NULL,NULL,NULL,NULL),(18,'KH','KALIMANTAN TENGAH',NULL,NULL,NULL,NULL),(19,'KR','KEPULAUAN RIAU',NULL,NULL,NULL,NULL),(20,'KS','KALIMANTAN SELATAN',NULL,NULL,NULL,NULL),(22,'LP','LAMPUNG',NULL,NULL,NULL,NULL),(23,'ML','MALUKU',NULL,NULL,NULL,NULL),(24,'CB','SULAWESI BARAT',NULL,NULL,NULL,NULL),(25,'CH','SULAWESI TENGAH',NULL,NULL,NULL,NULL),(26,'CS','SULAWESI SELATAN',NULL,NULL,NULL,NULL),(27,'CU','SULAWESI UTARA',NULL,NULL,NULL,NULL),(28,'GT','GORONTALO',NULL,NULL,NULL,NULL),(29,'JH','JAWA TENGAH',NULL,NULL,NULL,NULL),(30,'JK','JAKARTA',NULL,NULL,NULL,NULL),(31,'JM','JAMBI',NULL,NULL,NULL,NULL),(32,'JO','DAERAH ISTIMEWA YOGYAKARTA',NULL,NULL,NULL,NULL),(33,'JT','JAWA TIMUR',NULL,NULL,NULL,NULL),(34,'KB','KALIMANTAN BARAT',NULL,NULL,NULL,NULL),(35,'KT','KALIMANTAN TIMUR',NULL,NULL,NULL,NULL),(36,'MU','MALUKU UTARA',NULL,NULL,NULL,NULL),(37,'NA','NANGROE ACEH DARUSSALAM',NULL,NULL,NULL,NULL),(38,'NB','NUSA TENGGARA BARAT',NULL,NULL,NULL,NULL),(39,'NT','NUSA TENGGARA TIMUR',NULL,NULL,NULL,NULL),(40,'PB','PAPUA BARAT',NULL,NULL,NULL,NULL),(41,'PP','PAPUA',NULL,NULL,NULL,NULL),(42,'RI','RIAU',NULL,NULL,NULL,NULL),(43,'SB','SUMATERA BARAT',NULL,NULL,NULL,NULL),(44,'SS','SUMATERA SELATAN',NULL,NULL,NULL,NULL),(45,'SU','SUMATERA UTARA',NULL,NULL,NULL,NULL),(46,'NY','NEW YORK',NULL,NULL,NULL,NULL),(47,'WS','WASHINGTON DC.',NULL,NULL,NULL,NULL),(48,'BM','BOMBAY',NULL,NULL,NULL,NULL);
/*!40000 ALTER TABLE `provinces` ENABLE KEYS */;
UNLOCK TABLES;

--
-- Table structure for table `site_settings`
--

DROP TABLE IF EXISTS `site_settings`;
SET @saved_cs_client     = @@character_set_client;
SET character_set_client = utf8;
CREATE TABLE `site_settings` (
  `id` smallint(6) NOT NULL auto_increment,
  `param` varchar(20) NOT NULL,
  `value` varchar(100) NOT NULL,
  PRIMARY KEY  (`id`)
) ENGINE=MyISAM AUTO_INCREMENT=9 DEFAULT CHARSET=latin1;
SET character_set_client = @saved_cs_client;

--
-- Dumping data for table `site_settings`
--

LOCK TABLES `site_settings` WRITE;
/*!40000 ALTER TABLE `site_settings` DISABLE KEYS */;
INSERT INTO `site_settings` VALUES (1,'default_lang','ind'),(2,'site_name','Poliklinik On-Line'),(3,'site_address1','Jl. Srengseng Sawah, Jagakarsa, Jakarta Selatan.'),(4,'site_address2','(Sebelah Utara Universitas Indonesia)'),(5,'site_email','h_triyanto@yahoo.co.id'),(6,'site_web','polimedia.ac.id'),(8,'site_phone','0811981962');
/*!40000 ALTER TABLE `site_settings` ENABLE KEYS */;
UNLOCK TABLES;

--
-- Table structure for table `unit_codes`
--

DROP TABLE IF EXISTS `unit_codes`;
SET @saved_cs_client     = @@character_set_client;
SET character_set_client = utf8;
CREATE TABLE `unit_codes` (
  `id` smallint(6) NOT NULL auto_increment,
  `name` varchar(100) NOT NULL,
  `code` varchar(10) NOT NULL,
  `created` datetime NOT NULL,
  `created_by` int(10) NOT NULL,
  `modified` datetime NOT NULL,
  `modified_by` int(10) NOT NULL,
  PRIMARY KEY  (`id`),
  UNIQUE KEY `code` (`code`),
  KEY `name` (`name`)
) ENGINE=MyISAM AUTO_INCREMENT=62 DEFAULT CHARSET=latin1;
SET character_set_client = @saved_cs_client;

--
-- Dumping data for table `unit_codes`
--

LOCK TABLES `unit_codes` WRITE;
/*!40000 ALTER TABLE `unit_codes` DISABLE KEYS */;
INSERT INTO `unit_codes` VALUES (1,'Direktur','01','2009-12-12 22:19:32',1,'2010-08-18 23:04:15',1),(2,'Pudir I','02','2009-12-12 22:26:20',1,'2010-08-13 08:22:58',2),(3,'Pudir II','03','2009-12-12 22:26:54',1,'2010-08-13 08:23:12',2),(4,'Pudir III','04','2009-12-12 22:27:10',1,'2010-08-13 08:23:23',2),(5,'Pudir IV','05','2009-12-12 22:27:24',1,'2010-08-13 08:23:32',2),(6,'Pudir III','06','2009-12-12 22:27:50',1,'2010-01-14 22:09:52',1),(7,'Pudir IV','07','2009-12-12 22:28:23',1,'2010-01-14 22:10:16',1),(8,'Bagian Administrai Umum dan Keuangan','08','2009-12-12 22:28:54',1,'2010-08-13 08:24:27',2),(9,'Bagian Administrasi Akademik dan Kemahasiswaan','09','2009-12-12 22:29:27',1,'2010-08-13 08:25:03',2),(10,'Subbag Umum','10','2009-12-12 22:29:45',1,'2010-09-27 08:08:14',1),(11,'Subbagian Tatalaksana dan Kepegawaian','11','2009-12-12 22:30:25',1,'2010-08-13 08:25:48',2),(12,'Subbagian Keuangan','12','2009-12-12 22:30:51',1,'2010-08-13 08:26:02',2),(19,'Subbagian Akademik dan Kemahasiswaan','13','2010-01-14 23:27:22',1,'2010-08-13 08:26:28',2),(45,'Subbagian Perencanaan dan Sistem Informasi','14','2010-08-13 08:26:54',2,'2010-08-13 08:26:54',0),(46,'Jurusan Teknik Grafika','15','2010-08-13 08:27:34',2,'2010-08-13 08:27:34',0),(47,'Jurusan Desain Grafis','16','2010-08-13 08:27:49',2,'2010-08-13 08:27:49',0),(48,'Jurusan Penerbitan','17','2010-08-13 08:28:00',2,'2010-08-13 08:28:00',0),(49,'Program Studi Teknik Grafika','18','2010-08-13 08:28:20',2,'2010-08-13 08:28:20',0),(50,'Program Studi Teknik Kemasan','19','2010-08-13 08:28:39',2,'2010-08-13 08:28:39',0),(51,'Program Studi Desain Grafis','20','2010-08-13 08:29:05',2,'2010-08-13 08:29:05',0),(52,'Program Studi Periklanan','21','2010-08-13 08:29:18',2,'2010-08-13 08:29:18',0),(53,'Program Studi Penerbitan','22','2010-08-13 08:29:30',2,'2010-08-13 08:29:30',0),(54,'Program Studi Fotografi','23','2010-08-13 08:29:44',2,'2010-08-13 08:29:44',0),(55,'UPT Perpustakaan','24','2010-08-13 08:30:00',2,'2010-08-13 08:30:00',0),(56,'UPT Pusat Informatika','25','2010-08-13 08:30:13',2,'2010-08-13 08:30:13',0),(57,'UPT Percetakan dan Penerbitan','26','2010-08-13 08:30:27',2,'2010-08-13 08:30:27',0),(58,'UPT Desain dan Periklanan','27','2010-08-13 08:30:44',2,'2010-08-13 08:30:44',0),(59,'UP2M','28','2010-08-13 08:30:56',2,'2010-08-13 08:30:56',0),(60,'UPT Humas','29','2010-08-13 08:31:23',2,'2010-08-13 08:31:23',0),(61,'UPT Bisnis','30','2010-08-13 08:31:55',2,'2010-08-13 08:31:55',0);
/*!40000 ALTER TABLE `unit_codes` ENABLE KEYS */;
UNLOCK TABLES;

--
-- Table structure for table `units`
--

DROP TABLE IF EXISTS `units`;
SET @saved_cs_client     = @@character_set_client;
SET character_set_client = utf8;
CREATE TABLE `units` (
  `id` int(10) NOT NULL auto_increment,
  `name` varchar(20) NOT NULL,
  PRIMARY KEY  (`id`),
  KEY `name` (`name`)
) ENGINE=MyISAM AUTO_INCREMENT=8 DEFAULT CHARSET=latin1;
SET character_set_client = @saved_cs_client;

--
-- Dumping data for table `units`
--

LOCK TABLES `units` WRITE;
/*!40000 ALTER TABLE `units` DISABLE KEYS */;
INSERT INTO `units` VALUES (1,'Pil'),(2,'Botol'),(3,'Sendok'),(4,'Lembar'),(5,'Butir'),(6,'Pak'),(7,'Tube');
/*!40000 ALTER TABLE `units` ENABLE KEYS */;
UNLOCK TABLES;

--
-- Table structure for table `user_logs`
--

DROP TABLE IF EXISTS `user_logs`;
SET @saved_cs_client     = @@character_set_client;
SET character_set_client = utf8;
CREATE TABLE `user_logs` (
  `id` int(11) NOT NULL,
  `user_id` int(11) NOT NULL,
  `ip_address` char(15) NOT NULL,
  `controller` varchar(50) NOT NULL,
  `action` varchar(50) NOT NULL,
  `request_method` varchar(10) NOT NULL,
  `referer` varchar(100) NOT NULL,
  `url` varchar(100) NOT NULL,
  `user_agent` tinytext NOT NULL,
  `created` datetime NOT NULL,
  KEY `user_id` (`user_id`),
  KEY `ip_address` (`ip_address`),
  KEY `created` (`created`)
) ENGINE=MyISAM DEFAULT CHARSET=latin1;
SET character_set_client = @saved_cs_client;

--
-- Dumping data for table `user_logs`
--

LOCK TABLES `user_logs` WRITE;
/*!40000 ALTER TABLE `user_logs` DISABLE KEYS */;
INSERT INTO `user_logs` VALUES (0,1,'125.160.231.9','users','logout','GET','http://poliklinik.baukpoltek.net/medicine_ins','/index.php?url=users/logout','Mozilla/5.0 (X11; U; Linux i686; en-US; rv:1.9.2.10) Gecko/20100915 Ubuntu/10.04 (lucid) Firefox/3.6.10','2010-10-04 07:35:04'),(0,1,'125.160.231.9','medicine_ins','index','GET','http://poliklinik.baukpoltek.net/','/index.php?url=medicine_ins','Mozilla/5.0 (X11; U; Linux i686; en-US; rv:1.9.2.10) Gecko/20100915 Ubuntu/10.04 (lucid) Firefox/3.6.10','2010-10-04 07:34:56'),(0,1,'125.160.231.9','pages','display','GET','http://poliklinik.baukpoltek.net/users/login','/','Mozilla/5.0 (X11; U; Linux i686; en-US; rv:1.9.2.10) Gecko/20100915 Ubuntu/10.04 (lucid) Firefox/3.6.10','2010-10-04 07:34:50'),(0,1,'114.59.201.251','users','logout','GET','http://poliklinik.baukpoltek.net/checkups/report_patient_status','/index.php?url=users/logout','Mozilla/5.0 (Windows; U; Windows NT 5.1; en-US; rv:1.9.2.3) Gecko/20100401 Firefox/3.6.3','2010-10-04 05:36:00'),(0,1,'114.59.201.251','checkups','report_patient_status','POST','http://poliklinik.baukpoltek.net/checkups/report_patient_status','/index.php?url=checkups/report_patient_status','Mozilla/5.0 (Windows; U; Windows NT 5.1; en-US; rv:1.9.2.3) Gecko/20100401 Firefox/3.6.3','2010-10-04 05:35:49'),(0,1,'114.59.201.251','checkups','report_patient_status','GET','http://poliklinik.baukpoltek.net/checkups/add','/index.php?url=checkups/report_patient_status','Mozilla/5.0 (Windows; U; Windows NT 5.1; en-US; rv:1.9.2.3) Gecko/20100401 Firefox/3.6.3','2010-10-04 05:35:43'),(0,1,'114.59.201.251','checkups','add','GET','http://poliklinik.baukpoltek.net/checkups','/index.php?url=checkups/add','Mozilla/5.0 (Windows; U; Windows NT 5.1; en-US; rv:1.9.2.3) Gecko/20100401 Firefox/3.6.3','2010-10-04 05:34:57'),(0,1,'114.59.201.251','checkups','index','GET','http://poliklinik.baukpoltek.net/','/index.php?url=checkups','Mozilla/5.0 (Windows; U; Windows NT 5.1; en-US; rv:1.9.2.3) Gecko/20100401 Firefox/3.6.3','2010-10-04 05:34:54'),(0,1,'114.59.201.251','pages','display','GET','http://poliklinik.baukpoltek.net/users/login','/','Mozilla/5.0 (Windows; U; Windows NT 5.1; en-US; rv:1.9.2.3) Gecko/20100401 Firefox/3.6.3','2010-10-04 05:34:47'),(0,1,'180.214.233.23','users','logout','GET','http://poliklinik.baukpoltek.net/checkups/report_patient_status','/index.php?url=users/logout','Mozilla/4.0 (compatible; MSIE 8.0; Windows NT 6.1; Trident/4.0; SLCC2; .NET CLR 2.0.50727; .NET CLR 3.5.30729; .NET CLR 3.0.30729; Media Center PC 6.0; InfoPath.2; Tablet PC 2.0)','2010-10-03 20:24:49'),(0,1,'180.214.233.23','checkups','report_patient_status','POST','http://poliklinik.baukpoltek.net/checkups/report_patient_status','/index.php?url=checkups/report_patient_status','Mozilla/4.0 (compatible; MSIE 8.0; Windows NT 6.1; Trident/4.0; SLCC2; .NET CLR 2.0.50727; .NET CLR 3.5.30729; .NET CLR 3.0.30729; Media Center PC 6.0; InfoPath.2; Tablet PC 2.0)','2010-10-03 20:24:33'),(0,1,'180.214.233.23','checkups','report_patient_status','POST','http://poliklinik.baukpoltek.net/checkups/report_patient_status','/index.php?url=checkups/report_patient_status','Mozilla/4.0 (compatible; MSIE 8.0; Windows NT 6.1; Trident/4.0; SLCC2; .NET CLR 2.0.50727; .NET CLR 3.5.30729; .NET CLR 3.0.30729; Media Center PC 6.0; InfoPath.2; Tablet PC 2.0)','2010-10-03 20:23:39'),(0,1,'180.214.233.23','checkups','report_patient_status','GET','http://poliklinik.baukpoltek.net/checkups/edit/6','/index.php?url=checkups/report_patient_status','Mozilla/4.0 (compatible; MSIE 8.0; Windows NT 6.1; Trident/4.0; SLCC2; .NET CLR 2.0.50727; .NET CLR 3.5.30729; .NET CLR 3.0.30729; Media Center PC 6.0; InfoPath.2; Tablet PC 2.0)','2010-10-03 20:23:32'),(0,1,'180.214.233.23','checkups','edit','GET','http://poliklinik.baukpoltek.net/checkups','/index.php?url=checkups/edit/6','Mozilla/4.0 (compatible; MSIE 8.0; Windows NT 6.1; Trident/4.0; SLCC2; .NET CLR 2.0.50727; .NET CLR 3.5.30729; .NET CLR 3.0.30729; Media Center PC 6.0; InfoPath.2; Tablet PC 2.0)','2010-10-03 20:23:12'),(0,1,'180.214.233.23','checkups','index','GET','http://poliklinik.baukpoltek.net/','/index.php?url=checkups','Mozilla/4.0 (compatible; MSIE 8.0; Windows NT 6.1; Trident/4.0; SLCC2; .NET CLR 2.0.50727; .NET CLR 3.5.30729; .NET CLR 3.0.30729; Media Center PC 6.0; InfoPath.2; Tablet PC 2.0)','2010-10-03 20:23:08'),(0,1,'180.214.233.23','pages','display','GET','http://poliklinik.baukpoltek.net/users/login','/','Mozilla/4.0 (compatible; MSIE 8.0; Windows NT 6.1; Trident/4.0; SLCC2; .NET CLR 2.0.50727; .NET CLR 3.5.30729; .NET CLR 3.0.30729; Media Center PC 6.0; InfoPath.2; Tablet PC 2.0)','2010-10-03 20:23:01'),(0,1,'110.137.212.10','pages','display','GET','http://poliklinik.baukpoltek.net/users/login','/','Mozilla/5.0 (X11; U; Linux i686; en-US; rv:1.9.2.10) Gecko/20100915 Ubuntu/10.04 (lucid) Firefox/3.6.10','2010-10-03 20:21:35'),(0,1,'114.59.122.16','users','logout','GET','http://poliklinik.baukpoltek.net/checkups/edit/6','/index.php?url=users/logout','Mozilla/5.0 (Windows; U; Windows NT 6.1; id; rv:1.9.2.10) Gecko/20100914 Firefox/3.6.10','2010-10-03 18:17:50'),(0,1,'114.59.122.16','checkups','edit','GET','http://poliklinik.baukpoltek.net/checkups','/index.php?url=checkups/edit/6','Mozilla/5.0 (Windows; U; Windows NT 6.1; id; rv:1.9.2.10) Gecko/20100914 Firefox/3.6.10','2010-10-03 18:17:35'),(0,1,'114.59.122.16','checkups','index','GET','http://poliklinik.baukpoltek.net/','/index.php?url=checkups','Mozilla/5.0 (Windows; U; Windows NT 6.1; id; rv:1.9.2.10) Gecko/20100914 Firefox/3.6.10','2010-10-03 18:17:28'),(0,1,'114.59.122.16','pages','display','GET','http://poliklinik.baukpoltek.net/users/login','/','Mozilla/5.0 (Windows; U; Windows NT 6.1; id; rv:1.9.2.10) Gecko/20100914 Firefox/3.6.10','2010-10-03 18:17:13'),(0,1,'114.59.122.152','checkups','report_patients','GET','http://poliklinik.baukpoltek.net/checkups/report_checkups','/index.php?url=checkups/report_patients','Mozilla/5.0 (Windows; U; Windows NT 5.1; en-US; rv:1.9.2.3) Gecko/20100401 Firefox/3.6.3','2010-10-03 05:47:49'),(0,1,'114.59.122.152','checkups','report_checkups','POST','http://poliklinik.baukpoltek.net/checkups/report_checkups','/index.php?url=checkups/report_checkups','Mozilla/5.0 (Windows; U; Windows NT 5.1; en-US; rv:1.9.2.3) Gecko/20100401 Firefox/3.6.3','2010-10-03 05:47:33'),(0,1,'114.59.122.152','checkups','report_checkups','GET','http://poliklinik.baukpoltek.net/checkups/report_patient_status','/index.php?url=checkups/report_checkups','Mozilla/5.0 (Windows; U; Windows NT 5.1; en-US; rv:1.9.2.3) Gecko/20100401 Firefox/3.6.3','2010-10-03 05:47:25'),(0,1,'114.59.122.152','checkups','report_patient_status','POST','http://poliklinik.baukpoltek.net/checkups/report_patient_status','/index.php?url=checkups/report_patient_status','Mozilla/5.0 (Windows; U; Windows NT 5.1; en-US; rv:1.9.2.3) Gecko/20100401 Firefox/3.6.3','2010-10-03 05:47:12'),(0,1,'114.59.122.152','checkups','report_patient_status','POST','http://poliklinik.baukpoltek.net/checkups/report_patient_status','/index.php?url=checkups/report_patient_status','Mozilla/5.0 (Windows; U; Windows NT 5.1; en-US; rv:1.9.2.3) Gecko/20100401 Firefox/3.6.3','2010-10-03 05:47:06'),(0,1,'114.59.122.152','checkups','report_patient_status','GET','http://poliklinik.baukpoltek.net/checkups/add','/index.php?url=checkups/report_patient_status','Mozilla/5.0 (Windows; U; Windows NT 5.1; en-US; rv:1.9.2.3) Gecko/20100401 Firefox/3.6.3','2010-10-03 05:47:03'),(0,1,'114.59.122.152','checkups','add','GET','http://poliklinik.baukpoltek.net/checkups','/index.php?url=checkups/add','Mozilla/5.0 (Windows; U; Windows NT 5.1; en-US; rv:1.9.2.3) Gecko/20100401 Firefox/3.6.3','2010-10-03 05:46:39'),(0,1,'114.59.122.152','checkups','index','GET','http://poliklinik.baukpoltek.net/','/index.php?url=checkups','Mozilla/5.0 (Windows; U; Windows NT 5.1; en-US; rv:1.9.2.3) Gecko/20100401 Firefox/3.6.3','2010-10-03 05:46:36'),(0,1,'114.59.122.152','pages','display','GET','http://poliklinik.baukpoltek.net/users/login','/','Mozilla/5.0 (Windows; U; Windows NT 5.1; en-US; rv:1.9.2.3) Gecko/20100401 Firefox/3.6.3','2010-10-03 05:46:31'),(0,1,'180.214.232.28','checkups','add','GET','http://poliklinik.baukpoltek.net/checkups','/index.php?url=checkups/add','Mozilla/5.0 (Windows; U; Windows NT 6.1; id; rv:1.9.2.10) Gecko/20100914 Firefox/3.6.10','2010-10-02 10:46:22'),(0,1,'180.214.232.28','checkups','index','GET','http://poliklinik.baukpoltek.net/','/index.php?url=checkups','Mozilla/5.0 (Windows; U; Windows NT 6.1; id; rv:1.9.2.10) Gecko/20100914 Firefox/3.6.10','2010-10-02 10:46:18'),(0,1,'180.214.232.28','checkups','index','GET','http://poliklinik.baukpoltek.net/','/index.php?url=checkups','Mozilla/5.0 (Windows; U; Windows NT 6.1; id; rv:1.9.2.10) Gecko/20100914 Firefox/3.6.10','2010-10-02 10:46:17'),(0,1,'180.214.232.28','pages','display','GET','http://poliklinik.baukpoltek.net/users/login','/','Mozilla/5.0 (Windows; U; Windows NT 6.1; id; rv:1.9.2.10) Gecko/20100914 Firefox/3.6.10','2010-10-02 10:46:08'),(0,1,'125.166.19.50','checkups','report_patient_status','POST','http://poliklinik.baukpoltek.net/checkups/report_patient_status','/index.php?url=checkups/report_patient_status','Mozilla/5.0 (X11; U; Linux i686; en-US; rv:1.9.2.10) Gecko/20100915 Ubuntu/10.04 (lucid) Firefox/3.6.10','2010-10-02 09:42:24'),(0,1,'125.166.19.50','checkups','report_patient_status','GET','http://poliklinik.baukpoltek.net/patients','/index.php?url=checkups/report_patient_status','Mozilla/5.0 (X11; U; Linux i686; en-US; rv:1.9.2.10) Gecko/20100915 Ubuntu/10.04 (lucid) Firefox/3.6.10','2010-10-02 09:42:17'),(0,1,'125.166.19.50','patients','index','GET','http://poliklinik.baukpoltek.net/patients/edit/6','/index.php?url=patients','Mozilla/5.0 (X11; U; Linux i686; en-US; rv:1.9.2.10) Gecko/20100915 Ubuntu/10.04 (lucid) Firefox/3.6.10','2010-10-02 09:42:11'),(0,1,'125.166.19.50','patients','edit','GET','http://poliklinik.baukpoltek.net/patients','/index.php?url=patients/edit/6','Mozilla/5.0 (X11; U; Linux i686; en-US; rv:1.9.2.10) Gecko/20100915 Ubuntu/10.04 (lucid) Firefox/3.6.10','2010-10-02 09:42:06'),(0,1,'125.166.19.50','patients','index','GET','http://poliklinik.baukpoltek.net/patients/edit/4','/index.php?url=patients','Mozilla/5.0 (X11; U; Linux i686; en-US; rv:1.9.2.10) Gecko/20100915 Ubuntu/10.04 (lucid) Firefox/3.6.10','2010-10-02 09:42:03'),(0,1,'125.166.19.50','patients','edit','PUT','http://poliklinik.baukpoltek.net/patients/edit/4','/index.php?url=patients/edit/4','Mozilla/5.0 (X11; U; Linux i686; en-US; rv:1.9.2.10) Gecko/20100915 Ubuntu/10.04 (lucid) Firefox/3.6.10','2010-10-02 09:42:03'),(0,1,'125.166.19.50','patients','edit','GET','http://poliklinik.baukpoltek.net/patients','/index.php?url=patients/edit/4','Mozilla/5.0 (X11; U; Linux i686; en-US; rv:1.9.2.10) Gecko/20100915 Ubuntu/10.04 (lucid) Firefox/3.6.10','2010-10-02 09:41:58'),(0,1,'125.166.19.50','patients','index','GET','http://poliklinik.baukpoltek.net/patients/edit/5','/index.php?url=patients','Mozilla/5.0 (X11; U; Linux i686; en-US; rv:1.9.2.10) Gecko/20100915 Ubuntu/10.04 (lucid) Firefox/3.6.10','2010-10-02 09:41:56'),(0,1,'125.166.19.50','patients','edit','PUT','http://poliklinik.baukpoltek.net/patients/edit/5','/index.php?url=patients/edit/5','Mozilla/5.0 (X11; U; Linux i686; en-US; rv:1.9.2.10) Gecko/20100915 Ubuntu/10.04 (lucid) Firefox/3.6.10','2010-10-02 09:41:56'),(0,1,'125.166.19.50','patients','edit','GET','http://poliklinik.baukpoltek.net/patients','/index.php?url=patients/edit/5','Mozilla/5.0 (X11; U; Linux i686; en-US; rv:1.9.2.10) Gecko/20100915 Ubuntu/10.04 (lucid) Firefox/3.6.10','2010-10-02 09:41:51'),(0,1,'125.166.19.50','patients','index','GET','http://poliklinik.baukpoltek.net/checkups/report_patient_status','/index.php?url=patients','Mozilla/5.0 (X11; U; Linux i686; en-US; rv:1.9.2.10) Gecko/20100915 Ubuntu/10.04 (lucid) Firefox/3.6.10','2010-10-02 09:41:49'),(0,1,'125.166.19.50','checkups','report_patient_status','POST','http://poliklinik.baukpoltek.net/checkups/report_patient_status','/index.php?url=checkups/report_patient_status','Mozilla/5.0 (X11; U; Linux i686; en-US; rv:1.9.2.10) Gecko/20100915 Ubuntu/10.04 (lucid) Firefox/3.6.10','2010-10-02 09:41:38'),(0,1,'125.166.19.50','checkups','report_patient_status','POST','http://poliklinik.baukpoltek.net/checkups/report_patient_status','/index.php?url=checkups/report_patient_status','Mozilla/5.0 (X11; U; Linux i686; en-US; rv:1.9.2.10) Gecko/20100915 Ubuntu/10.04 (lucid) Firefox/3.6.10','2010-10-02 09:41:24'),(0,1,'125.166.19.50','checkups','report_patient_status','GET','http://poliklinik.baukpoltek.net/checkups','/index.php?url=checkups/report_patient_status','Mozilla/5.0 (X11; U; Linux i686; en-US; rv:1.9.2.10) Gecko/20100915 Ubuntu/10.04 (lucid) Firefox/3.6.10','2010-10-02 09:41:19'),(0,1,'125.166.19.50','medicine_ins','index','GET','http://poliklinik.baukpoltek.net/checkups','/index.php?url=medicine_ins','Mozilla/5.0 (X11; U; Linux i686; en-US; rv:1.9.2.10) Gecko/20100915 Ubuntu/10.04 (lucid) Firefox/3.6.10','2010-10-02 09:40:55'),(0,1,'125.166.19.50','checkups','index','GET','http://poliklinik.baukpoltek.net/checkups/edit/6','/index.php?url=checkups','Mozilla/5.0 (X11; U; Linux i686; en-US; rv:1.9.2.10) Gecko/20100915 Ubuntu/10.04 (lucid) Firefox/3.6.10','2010-10-02 09:40:48'),(0,1,'125.166.19.50','checkups','edit','GET','','/index.php?url=checkups/edit/6','Mozilla/5.0 (X11; U; Linux i686; en-US; rv:1.9.2.10) Gecko/20100915 Ubuntu/10.04 (lucid) Firefox/3.6.10','2010-10-02 09:40:36'),(0,1,'125.166.19.50','checkups','edit','GET','','/index.php?url=checkups/edit/6','Mozilla/5.0 (X11; U; Linux i686; en-US; rv:1.9.2.10) Gecko/20100915 Ubuntu/10.04 (lucid) Firefox/3.6.10','2010-10-02 09:39:14'),(0,1,'125.166.19.50','checkups','edit','GET','http://poliklinik.baukpoltek.net/checkups/','/index.php?url=checkups/edit/6','Mozilla/5.0 (X11; U; Linux i686; en-US; rv:1.9.2.10) Gecko/20100915 Ubuntu/10.04 (lucid) Firefox/3.6.10','2010-10-02 09:36:58'),(0,1,'125.166.19.50','checkups','index','GET','','/index.php?url=checkups/','Mozilla/5.0 (X11; U; Linux i686; en-US; rv:1.9.2.10) Gecko/20100915 Ubuntu/10.04 (lucid) Firefox/3.6.10','2010-10-02 09:36:56'),(0,1,'125.166.19.50','checkups','add','GET','http://poliklinik.baukpoltek.net/checkups','/index.php?url=checkups/add','Mozilla/5.0 (X11; U; Linux i686; en-US; rv:1.9.2.10) Gecko/20100915 Ubuntu/10.04 (lucid) Firefox/3.6.10','2010-10-02 08:46:26'),(0,1,'125.166.19.50','checkups','index','GET','http://poliklinik.baukpoltek.net/medicine_ins','/index.php?url=checkups','Mozilla/5.0 (X11; U; Linux i686; en-US; rv:1.9.2.10) Gecko/20100915 Ubuntu/10.04 (lucid) Firefox/3.6.10','2010-10-02 08:46:23'),(0,1,'125.166.19.50','medicine_ins','index','GET','http://poliklinik.baukpoltek.net/medicines','/index.php?url=medicine_ins','Mozilla/5.0 (X11; U; Linux i686; en-US; rv:1.9.2.10) Gecko/20100915 Ubuntu/10.04 (lucid) Firefox/3.6.10','2010-10-02 08:46:13'),(0,1,'125.166.19.50','medicines','index','GET','http://poliklinik.baukpoltek.net/medicines','/index.php?url=medicines/index/page:2&ajax=1','Mozilla/5.0 (X11; U; Linux i686; en-US; rv:1.9.2.10) Gecko/20100915 Ubuntu/10.04 (lucid) Firefox/3.6.10','2010-10-02 08:46:09'),(0,1,'125.166.19.50','medicines','index','GET','http://poliklinik.baukpoltek.net/units','/index.php?url=medicines','Mozilla/5.0 (X11; U; Linux i686; en-US; rv:1.9.2.10) Gecko/20100915 Ubuntu/10.04 (lucid) Firefox/3.6.10','2010-10-02 08:46:05'),(0,1,'125.166.19.50','units','index','GET','http://poliklinik.baukpoltek.net/','/index.php?url=units','Mozilla/5.0 (X11; U; Linux i686; en-US; rv:1.9.2.10) Gecko/20100915 Ubuntu/10.04 (lucid) Firefox/3.6.10','2010-10-02 08:45:55'),(0,1,'125.166.19.50','pages','display','GET','http://poliklinik.baukpoltek.net/users/login','/','Mozilla/5.0 (X11; U; Linux i686; en-US; rv:1.9.2.10) Gecko/20100915 Ubuntu/10.04 (lucid) Firefox/3.6.10','2010-10-02 08:45:49'),(0,1,'114.58.119.236','users','logout','GET','http://poliklinik.baukpoltek.net/checkups/report_patient_status','/index.php?url=users/logout','Mozilla/5.0 (Windows; U; Windows NT 6.1; id; rv:1.9.2.10) Gecko/20100914 Firefox/3.6.10','2010-10-02 00:19:04'),(0,1,'114.58.119.236','checkups','report_diagnoses','GET','http://poliklinik.baukpoltek.net/checkups/report_patient_status','/index.php?url=checkups/report_diagnoses','Mozilla/5.0 (Windows; U; Windows NT 6.1; id; rv:1.9.2.10) Gecko/20100914 Firefox/3.6.10','2010-10-02 00:18:49'),(0,1,'114.58.119.236','checkups','report_patient_status','POST','http://poliklinik.baukpoltek.net/checkups/report_patient_status','/index.php?url=checkups/report_patient_status','Mozilla/5.0 (Windows; U; Windows NT 6.1; id; rv:1.9.2.10) Gecko/20100914 Firefox/3.6.10','2010-10-02 00:17:24'),(0,1,'114.58.119.236','checkups','report_patient_status','GET','http://poliklinik.baukpoltek.net/checkups','/index.php?url=checkups/report_patient_status','Mozilla/5.0 (Windows; U; Windows NT 6.1; id; rv:1.9.2.10) Gecko/20100914 Firefox/3.6.10','2010-10-02 00:17:02'),(0,1,'114.58.119.236','checkups','index','GET','http://poliklinik.baukpoltek.net/checkups/edit/6','/index.php?url=checkups','Mozilla/5.0 (Windows; U; Windows NT 6.1; id; rv:1.9.2.10) Gecko/20100914 Firefox/3.6.10','2010-10-02 00:16:54'),(0,1,'114.58.119.236','checkups','edit','GET','http://poliklinik.baukpoltek.net/checkups','/index.php?url=checkups/edit/6','Mozilla/5.0 (Windows; U; Windows NT 6.1; id; rv:1.9.2.10) Gecko/20100914 Firefox/3.6.10','2010-10-02 00:16:37'),(0,1,'114.58.119.236','checkups','index','GET','http://poliklinik.baukpoltek.net/medicines','/index.php?url=checkups','Mozilla/5.0 (Windows; U; Windows NT 6.1; id; rv:1.9.2.10) Gecko/20100914 Firefox/3.6.10','2010-10-02 00:16:33'),(0,1,'114.58.119.236','medicines','index','GET','http://poliklinik.baukpoltek.net/medicines/add','/index.php?url=medicines','Mozilla/5.0 (Windows; U; Windows NT 6.1; id; rv:1.9.2.10) Gecko/20100914 Firefox/3.6.10','2010-10-02 00:16:25'),(0,1,'114.58.119.236','medicines','add','GET','http://poliklinik.baukpoltek.net/medicines','/index.php?url=medicines/add','Mozilla/5.0 (Windows; U; Windows NT 6.1; id; rv:1.9.2.10) Gecko/20100914 Firefox/3.6.10','2010-10-02 00:16:15'),(0,1,'114.58.119.236','medicines','index','GET','http://poliklinik.baukpoltek.net/units','/index.php?url=medicines','Mozilla/5.0 (Windows; U; Windows NT 6.1; id; rv:1.9.2.10) Gecko/20100914 Firefox/3.6.10','2010-10-02 00:16:11'),(0,1,'114.58.119.236','units','index','GET','http://poliklinik.baukpoltek.net/medicines','/index.php?url=units','Mozilla/5.0 (Windows; U; Windows NT 6.1; id; rv:1.9.2.10) Gecko/20100914 Firefox/3.6.10','2010-10-02 00:16:05'),(0,1,'114.58.119.236','units','index','GET','http://poliklinik.baukpoltek.net/medicines','/index.php?url=units','Mozilla/5.0 (Windows; U; Windows NT 6.1; id; rv:1.9.2.10) Gecko/20100914 Firefox/3.6.10','2010-10-02 00:16:03'),(0,1,'114.58.119.236','medicines','index','GET','http://poliklinik.baukpoltek.net/medicines','/index.php?url=medicines/index/page:1&ajax=1','Mozilla/5.0 (Windows; U; Windows NT 6.1; id; rv:1.9.2.10) Gecko/20100914 Firefox/3.6.10','2010-10-02 00:15:45'),(0,1,'114.58.119.236','medicines','index','GET','http://poliklinik.baukpoltek.net/medicines','/index.php?url=medicines/index/page:2&ajax=1','Mozilla/5.0 (Windows; U; Windows NT 6.1; id; rv:1.9.2.10) Gecko/20100914 Firefox/3.6.10','2010-10-02 00:15:35'),(0,1,'114.58.119.236','medicines','index','GET','http://poliklinik.baukpoltek.net/units','/index.php?url=medicines','Mozilla/5.0 (Windows; U; Windows NT 6.1; id; rv:1.9.2.10) Gecko/20100914 Firefox/3.6.10','2010-10-02 00:15:14'),(0,1,'114.58.119.236','units','index','GET','http://poliklinik.baukpoltek.net/medicine_ins','/index.php?url=units','Mozilla/5.0 (Windows; U; Windows NT 6.1; id; rv:1.9.2.10) Gecko/20100914 Firefox/3.6.10','2010-10-02 00:15:08'),(0,1,'114.58.119.236','medicine_ins','index','GET','http://poliklinik.baukpoltek.net/medicine_ins/edit/2','/index.php?url=medicine_ins','Mozilla/5.0 (Windows; U; Windows NT 6.1; id; rv:1.9.2.10) Gecko/20100914 Firefox/3.6.10','2010-10-02 00:14:57'),(0,1,'114.58.119.236','medicine_ins','getSatuan','GET','http://poliklinik.baukpoltek.net/medicine_ins/edit/2','/index.php?url=medicine_ins/getSatuan/9','Mozilla/5.0 (Windows; U; Windows NT 6.1; id; rv:1.9.2.10) Gecko/20100914 Firefox/3.6.10','2010-10-02 00:14:51'),(0,1,'114.58.119.236','medicine_ins','edit','GET','http://poliklinik.baukpoltek.net/medicine_ins','/index.php?url=medicine_ins/edit/2','Mozilla/5.0 (Windows; U; Windows NT 6.1; id; rv:1.9.2.10) Gecko/20100914 Firefox/3.6.10','2010-10-02 00:14:48'),(0,1,'114.58.119.236','medicine_ins','index','GET','http://poliklinik.baukpoltek.net/','/index.php?url=medicine_ins','Mozilla/5.0 (Windows; U; Windows NT 6.1; id; rv:1.9.2.10) Gecko/20100914 Firefox/3.6.10','2010-10-02 00:14:42'),(0,1,'114.58.119.236','checkups','report_patients','GET','http://poliklinik.baukpoltek.net/','/index.php?url=checkups/report_patients','Mozilla/5.0 (Windows; U; Windows NT 6.1; id; rv:1.9.2.10) Gecko/20100914 Firefox/3.6.10','2010-10-02 00:12:03'),(0,1,'114.58.119.236','pages','display','GET','http://poliklinik.baukpoltek.net/users/login','/','Mozilla/5.0 (Windows; U; Windows NT 6.1; id; rv:1.9.2.10) Gecko/20100914 Firefox/3.6.10','2010-10-02 00:11:51'),(0,1,'202.153.225.69','medicines','index','GET','http://poliklinik.baukpoltek.net/medicines','/index.php?url=medicines/index/page:2&ajax=1','Mozilla/4.0 (compatible; MSIE 6.0; Windows NT 5.1; SV1)','2010-10-01 15:32:39'),(0,1,'202.153.225.69','pages','display','GET','http://poliklinik.baukpoltek.net/users/login','/','Mozilla/4.0 (compatible; MSIE 6.0; Windows NT 5.1; SV1)','2010-10-01 15:32:28'),(0,1,'202.153.225.69','medicines','index','GET','http://poliklinik.baukpoltek.net/','/index.php?url=medicines','Mozilla/4.0 (compatible; MSIE 6.0; Windows NT 5.1; SV1)','2010-10-01 15:32:33'),(0,1,'202.153.225.69','users','logout','GET','http://poliklinik.baukpoltek.net/medicines','/index.php?url=users/logout','Mozilla/4.0 (compatible; MSIE 6.0; Windows NT 5.1; SV1)','2010-10-01 15:31:53'),(0,1,'202.153.225.69','medicines','index','GET','http://poliklinik.baukpoltek.net/medicines','/index.php?url=medicines','Mozilla/4.0 (compatible; MSIE 6.0; Windows NT 5.1; SV1)','2010-10-01 15:31:49'),(0,1,'202.153.225.69','medicines','edit','GET','http://poliklinik.baukpoltek.net/medicines','/index.php?url=medicines/edit/33','Mozilla/4.0 (compatible; MSIE 6.0; Windows NT 5.1; SV1)','2010-10-01 15:31:48'),(0,1,'202.153.225.69','medicines','index','GET','http://poliklinik.baukpoltek.net/medicines','/index.php?url=medicines','Mozilla/4.0 (compatible; MSIE 6.0; Windows NT 5.1; SV1)','2010-10-01 15:31:22'),(0,1,'202.153.225.69','medicines','edit','GET','http://poliklinik.baukpoltek.net/medicines','/index.php?url=medicines/edit/33','Mozilla/4.0 (compatible; MSIE 6.0; Windows NT 5.1; SV1)','2010-10-01 15:31:21'),(0,1,'202.153.225.69','medicines','index','GET','http://poliklinik.baukpoltek.net/medicines/edit/33','/index.php?url=medicines','Mozilla/4.0 (compatible; MSIE 6.0; Windows NT 5.1; SV1)','2010-10-01 15:31:07'),(0,1,'202.153.225.69','medicines','delete','GET','http://poliklinik.baukpoltek.net/medicines/edit/33','/index.php?url=medicines/delete/33','Mozilla/4.0 (compatible; MSIE 6.0; Windows NT 5.1; SV1)','2010-10-01 15:31:07'),(0,1,'202.153.225.69','medicines','edit','GET','http://poliklinik.baukpoltek.net/medicines','/index.php?url=medicines/edit/33','Mozilla/4.0 (compatible; MSIE 6.0; Windows NT 5.1; SV1)','2010-10-01 15:31:02'),(0,1,'202.153.225.69','medicines','index','GET','http://poliklinik.baukpoltek.net/medicines','/index.php?url=medicines/index/page:2&ajax=1','Mozilla/4.0 (compatible; MSIE 6.0; Windows NT 5.1; SV1)','2010-10-01 15:30:51'),(0,1,'202.153.225.69','pages','display','GET','http://poliklinik.baukpoltek.net/users/login','/','Mozilla/4.0 (compatible; MSIE 6.0; Windows NT 5.1; SV1)','2010-10-01 15:30:36'),(0,1,'202.153.225.69','medicines','index','GET','http://poliklinik.baukpoltek.net/','/index.php?url=medicines','Mozilla/4.0 (compatible; MSIE 6.0; Windows NT 5.1; SV1)','2010-10-01 15:30:45'),(0,1,'202.153.225.69','users','logout','GET','http://poliklinik.baukpoltek.net/medicines','/index.php?url=users/logout','Mozilla/4.0 (compatible; MSIE 6.0; Windows NT 5.1; SV1)','2010-10-01 15:29:22'),(0,1,'202.153.225.69','medicines','index','GET','http://poliklinik.baukpoltek.net/medicines/add','/index.php?url=medicines','Mozilla/4.0 (compatible; MSIE 6.0; Windows NT 5.1; SV1)','2010-10-01 15:28:00'),(0,1,'202.153.225.69','medicines','add','POST','http://poliklinik.baukpoltek.net/medicines/add','/index.php?url=medicines/add','Mozilla/4.0 (compatible; MSIE 6.0; Windows NT 5.1; SV1)','2010-10-01 15:28:00'),(0,1,'202.153.225.69','medicines','add','POST','http://poliklinik.baukpoltek.net/medicines/add','/index.php?url=medicines/add','Mozilla/4.0 (compatible; MSIE 6.0; Windows NT 5.1; SV1)','2010-10-01 15:27:29'),(0,1,'202.153.225.69','medicines','add','POST','http://poliklinik.baukpoltek.net/medicines/add','/index.php?url=medicines/add','Mozilla/4.0 (compatible; MSIE 6.0; Windows NT 5.1; SV1)','2010-10-01 15:27:18'),(0,1,'202.153.225.69','medicines','add','GET','http://poliklinik.baukpoltek.net/medicines','/index.php?url=medicines/add','Mozilla/4.0 (compatible; MSIE 6.0; Windows NT 5.1; SV1)','2010-10-01 15:27:02'),(0,1,'202.153.225.69','medicines','index','GET','http://poliklinik.baukpoltek.net/medicines','/index.php?url=medicines','Mozilla/4.0 (compatible; MSIE 6.0; Windows NT 5.1; SV1)','2010-10-01 15:26:47'),(0,1,'202.153.225.69','medicines','edit','GET','http://poliklinik.baukpoltek.net/medicines','/index.php?url=medicines/edit/29','Mozilla/4.0 (compatible; MSIE 6.0; Windows NT 5.1; SV1)','2010-10-01 15:26:46'),(0,1,'202.153.225.69','medicines','index','GET','http://poliklinik.baukpoltek.net/medicines','/index.php?url=medicines','Mozilla/4.0 (compatible; MSIE 6.0; Windows NT 5.1; SV1)','2010-10-01 15:26:33'),(0,1,'202.153.225.69','diagnoses','index','GET','http://poliklinik.baukpoltek.net/medicines','/index.php?url=diagnoses','Mozilla/4.0 (compatible; MSIE 6.0; Windows NT 5.1; SV1)','2010-10-01 15:26:17'),(0,1,'202.153.225.69','medicines','index','GET','http://poliklinik.baukpoltek.net/medicines/edit/30','/index.php?url=medicines','Mozilla/4.0 (compatible; MSIE 6.0; Windows NT 5.1; SV1)','2010-10-01 15:23:46'),(0,1,'202.153.225.69','medicines','delete','GET','http://poliklinik.baukpoltek.net/medicines/edit/30','/index.php?url=medicines/delete/30','Mozilla/4.0 (compatible; MSIE 6.0; Windows NT 5.1; SV1)','2010-10-01 15:23:46'),(0,1,'202.153.225.69','medicines','edit','GET','http://poliklinik.baukpoltek.net/medicines','/index.php?url=medicines/edit/30','Mozilla/4.0 (compatible; MSIE 6.0; Windows NT 5.1; SV1)','2010-10-01 15:23:36'),(0,1,'202.153.225.69','medicines','index','GET','http://poliklinik.baukpoltek.net/medicines','/index.php?url=medicines','Mozilla/4.0 (compatible; MSIE 6.0; Windows NT 5.1; SV1)','2010-10-01 15:23:26'),(0,1,'202.153.225.69','medicines','edit','GET','http://poliklinik.baukpoltek.net/medicines','/index.php?url=medicines/edit/29','Mozilla/4.0 (compatible; MSIE 6.0; Windows NT 5.1; SV1)','2010-10-01 15:23:26'),(0,1,'202.153.225.69','medicines','index','GET','http://poliklinik.baukpoltek.net/medicines','/index.php?url=medicines','Mozilla/4.0 (compatible; MSIE 6.0; Windows NT 5.1; SV1)','2010-10-01 15:23:12'),(0,1,'202.153.225.69','medicines','edit','GET','http://poliklinik.baukpoltek.net/medicines','/index.php?url=medicines/edit/32','Mozilla/4.0 (compatible; MSIE 6.0; Windows NT 5.1; SV1)','2010-10-01 15:23:12'),(0,1,'202.153.225.69','medicines','index','GET','http://poliklinik.baukpoltek.net/medicines/edit/31','/index.php?url=medicines','Mozilla/4.0 (compatible; MSIE 6.0; Windows NT 5.1; SV1)','2010-10-01 15:23:00'),(0,1,'202.153.225.69','medicines','delete','GET','http://poliklinik.baukpoltek.net/medicines/edit/31','/index.php?url=medicines/delete/31','Mozilla/4.0 (compatible; MSIE 6.0; Windows NT 5.1; SV1)','2010-10-01 15:23:00'),(0,1,'202.153.225.69','medicines','edit','GET','http://poliklinik.baukpoltek.net/medicines','/index.php?url=medicines/edit/31','Mozilla/4.0 (compatible; MSIE 6.0; Windows NT 5.1; SV1)','2010-10-01 15:22:54'),(0,1,'202.153.225.69','medicines','index','GET','http://poliklinik.baukpoltek.net/medicines','/index.php?url=medicines','Mozilla/4.0 (compatible; MSIE 6.0; Windows NT 5.1; SV1)','2010-10-01 15:20:06'),(0,1,'202.153.225.69','medicines','edit','GET','http://poliklinik.baukpoltek.net/medicines','/index.php?url=medicines/edit/29','Mozilla/4.0 (compatible; MSIE 6.0; Windows NT 5.1; SV1)','2010-10-01 15:20:06'),(0,1,'202.153.225.69','medicines','index','GET','http://poliklinik.baukpoltek.net/users/login','/index.php?url=medicines','Mozilla/4.0 (compatible; MSIE 6.0; Windows NT 5.1; SV1)','2010-10-01 15:19:52'),(0,1,'202.153.225.69','users','logout','GET','http://poliklinik.baukpoltek.net/medicine_ins','/index.php?url=users/logout','Mozilla/4.0 (compatible; MSIE 6.0; Windows NT 5.1; SV1)','2010-10-01 15:19:22'),(0,1,'202.153.225.69','medicine_ins','index','GET','http://poliklinik.baukpoltek.net/medicines','/index.php?url=medicine_ins','Mozilla/4.0 (compatible; MSIE 6.0; Windows NT 5.1; SV1)','2010-10-01 15:18:53'),(0,1,'202.153.225.69','medicines','index','GET','http://poliklinik.baukpoltek.net/medicines','/index.php?url=medicines','Mozilla/4.0 (compatible; MSIE 6.0; Windows NT 5.1; SV1)','2010-10-01 15:18:47'),(0,1,'202.153.225.69','medicines','edit','GET','http://poliklinik.baukpoltek.net/medicines','/index.php?url=medicines/edit/29','Mozilla/4.0 (compatible; MSIE 6.0; Windows NT 5.1; SV1)','2010-10-01 15:18:46'),(0,1,'202.153.225.69','medicines','index','GET','http://poliklinik.baukpoltek.net/medicines','/index.php?url=medicines','Mozilla/4.0 (compatible; MSIE 6.0; Windows NT 5.1; SV1)','2010-10-01 15:18:37'),(0,1,'202.153.225.69','medicines','edit','GET','http://poliklinik.baukpoltek.net/medicines','/index.php?url=medicines/edit/29','Mozilla/4.0 (compatible; MSIE 6.0; Windows NT 5.1; SV1)','2010-10-01 15:18:36'),(0,1,'202.153.225.69','medicines','index','GET','http://poliklinik.baukpoltek.net/medicines','/index.php?url=medicines','Mozilla/4.0 (compatible; MSIE 6.0; Windows NT 5.1; SV1)','2010-10-01 15:17:35'),(0,1,'202.153.225.69','medicines','edit','GET','http://poliklinik.baukpoltek.net/medicines','/index.php?url=medicines/edit/29','Mozilla/4.0 (compatible; MSIE 6.0; Windows NT 5.1; SV1)','2010-10-01 15:17:34'),(0,1,'202.153.225.69','medicines','index','GET','http://poliklinik.baukpoltek.net/medicines/edit/12','/index.php?url=medicines','Mozilla/4.0 (compatible; MSIE 6.0; Windows NT 5.1; SV1)','2010-10-01 15:17:23'),(0,1,'202.153.225.69','medicines','edit','GET','http://poliklinik.baukpoltek.net/medicines','/index.php?url=medicines/edit/12','Mozilla/4.0 (compatible; MSIE 6.0; Windows NT 5.1; SV1)','2010-10-01 15:17:20'),(0,1,'202.153.225.69','medicines','index','GET','http://poliklinik.baukpoltek.net/medicines/edit/28','/index.php?url=medicines','Mozilla/4.0 (compatible; MSIE 6.0; Windows NT 5.1; SV1)','2010-10-01 15:16:48'),(0,1,'202.153.225.69','medicines','edit','GET','http://poliklinik.baukpoltek.net/medicines','/index.php?url=medicines/edit/28','Mozilla/4.0 (compatible; MSIE 6.0; Windows NT 5.1; SV1)','2010-10-01 15:16:43'),(0,1,'202.153.225.69','medicines','index','GET','http://poliklinik.baukpoltek.net/medicines','/index.php?url=medicines','Mozilla/4.0 (compatible; MSIE 6.0; Windows NT 5.1; SV1)','2010-10-01 15:16:20'),(0,1,'202.153.225.69','medicines','edit','GET','http://poliklinik.baukpoltek.net/medicines','/index.php?url=medicines/edit/29','Mozilla/4.0 (compatible; MSIE 6.0; Windows NT 5.1; SV1)','2010-10-01 15:16:20'),(0,1,'202.153.225.69','medicines','index','GET','http://poliklinik.baukpoltek.net/medicines','/index.php?url=medicines','Mozilla/4.0 (compatible; MSIE 6.0; Windows NT 5.1; SV1)','2010-10-01 15:16:04'),(0,1,'202.153.225.69','medicines','edit','GET','http://poliklinik.baukpoltek.net/medicines','/index.php?url=medicines/edit/29','Mozilla/4.0 (compatible; MSIE 6.0; Windows NT 5.1; SV1)','2010-10-01 15:16:04'),(0,1,'202.153.225.69','medicines','index','GET','http://poliklinik.baukpoltek.net/medicines','/index.php?url=medicines','Mozilla/4.0 (compatible; MSIE 6.0; Windows NT 5.1; SV1)','2010-10-01 15:15:48'),(0,1,'202.153.225.69','medicines','edit','GET','http://poliklinik.baukpoltek.net/medicines','/index.php?url=medicines/edit/32','Mozilla/4.0 (compatible; MSIE 6.0; Windows NT 5.1; SV1)','2010-10-01 15:15:47'),(0,1,'202.153.225.69','medicines','index','GET','http://poliklinik.baukpoltek.net/medicines/edit/32','/index.php?url=medicines','Mozilla/4.0 (compatible; MSIE 6.0; Windows NT 5.1; SV1)','2010-10-01 15:15:37'),(0,1,'202.153.225.69','medicines','delete','GET','http://poliklinik.baukpoltek.net/medicines/edit/32','/index.php?url=medicines/delete/32','Mozilla/4.0 (compatible; MSIE 6.0; Windows NT 5.1; SV1)','2010-10-01 15:15:37'),(0,1,'202.153.225.69','medicines','edit','GET','http://poliklinik.baukpoltek.net/medicines','/index.php?url=medicines/edit/32','Mozilla/4.0 (compatible; MSIE 6.0; Windows NT 5.1; SV1)','2010-10-01 15:15:33'),(0,1,'202.153.225.69','medicines','index','GET','http://poliklinik.baukpoltek.net/medicines','/index.php?url=medicines','Mozilla/4.0 (compatible; MSIE 6.0; Windows NT 5.1; SV1)','2010-10-01 15:15:15'),(0,1,'202.153.225.69','medicines','edit','GET','http://poliklinik.baukpoltek.net/medicines','/index.php?url=medicines/edit/29','Mozilla/4.0 (compatible; MSIE 6.0; Windows NT 5.1; SV1)','2010-10-01 15:15:15'),(0,1,'202.153.225.69','medicines','index','GET','http://poliklinik.baukpoltek.net/medicines','/index.php?url=medicines','Mozilla/4.0 (compatible; MSIE 6.0; Windows NT 5.1; SV1)','2010-10-01 15:15:00'),(0,1,'202.153.225.69','medicines','edit','GET','http://poliklinik.baukpoltek.net/medicines','/index.php?url=medicines/edit/29','Mozilla/4.0 (compatible; MSIE 6.0; Windows NT 5.1; SV1)','2010-10-01 15:15:00'),(0,1,'202.153.225.69','medicines','index','GET','http://poliklinik.baukpoltek.net/medicines/edit/29','/index.php?url=medicines','Mozilla/4.0 (compatible; MSIE 6.0; Windows NT 5.1; SV1)','2010-10-01 15:14:49'),(0,1,'202.153.225.69','medicines','delete','GET','http://poliklinik.baukpoltek.net/medicines/edit/29','/index.php?url=medicines/delete/29','Mozilla/4.0 (compatible; MSIE 6.0; Windows NT 5.1; SV1)','2010-10-01 15:14:48'),(0,1,'202.153.225.69','medicines','edit','GET','http://poliklinik.baukpoltek.net/medicines','/index.php?url=medicines/edit/29','Mozilla/4.0 (compatible; MSIE 6.0; Windows NT 5.1; SV1)','2010-10-01 15:14:44'),(0,1,'202.153.225.69','medicines','index','GET','http://poliklinik.baukpoltek.net/medicines/edit/13','/index.php?url=medicines','Mozilla/4.0 (compatible; MSIE 6.0; Windows NT 5.1; SV1)','2010-10-01 15:14:27'),(0,1,'202.153.225.69','medicines','edit','PUT','http://poliklinik.baukpoltek.net/medicines/edit/13','/index.php?url=medicines/edit/13','Mozilla/4.0 (compatible; MSIE 6.0; Windows NT 5.1; SV1)','2010-10-01 15:14:26'),(0,1,'202.153.225.69','medicines','edit','GET','http://poliklinik.baukpoltek.net/medicines','/index.php?url=medicines/edit/13','Mozilla/4.0 (compatible; MSIE 6.0; Windows NT 5.1; SV1)','2010-10-01 15:14:23'),(0,1,'202.153.225.69','medicines','index','GET','http://poliklinik.baukpoltek.net/medicines/edit/29','/index.php?url=medicines','Mozilla/4.0 (compatible; MSIE 6.0; Windows NT 5.1; SV1)','2010-10-01 15:13:40'),(0,1,'202.153.225.69','medicines','edit','PUT','http://poliklinik.baukpoltek.net/medicines/edit/29','/index.php?url=medicines/edit/29','Mozilla/4.0 (compatible; MSIE 6.0; Windows NT 5.1; SV1)','2010-10-01 15:13:39'),(0,1,'202.153.225.69','medicines','edit','GET','http://poliklinik.baukpoltek.net/medicines','/index.php?url=medicines/edit/29','Mozilla/4.0 (compatible; MSIE 6.0; Windows NT 5.1; SV1)','2010-10-01 15:13:16'),(0,1,'202.153.225.69','medicines','index','GET','http://poliklinik.baukpoltek.net/medicines/edit/13','/index.php?url=medicines','Mozilla/4.0 (compatible; MSIE 6.0; Windows NT 5.1; SV1)','2010-10-01 15:12:30'),(0,1,'202.153.225.69','medicines','edit','PUT','http://poliklinik.baukpoltek.net/medicines/edit/13','/index.php?url=medicines/edit/13','Mozilla/4.0 (compatible; MSIE 6.0; Windows NT 5.1; SV1)','2010-10-01 15:12:29'),(0,1,'202.153.225.69','medicines','edit','GET','http://poliklinik.baukpoltek.net/medicines','/index.php?url=medicines/edit/13','Mozilla/4.0 (compatible; MSIE 6.0; Windows NT 5.1; SV1)','2010-10-01 15:12:22'),(0,1,'202.153.225.69','medicines','index','GET','http://poliklinik.baukpoltek.net/medicines/edit/32','/index.php?url=medicines','Mozilla/4.0 (compatible; MSIE 6.0; Windows NT 5.1; SV1)','2010-10-01 15:09:40'),(0,1,'202.153.225.69','medicines','edit','PUT','http://poliklinik.baukpoltek.net/medicines/edit/32','/index.php?url=medicines/edit/32','Mozilla/4.0 (compatible; MSIE 6.0; Windows NT 5.1; SV1)','2010-10-01 15:09:40'),(0,1,'202.153.225.69','medicines','edit','GET','http://poliklinik.baukpoltek.net/medicines','/index.php?url=medicines/edit/32','Mozilla/4.0 (compatible; MSIE 6.0; Windows NT 5.1; SV1)','2010-10-01 15:08:58'),(0,1,'202.153.225.69','medicines','index','GET','http://poliklinik.baukpoltek.net/medicines/edit/28','/index.php?url=medicines','Mozilla/4.0 (compatible; MSIE 6.0; Windows NT 5.1; SV1)','2010-10-01 15:08:47'),(0,1,'202.153.225.69','medicines','edit','PUT','http://poliklinik.baukpoltek.net/medicines/edit/28','/index.php?url=medicines/edit/28','Mozilla/4.0 (compatible; MSIE 6.0; Windows NT 5.1; SV1)','2010-10-01 15:08:46'),(0,1,'202.153.225.69','medicines','edit','GET','http://poliklinik.baukpoltek.net/medicines','/index.php?url=medicines/edit/28','Mozilla/4.0 (compatible; MSIE 6.0; Windows NT 5.1; SV1)','2010-10-01 15:08:29'),(0,1,'202.153.225.69','medicines','index','GET','http://poliklinik.baukpoltek.net/medicines/edit/27','/index.php?url=medicines','Mozilla/4.0 (compatible; MSIE 6.0; Windows NT 5.1; SV1)','2010-10-01 15:08:19'),(0,1,'202.153.225.69','medicines','edit','PUT','http://poliklinik.baukpoltek.net/medicines/edit/27','/index.php?url=medicines/edit/27','Mozilla/4.0 (compatible; MSIE 6.0; Windows NT 5.1; SV1)','2010-10-01 15:08:19'),(0,1,'202.153.225.69','medicines','edit','GET','http://poliklinik.baukpoltek.net/medicines','/index.php?url=medicines/edit/27','Mozilla/4.0 (compatible; MSIE 6.0; Windows NT 5.1; SV1)','2010-10-01 15:07:53'),(0,1,'202.153.225.69','medicines','index','GET','http://poliklinik.baukpoltek.net/medicines/edit/26','/index.php?url=medicines','Mozilla/4.0 (compatible; MSIE 6.0; Windows NT 5.1; SV1)','2010-10-01 15:07:44'),(0,1,'202.153.225.69','medicines','edit','PUT','http://poliklinik.baukpoltek.net/medicines/edit/26','/index.php?url=medicines/edit/26','Mozilla/4.0 (compatible; MSIE 6.0; Windows NT 5.1; SV1)','2010-10-01 15:07:44'),(0,1,'202.153.225.69','medicines','edit','GET','http://poliklinik.baukpoltek.net/medicines','/index.php?url=medicines/edit/26','Mozilla/4.0 (compatible; MSIE 6.0; Windows NT 5.1; SV1)','2010-10-01 15:07:22'),(0,1,'202.153.225.69','medicines','index','GET','http://poliklinik.baukpoltek.net/medicines/edit/25','/index.php?url=medicines','Mozilla/4.0 (compatible; MSIE 6.0; Windows NT 5.1; SV1)','2010-10-01 15:07:13'),(0,1,'202.153.225.69','medicines','edit','PUT','http://poliklinik.baukpoltek.net/medicines/edit/25','/index.php?url=medicines/edit/25','Mozilla/4.0 (compatible; MSIE 6.0; Windows NT 5.1; SV1)','2010-10-01 15:07:13'),(0,1,'202.153.225.69','medicines','edit','GET','http://poliklinik.baukpoltek.net/medicines','/index.php?url=medicines/edit/25','Mozilla/4.0 (compatible; MSIE 6.0; Windows NT 5.1; SV1)','2010-10-01 15:06:53'),(0,1,'202.153.225.69','medicines','index','GET','http://poliklinik.baukpoltek.net/medicines/edit/24','/index.php?url=medicines','Mozilla/4.0 (compatible; MSIE 6.0; Windows NT 5.1; SV1)','2010-10-01 15:06:41'),(0,1,'202.153.225.69','medicines','edit','PUT','http://poliklinik.baukpoltek.net/medicines/edit/24','/index.php?url=medicines/edit/24','Mozilla/4.0 (compatible; MSIE 6.0; Windows NT 5.1; SV1)','2010-10-01 15:06:41'),(0,1,'202.153.225.69','medicines','edit','GET','http://poliklinik.baukpoltek.net/medicines','/index.php?url=medicines/edit/24','Mozilla/4.0 (compatible; MSIE 6.0; Windows NT 5.1; SV1)','2010-10-01 15:06:18'),(0,1,'202.153.225.69','medicines','index','GET','http://poliklinik.baukpoltek.net/medicines/edit/23','/index.php?url=medicines','Mozilla/4.0 (compatible; MSIE 6.0; Windows NT 5.1; SV1)','2010-10-01 15:06:12'),(0,1,'202.153.225.69','medicines','edit','PUT','http://poliklinik.baukpoltek.net/medicines/edit/23','/index.php?url=medicines/edit/23','Mozilla/4.0 (compatible; MSIE 6.0; Windows NT 5.1; SV1)','2010-10-01 15:06:11'),(0,1,'202.153.225.69','medicines','edit','GET','http://poliklinik.baukpoltek.net/medicines','/index.php?url=medicines/edit/23','Mozilla/4.0 (compatible; MSIE 6.0; Windows NT 5.1; SV1)','2010-10-01 15:05:22'),(0,1,'202.153.225.69','medicines','index','GET','http://poliklinik.baukpoltek.net/medicines/edit/22','/index.php?url=medicines','Mozilla/4.0 (compatible; MSIE 6.0; Windows NT 5.1; SV1)','2010-10-01 15:05:15'),(0,1,'202.153.225.69','medicines','edit','PUT','http://poliklinik.baukpoltek.net/medicines/edit/22','/index.php?url=medicines/edit/22','Mozilla/4.0 (compatible; MSIE 6.0; Windows NT 5.1; SV1)','2010-10-01 15:05:14'),(0,1,'202.153.225.69','medicines','edit','GET','http://poliklinik.baukpoltek.net/medicines','/index.php?url=medicines/edit/22','Mozilla/4.0 (compatible; MSIE 6.0; Windows NT 5.1; SV1)','2010-10-01 15:04:42'),(0,1,'202.153.225.69','medicines','index','GET','http://poliklinik.baukpoltek.net/units','/index.php?url=medicines','Mozilla/4.0 (compatible; MSIE 6.0; Windows NT 5.1; SV1)','2010-10-01 15:04:26'),(0,1,'202.153.225.69','units','index','GET','http://poliklinik.baukpoltek.net/medicines/edit/22','/index.php?url=units','Mozilla/4.0 (compatible; MSIE 6.0; Windows NT 5.1; SV1)','2010-10-01 15:04:15'),(0,1,'202.153.225.69','medicines','edit','GET','http://poliklinik.baukpoltek.net/medicines','/index.php?url=medicines/edit/22','Mozilla/4.0 (compatible; MSIE 6.0; Windows NT 5.1; SV1)','2010-10-01 15:03:33'),(0,1,'202.153.225.69','medicines','index','GET','http://poliklinik.baukpoltek.net/medicines/edit/21','/index.php?url=medicines','Mozilla/4.0 (compatible; MSIE 6.0; Windows NT 5.1; SV1)','2010-10-01 15:03:25'),(0,1,'202.153.225.69','medicines','edit','GET','http://poliklinik.baukpoltek.net/medicines','/index.php?url=medicines/edit/21','Mozilla/4.0 (compatible; MSIE 6.0; Windows NT 5.1; SV1)','2010-10-01 15:03:02'),(0,1,'202.153.225.69','medicines','edit','PUT','http://poliklinik.baukpoltek.net/medicines/edit/21','/index.php?url=medicines/edit/21','Mozilla/4.0 (compatible; MSIE 6.0; Windows NT 5.1; SV1)','2010-10-01 15:03:25'),(0,1,'202.153.225.69','medicines','index','GET','http://poliklinik.baukpoltek.net/medicines/edit/20','/index.php?url=medicines','Mozilla/4.0 (compatible; MSIE 6.0; Windows NT 5.1; SV1)','2010-10-01 15:02:58'),(0,1,'202.153.225.69','medicines','edit','PUT','http://poliklinik.baukpoltek.net/medicines/edit/20','/index.php?url=medicines/edit/20','Mozilla/4.0 (compatible; MSIE 6.0; Windows NT 5.1; SV1)','2010-10-01 15:02:58'),(0,1,'202.153.225.69','medicines','edit','GET','http://poliklinik.baukpoltek.net/medicines','/index.php?url=medicines/edit/20','Mozilla/4.0 (compatible; MSIE 6.0; Windows NT 5.1; SV1)','2010-10-01 15:02:42'),(0,1,'202.153.225.69','medicines','index','GET','http://poliklinik.baukpoltek.net/medicines/edit/19','/index.php?url=medicines','Mozilla/4.0 (compatible; MSIE 6.0; Windows NT 5.1; SV1)','2010-10-01 15:02:35'),(0,1,'202.153.225.69','medicines','edit','PUT','http://poliklinik.baukpoltek.net/medicines/edit/19','/index.php?url=medicines/edit/19','Mozilla/4.0 (compatible; MSIE 6.0; Windows NT 5.1; SV1)','2010-10-01 15:02:34'),(0,1,'202.153.225.69','medicines','edit','GET','http://poliklinik.baukpoltek.net/medicines','/index.php?url=medicines/edit/19','Mozilla/4.0 (compatible; MSIE 6.0; Windows NT 5.1; SV1)','2010-10-01 15:02:17'),(0,1,'202.153.225.69','medicines','index','GET','http://poliklinik.baukpoltek.net/medicines/edit/18','/index.php?url=medicines','Mozilla/4.0 (compatible; MSIE 6.0; Windows NT 5.1; SV1)','2010-10-01 15:01:56'),(0,1,'202.153.225.69','medicines','edit','PUT','http://poliklinik.baukpoltek.net/medicines/edit/18','/index.php?url=medicines/edit/18','Mozilla/4.0 (compatible; MSIE 6.0; Windows NT 5.1; SV1)','2010-10-01 15:01:55'),(0,1,'202.153.225.69','medicines','edit','GET','http://poliklinik.baukpoltek.net/medicines','/index.php?url=medicines/edit/18','Mozilla/4.0 (compatible; MSIE 6.0; Windows NT 5.1; SV1)','2010-10-01 15:01:36'),(0,1,'202.153.225.69','medicines','index','GET','http://poliklinik.baukpoltek.net/medicines/edit/17','/index.php?url=medicines','Mozilla/4.0 (compatible; MSIE 6.0; Windows NT 5.1; SV1)','2010-10-01 15:01:32'),(0,1,'202.153.225.69','medicines','edit','PUT','http://poliklinik.baukpoltek.net/medicines/edit/17','/index.php?url=medicines/edit/17','Mozilla/4.0 (compatible; MSIE 6.0; Windows NT 5.1; SV1)','2010-10-01 15:01:32'),(0,1,'202.153.225.69','medicines','edit','GET','http://poliklinik.baukpoltek.net/medicines','/index.php?url=medicines/edit/17','Mozilla/4.0 (compatible; MSIE 6.0; Windows NT 5.1; SV1)','2010-10-01 15:01:08'),(0,1,'202.153.225.69','medicines','index','GET','http://poliklinik.baukpoltek.net/medicines/edit/16','/index.php?url=medicines','Mozilla/4.0 (compatible; MSIE 6.0; Windows NT 5.1; SV1)','2010-10-01 15:01:01'),(0,1,'202.153.225.69','medicines','edit','GET','http://poliklinik.baukpoltek.net/medicines','/index.php?url=medicines/edit/16','Mozilla/4.0 (compatible; MSIE 6.0; Windows NT 5.1; SV1)','2010-10-01 15:00:31'),(0,1,'202.153.225.69','medicines','edit','PUT','http://poliklinik.baukpoltek.net/medicines/edit/16','/index.php?url=medicines/edit/16','Mozilla/4.0 (compatible; MSIE 6.0; Windows NT 5.1; SV1)','2010-10-01 15:01:01'),(0,1,'202.153.225.69','medicines','index','GET','http://poliklinik.baukpoltek.net/medicines/edit/15','/index.php?url=medicines','Mozilla/4.0 (compatible; MSIE 6.0; Windows NT 5.1; SV1)','2010-10-01 15:00:24'),(0,1,'202.153.225.69','medicines','edit','PUT','http://poliklinik.baukpoltek.net/medicines/edit/15','/index.php?url=medicines/edit/15','Mozilla/4.0 (compatible; MSIE 6.0; Windows NT 5.1; SV1)','2010-10-01 15:00:24'),(0,1,'202.153.225.69','medicines','edit','GET','http://poliklinik.baukpoltek.net/medicines','/index.php?url=medicines/edit/15','Mozilla/4.0 (compatible; MSIE 6.0; Windows NT 5.1; SV1)','2010-10-01 15:00:03'),(0,1,'202.153.225.69','medicines','index','GET','http://poliklinik.baukpoltek.net/medicines/edit/14','/index.php?url=medicines','Mozilla/4.0 (compatible; MSIE 6.0; Windows NT 5.1; SV1)','2010-10-01 14:59:59'),(0,1,'202.153.225.69','medicines','edit','PUT','http://poliklinik.baukpoltek.net/medicines/edit/14','/index.php?url=medicines/edit/14','Mozilla/4.0 (compatible; MSIE 6.0; Windows NT 5.1; SV1)','2010-10-01 14:59:59'),(0,1,'202.153.225.69','medicines','edit','GET','http://poliklinik.baukpoltek.net/medicines','/index.php?url=medicines/edit/14','Mozilla/4.0 (compatible; MSIE 6.0; Windows NT 5.1; SV1)','2010-10-01 14:59:41'),(0,1,'202.153.225.69','medicines','index','GET','http://poliklinik.baukpoltek.net/medicines/edit/9','/index.php?url=medicines','Mozilla/4.0 (compatible; MSIE 6.0; Windows NT 5.1; SV1)','2010-10-01 14:59:23'),(0,1,'202.153.225.69','medicines','edit','PUT','http://poliklinik.baukpoltek.net/medicines/edit/9','/index.php?url=medicines/edit/9','Mozilla/4.0 (compatible; MSIE 6.0; Windows NT 5.1; SV1)','2010-10-01 14:59:23'),(0,1,'202.153.225.69','medicines','edit','GET','http://poliklinik.baukpoltek.net/medicines','/index.php?url=medicines/edit/9','Mozilla/4.0 (compatible; MSIE 6.0; Windows NT 5.1; SV1)','2010-10-01 14:59:03'),(0,1,'202.153.225.69','medicines','index','GET','http://poliklinik.baukpoltek.net/medicines/edit/10','/index.php?url=medicines','Mozilla/4.0 (compatible; MSIE 6.0; Windows NT 5.1; SV1)','2010-10-01 14:58:45'),(0,1,'202.153.225.69','medicines','edit','PUT','http://poliklinik.baukpoltek.net/medicines/edit/10','/index.php?url=medicines/edit/10','Mozilla/4.0 (compatible; MSIE 6.0; Windows NT 5.1; SV1)','2010-10-01 14:58:45'),(0,1,'202.153.225.69','medicines','edit','GET','http://poliklinik.baukpoltek.net/medicines','/index.php?url=medicines/edit/10','Mozilla/4.0 (compatible; MSIE 6.0; Windows NT 5.1; SV1)','2010-10-01 14:58:22'),(0,1,'202.153.225.69','medicines','index','GET','http://poliklinik.baukpoltek.net/medicines/edit/11','/index.php?url=medicines','Mozilla/4.0 (compatible; MSIE 6.0; Windows NT 5.1; SV1)','2010-10-01 14:58:19'),(0,1,'202.153.225.69','medicines','edit','PUT','http://poliklinik.baukpoltek.net/medicines/edit/11','/index.php?url=medicines/edit/11','Mozilla/4.0 (compatible; MSIE 6.0; Windows NT 5.1; SV1)','2010-10-01 14:58:19'),(0,1,'202.153.225.69','medicines','edit','GET','http://poliklinik.baukpoltek.net/medicines','/index.php?url=medicines/edit/11','Mozilla/4.0 (compatible; MSIE 6.0; Windows NT 5.1; SV1)','2010-10-01 14:57:59'),(0,1,'202.153.225.69','medicines','index','GET','http://poliklinik.baukpoltek.net/medicines/edit/12','/index.php?url=medicines','Mozilla/4.0 (compatible; MSIE 6.0; Windows NT 5.1; SV1)','2010-10-01 14:57:48'),(0,1,'202.153.225.69','medicines','edit','PUT','http://poliklinik.baukpoltek.net/medicines/edit/12','/index.php?url=medicines/edit/12','Mozilla/4.0 (compatible; MSIE 6.0; Windows NT 5.1; SV1)','2010-10-01 14:57:47'),(0,1,'202.153.225.69','medicines','edit','GET','http://poliklinik.baukpoltek.net/medicines','/index.php?url=medicines/edit/12','Mozilla/4.0 (compatible; MSIE 6.0; Windows NT 5.1; SV1)','2010-10-01 14:57:29'),(0,1,'202.153.225.69','medicines','index','GET','http://poliklinik.baukpoltek.net/medicines/edit/13','/index.php?url=medicines','Mozilla/4.0 (compatible; MSIE 6.0; Windows NT 5.1; SV1)','2010-10-01 14:57:20'),(0,1,'202.153.225.69','medicines','edit','PUT','http://poliklinik.baukpoltek.net/medicines/edit/13','/index.php?url=medicines/edit/13','Mozilla/4.0 (compatible; MSIE 6.0; Windows NT 5.1; SV1)','2010-10-01 14:57:20'),(0,1,'202.153.225.69','medicines','edit','GET','http://poliklinik.baukpoltek.net/medicines','/index.php?url=medicines/edit/13','Mozilla/4.0 (compatible; MSIE 6.0; Windows NT 5.1; SV1)','2010-10-01 14:56:33'),(0,1,'202.153.225.69','medicines','index','GET','http://poliklinik.baukpoltek.net/medicines/add','/index.php?url=medicines','Mozilla/4.0 (compatible; MSIE 6.0; Windows NT 5.1; SV1)','2010-10-01 14:51:22'),(0,1,'125.161.136.164','checkups','report_patient_status','POST','http://poliklinik.baukpoltek.net/checkups/report_patient_status','/index.php?url=checkups/report_patient_status','Mozilla/5.0 (Windows; U; Windows NT 5.1; en-US; rv:1.9.1.13) Gecko/20100914 Firefox/3.5.13','2010-10-01 14:47:34'),(0,1,'125.161.136.164','checkups','report_patient_status','GET','http://poliklinik.baukpoltek.net/checkups/add','/index.php?url=checkups/report_patient_status','Mozilla/5.0 (Windows; U; Windows NT 5.1; en-US; rv:1.9.1.13) Gecko/20100914 Firefox/3.5.13','2010-10-01 14:47:30'),(0,1,'125.161.136.164','checkups','patient_detail','GET','http://poliklinik.baukpoltek.net/checkups/add','/index.php?url=checkups/patient_detail/5','Mozilla/5.0 (Windows; U; Windows NT 5.1; en-US; rv:1.9.1.13) Gecko/20100914 Firefox/3.5.13','2010-10-01 14:46:37'),(0,1,'125.161.136.164','checkups','add','GET','http://poliklinik.baukpoltek.net/checkups','/index.php?url=checkups/add','Mozilla/5.0 (Windows; U; Windows NT 5.1; en-US; rv:1.9.1.13) Gecko/20100914 Firefox/3.5.13','2010-10-01 14:44:26'),(0,1,'125.161.136.164','checkups','index','GET','http://poliklinik.baukpoltek.net/','/index.php?url=checkups','Mozilla/5.0 (Windows; U; Windows NT 5.1; en-US; rv:1.9.1.13) Gecko/20100914 Firefox/3.5.13','2010-10-01 14:44:22'),(0,1,'125.161.136.164','pages','display','GET','http://poliklinik.baukpoltek.net/users/login','/','Mozilla/5.0 (Windows; U; Windows NT 5.1; en-US; rv:1.9.1.13) Gecko/20100914 Firefox/3.5.13','2010-10-01 14:44:16'),(0,1,'202.153.225.69','medicines','add','GET','http://poliklinik.baukpoltek.net/medicines','/index.php?url=medicines/add','Mozilla/4.0 (compatible; MSIE 6.0; Windows NT 5.1; SV1)','2010-10-01 14:41:04'),(0,1,'202.153.225.69','medicines','index','GET','http://poliklinik.baukpoltek.net/medicines/add','/index.php?url=medicines','Mozilla/4.0 (compatible; MSIE 6.0; Windows NT 5.1; SV1)','2010-10-01 14:40:53'),(0,1,'202.153.225.69','medicines','add','POST','http://poliklinik.baukpoltek.net/medicines/add','/index.php?url=medicines/add','Mozilla/4.0 (compatible; MSIE 6.0; Windows NT 5.1; SV1)','2010-10-01 14:40:53'),(0,1,'202.153.225.69','medicines','add','GET','http://poliklinik.baukpoltek.net/medicines','/index.php?url=medicines/add','Mozilla/4.0 (compatible; MSIE 6.0; Windows NT 5.1; SV1)','2010-10-01 14:40:19'),(0,1,'202.153.225.69','medicines','index','GET','http://poliklinik.baukpoltek.net/medicines','/index.php?url=medicines/index/page:1&ajax=1','Mozilla/4.0 (compatible; MSIE 6.0; Windows NT 5.1; SV1)','2010-10-01 14:39:45'),(0,1,'202.153.225.69','medicines','index','GET','http://poliklinik.baukpoltek.net/medicines','/index.php?url=medicines/index/page:2&ajax=1','Mozilla/4.0 (compatible; MSIE 6.0; Windows NT 5.1; SV1)','2010-10-01 14:39:35'),(0,1,'202.153.225.69','medicines','index','GET','http://poliklinik.baukpoltek.net/medicines/add','/index.php?url=medicines','Mozilla/4.0 (compatible; MSIE 6.0; Windows NT 5.1; SV1)','2010-10-01 14:31:40'),(0,1,'202.153.225.69','medicines','add','GET','http://poliklinik.baukpoltek.net/medicines','/index.php?url=medicines/add','Mozilla/4.0 (compatible; MSIE 6.0; Windows NT 5.1; SV1)','2010-10-01 14:30:42'),(0,1,'202.153.225.69','medicines','add','POST','http://poliklinik.baukpoltek.net/medicines/add','/index.php?url=medicines/add','Mozilla/4.0 (compatible; MSIE 6.0; Windows NT 5.1; SV1)','2010-10-01 14:31:40'),(0,1,'202.153.225.69','medicines','index','GET','http://poliklinik.baukpoltek.net/medicines/add','/index.php?url=medicines','Mozilla/4.0 (compatible; MSIE 6.0; Windows NT 5.1; SV1)','2010-10-01 14:30:34'),(0,1,'202.153.225.69','medicines','add','POST','http://poliklinik.baukpoltek.net/medicines/add','/index.php?url=medicines/add','Mozilla/4.0 (compatible; MSIE 6.0; Windows NT 5.1; SV1)','2010-10-01 14:30:34'),(0,1,'202.153.225.69','medicines','add','GET','http://poliklinik.baukpoltek.net/medicines','/index.php?url=medicines/add','Mozilla/4.0 (compatible; MSIE 6.0; Windows NT 5.1; SV1)','2010-10-01 14:30:02'),(0,1,'202.153.225.69','medicines','index','GET','http://poliklinik.baukpoltek.net/medicines/add','/index.php?url=medicines','Mozilla/4.0 (compatible; MSIE 6.0; Windows NT 5.1; SV1)','2010-10-01 14:29:52'),(0,1,'202.153.225.69','medicines','add','POST','http://poliklinik.baukpoltek.net/medicines/add','/index.php?url=medicines/add','Mozilla/4.0 (compatible; MSIE 6.0; Windows NT 5.1; SV1)','2010-10-01 14:29:51'),(0,1,'202.153.225.69','medicines','add','GET','http://poliklinik.baukpoltek.net/medicines','/index.php?url=medicines/add','Mozilla/4.0 (compatible; MSIE 6.0; Windows NT 5.1; SV1)','2010-10-01 14:29:08'),(0,1,'202.153.225.69','medicines','index','GET','http://poliklinik.baukpoltek.net/medicines/add','/index.php?url=medicines','Mozilla/4.0 (compatible; MSIE 6.0; Windows NT 5.1; SV1)','2010-10-01 14:28:54'),(0,1,'202.153.225.69','medicines','add','POST','http://poliklinik.baukpoltek.net/medicines/add','/index.php?url=medicines/add','Mozilla/4.0 (compatible; MSIE 6.0; Windows NT 5.1; SV1)','2010-10-01 14:28:54'),(0,1,'202.153.225.69','medicines','add','GET','http://poliklinik.baukpoltek.net/medicines','/index.php?url=medicines/add','Mozilla/4.0 (compatible; MSIE 6.0; Windows NT 5.1; SV1)','2010-10-01 14:28:06'),(0,1,'202.153.225.69','medicines','index','GET','http://poliklinik.baukpoltek.net/medicines/add','/index.php?url=medicines','Mozilla/4.0 (compatible; MSIE 6.0; Windows NT 5.1; SV1)','2010-10-01 14:27:46'),(0,1,'202.153.225.69','medicines','add','POST','http://poliklinik.baukpoltek.net/medicines/add','/index.php?url=medicines/add','Mozilla/4.0 (compatible; MSIE 6.0; Windows NT 5.1; SV1)','2010-10-01 14:27:45'),(0,1,'202.153.225.69','medicines','add','GET','http://poliklinik.baukpoltek.net/medicines','/index.php?url=medicines/add','Mozilla/4.0 (compatible; MSIE 6.0; Windows NT 5.1; SV1)','2010-10-01 14:27:29'),(0,1,'202.153.225.69','medicines','index','GET','http://poliklinik.baukpoltek.net/medicines/add','/index.php?url=medicines','Mozilla/4.0 (compatible; MSIE 6.0; Windows NT 5.1; SV1)','2010-10-01 14:27:23'),(0,1,'202.153.225.69','medicines','add','POST','http://poliklinik.baukpoltek.net/medicines/add','/index.php?url=medicines/add','Mozilla/4.0 (compatible; MSIE 6.0; Windows NT 5.1; SV1)','2010-10-01 14:27:23'),(0,1,'202.153.225.69','medicines','add','GET','http://poliklinik.baukpoltek.net/medicines','/index.php?url=medicines/add','Mozilla/4.0 (compatible; MSIE 6.0; Windows NT 5.1; SV1)','2010-10-01 14:26:13'),(0,1,'202.153.225.69','medicines','index','GET','http://poliklinik.baukpoltek.net/medicines/add','/index.php?url=medicines','Mozilla/4.0 (compatible; MSIE 6.0; Windows NT 5.1; SV1)','2010-10-01 14:25:45'),(0,1,'202.153.225.69','medicines','add','POST','http://poliklinik.baukpoltek.net/medicines/add','/index.php?url=medicines/add','Mozilla/4.0 (compatible; MSIE 6.0; Windows NT 5.1; SV1)','2010-10-01 14:25:44'),(0,1,'202.153.225.69','medicines','add','GET','http://poliklinik.baukpoltek.net/medicines','/index.php?url=medicines/add','Mozilla/4.0 (compatible; MSIE 6.0; Windows NT 5.1; SV1)','2010-10-01 14:25:18'),(0,1,'202.153.225.69','medicines','index','GET','http://poliklinik.baukpoltek.net/medicines/add','/index.php?url=medicines','Mozilla/4.0 (compatible; MSIE 6.0; Windows NT 5.1; SV1)','2010-10-01 14:25:09'),(0,1,'202.153.225.69','medicines','add','POST','http://poliklinik.baukpoltek.net/medicines/add','/index.php?url=medicines/add','Mozilla/4.0 (compatible; MSIE 6.0; Windows NT 5.1; SV1)','2010-10-01 14:25:08'),(0,1,'202.153.225.69','medicines','add','GET','http://poliklinik.baukpoltek.net/medicines','/index.php?url=medicines/add','Mozilla/4.0 (compatible; MSIE 6.0; Windows NT 5.1; SV1)','2010-10-01 14:24:35'),(0,1,'202.153.225.69','medicines','index','GET','http://poliklinik.baukpoltek.net/medicines/add','/index.php?url=medicines','Mozilla/4.0 (compatible; MSIE 6.0; Windows NT 5.1; SV1)','2010-10-01 14:24:23'),(0,1,'202.153.225.69','medicines','add','POST','http://poliklinik.baukpoltek.net/medicines/add','/index.php?url=medicines/add','Mozilla/4.0 (compatible; MSIE 6.0; Windows NT 5.1; SV1)','2010-10-01 14:24:23'),(0,1,'202.153.225.69','medicines','add','GET','http://poliklinik.baukpoltek.net/medicines','/index.php?url=medicines/add','Mozilla/4.0 (compatible; MSIE 6.0; Windows NT 5.1; SV1)','2010-10-01 14:23:59'),(0,1,'202.153.225.69','medicines','index','GET','http://poliklinik.baukpoltek.net/medicines/add','/index.php?url=medicines','Mozilla/4.0 (compatible; MSIE 6.0; Windows NT 5.1; SV1)','2010-10-01 14:23:54'),(0,1,'202.153.225.69','medicines','add','POST','http://poliklinik.baukpoltek.net/medicines/add','/index.php?url=medicines/add','Mozilla/4.0 (compatible; MSIE 6.0; Windows NT 5.1; SV1)','2010-10-01 14:23:53'),(0,1,'202.153.225.69','medicines','add','GET','http://poliklinik.baukpoltek.net/medicines','/index.php?url=medicines/add','Mozilla/4.0 (compatible; MSIE 6.0; Windows NT 5.1; SV1)','2010-10-01 14:23:40'),(0,1,'202.153.225.69','medicines','index','GET','http://poliklinik.baukpoltek.net/medicines/add','/index.php?url=medicines','Mozilla/4.0 (compatible; MSIE 6.0; Windows NT 5.1; SV1)','2010-10-01 14:23:33'),(0,1,'202.153.225.69','medicines','add','POST','http://poliklinik.baukpoltek.net/medicines/add','/index.php?url=medicines/add','Mozilla/4.0 (compatible; MSIE 6.0; Windows NT 5.1; SV1)','2010-10-01 14:23:33'),(0,1,'202.153.225.69','medicines','add','GET','http://poliklinik.baukpoltek.net/medicines','/index.php?url=medicines/add','Mozilla/4.0 (compatible; MSIE 6.0; Windows NT 5.1; SV1)','2010-10-01 14:23:16'),(0,1,'202.153.225.69','medicines','index','GET','http://poliklinik.baukpoltek.net/medicines/add','/index.php?url=medicines','Mozilla/4.0 (compatible; MSIE 6.0; Windows NT 5.1; SV1)','2010-10-01 14:23:10'),(0,1,'202.153.225.69','medicines','add','POST','http://poliklinik.baukpoltek.net/medicines/add','/index.php?url=medicines/add','Mozilla/4.0 (compatible; MSIE 6.0; Windows NT 5.1; SV1)','2010-10-01 14:23:09'),(0,1,'202.153.225.69','medicines','add','GET','http://poliklinik.baukpoltek.net/medicines','/index.php?url=medicines/add','Mozilla/4.0 (compatible; MSIE 6.0; Windows NT 5.1; SV1)','2010-10-01 14:22:33'),(0,1,'202.153.225.69','medicines','index','GET','http://poliklinik.baukpoltek.net/medicines/add','/index.php?url=medicines','Mozilla/4.0 (compatible; MSIE 6.0; Windows NT 5.1; SV1)','2010-10-01 14:22:21'),(0,1,'202.153.225.69','medicines','add','POST','http://poliklinik.baukpoltek.net/medicines/add','/index.php?url=medicines/add','Mozilla/4.0 (compatible; MSIE 6.0; Windows NT 5.1; SV1)','2010-10-01 14:22:20'),(0,1,'202.153.225.69','medicines','add','GET','http://poliklinik.baukpoltek.net/medicines','/index.php?url=medicines/add','Mozilla/4.0 (compatible; MSIE 6.0; Windows NT 5.1; SV1)','2010-10-01 14:22:00'),(0,1,'202.153.225.69','medicines','index','GET','http://poliklinik.baukpoltek.net/units','/index.php?url=medicines','Mozilla/4.0 (compatible; MSIE 6.0; Windows NT 5.1; SV1)','2010-10-01 14:21:56'),(0,1,'202.153.225.69','units','index','GET','http://poliklinik.baukpoltek.net/units/add','/index.php?url=units','Mozilla/4.0 (compatible; MSIE 6.0; Windows NT 5.1; SV1)','2010-10-01 14:21:49'),(0,1,'202.153.225.69','units','add','POST','http://poliklinik.baukpoltek.net/units/add','/index.php?url=units/add','Mozilla/4.0 (compatible; MSIE 6.0; Windows NT 5.1; SV1)','2010-10-01 14:21:47'),(0,1,'202.153.225.69','units','add','GET','http://poliklinik.baukpoltek.net/units','/index.php?url=units/add','Mozilla/4.0 (compatible; MSIE 6.0; Windows NT 5.1; SV1)','2010-10-01 14:21:35'),(0,1,'202.153.225.69','units','index','GET','http://poliklinik.baukpoltek.net/medicines/add','/index.php?url=units','Mozilla/4.0 (compatible; MSIE 6.0; Windows NT 5.1; SV1)','2010-10-01 14:21:32'),(0,1,'202.153.225.69','medicines','add','GET','http://poliklinik.baukpoltek.net/medicines','/index.php?url=medicines/add','Mozilla/4.0 (compatible; MSIE 6.0; Windows NT 5.1; SV1)','2010-10-01 14:13:51'),(0,1,'202.153.225.69','medicines','index','GET','http://poliklinik.baukpoltek.net/medicines/add','/index.php?url=medicines','Mozilla/4.0 (compatible; MSIE 6.0; Windows NT 5.1; SV1)','2010-10-01 14:13:47'),(0,1,'202.153.225.69','medicines','add','POST','http://poliklinik.baukpoltek.net/medicines/add','/index.php?url=medicines/add','Mozilla/4.0 (compatible; MSIE 6.0; Windows NT 5.1; SV1)','2010-10-01 14:13:47'),(0,1,'202.153.225.69','medicines','add','GET','http://poliklinik.baukpoltek.net/medicines','/index.php?url=medicines/add','Mozilla/4.0 (compatible; MSIE 6.0; Windows NT 5.1; SV1)','2010-10-01 14:13:14'),(0,1,'202.153.225.69','medicines','index','GET','http://poliklinik.baukpoltek.net/medicines/add','/index.php?url=medicines','Mozilla/4.0 (compatible; MSIE 6.0; Windows NT 5.1; SV1)','2010-10-01 14:11:50'),(0,1,'202.153.225.69','medicines','add','POST','http://poliklinik.baukpoltek.net/medicines/add','/index.php?url=medicines/add','Mozilla/4.0 (compatible; MSIE 6.0; Windows NT 5.1; SV1)','2010-10-01 14:11:50'),(0,1,'202.153.225.69','medicines','add','GET','http://poliklinik.baukpoltek.net/medicines','/index.php?url=medicines/add','Mozilla/4.0 (compatible; MSIE 6.0; Windows NT 5.1; SV1)','2010-10-01 14:11:35'),(0,1,'202.153.225.69','medicines','index','GET','http://poliklinik.baukpoltek.net/medicines/add','/index.php?url=medicines','Mozilla/4.0 (compatible; MSIE 6.0; Windows NT 5.1; SV1)','2010-10-01 14:11:23'),(0,1,'202.153.225.69','medicines','add','POST','http://poliklinik.baukpoltek.net/medicines/add','/index.php?url=medicines/add','Mozilla/4.0 (compatible; MSIE 6.0; Windows NT 5.1; SV1)','2010-10-01 14:11:23'),(0,1,'202.153.225.69','medicines','add','GET','http://poliklinik.baukpoltek.net/medicines','/index.php?url=medicines/add','Mozilla/4.0 (compatible; MSIE 6.0; Windows NT 5.1; SV1)','2010-10-01 14:10:56'),(0,1,'202.153.225.69','medicines','index','GET','http://poliklinik.baukpoltek.net/medicines/add','/index.php?url=medicines','Mozilla/4.0 (compatible; MSIE 6.0; Windows NT 5.1; SV1)','2010-10-01 14:10:46'),(0,1,'202.153.225.69','medicines','add','POST','http://poliklinik.baukpoltek.net/medicines/add','/index.php?url=medicines/add','Mozilla/4.0 (compatible; MSIE 6.0; Windows NT 5.1; SV1)','2010-10-01 14:10:46'),(0,1,'202.153.225.69','medicines','add','GET','http://poliklinik.baukpoltek.net/medicines','/index.php?url=medicines/add','Mozilla/4.0 (compatible; MSIE 6.0; Windows NT 5.1; SV1)','2010-10-01 14:10:21'),(0,1,'202.153.225.69','medicines','index','GET','http://poliklinik.baukpoltek.net/medicines/add','/index.php?url=medicines','Mozilla/4.0 (compatible; MSIE 6.0; Windows NT 5.1; SV1)','2010-10-01 14:07:34'),(0,1,'202.153.225.69','medicines','add','POST','http://poliklinik.baukpoltek.net/medicines/add','/index.php?url=medicines/add','Mozilla/4.0 (compatible; MSIE 6.0; Windows NT 5.1; SV1)','2010-10-01 14:07:33'),(0,1,'202.153.225.69','medicines','add','GET','http://poliklinik.baukpoltek.net/medicines','/index.php?url=medicines/add','Mozilla/4.0 (compatible; MSIE 6.0; Windows NT 5.1; SV1)','2010-10-01 14:07:07'),(0,1,'202.153.225.69','medicines','index','GET','http://poliklinik.baukpoltek.net/medicines/edit/14','/index.php?url=medicines','Mozilla/4.0 (compatible; MSIE 6.0; Windows NT 5.1; SV1)','2010-10-01 14:07:00'),(0,1,'202.153.225.69','medicines','edit','PUT','http://poliklinik.baukpoltek.net/medicines/edit/14','/index.php?url=medicines/edit/14','Mozilla/4.0 (compatible; MSIE 6.0; Windows NT 5.1; SV1)','2010-10-01 14:07:00'),(0,1,'202.153.225.69','medicines','edit','GET','http://poliklinik.baukpoltek.net/medicines','/index.php?url=medicines/edit/14','Mozilla/4.0 (compatible; MSIE 6.0; Windows NT 5.1; SV1)','2010-10-01 14:06:51'),(0,1,'202.153.225.69','medicines','index','GET','http://poliklinik.baukpoltek.net/medicines/edit/9','/index.php?url=medicines','Mozilla/4.0 (compatible; MSIE 6.0; Windows NT 5.1; SV1)','2010-10-01 14:06:46'),(0,1,'202.153.225.69','medicines','edit','PUT','http://poliklinik.baukpoltek.net/medicines/edit/9','/index.php?url=medicines/edit/9','Mozilla/4.0 (compatible; MSIE 6.0; Windows NT 5.1; SV1)','2010-10-01 14:06:46'),(0,1,'202.153.225.69','medicines','edit','GET','http://poliklinik.baukpoltek.net/medicines','/index.php?url=medicines/edit/9','Mozilla/4.0 (compatible; MSIE 6.0; Windows NT 5.1; SV1)','2010-10-01 14:06:39'),(0,1,'202.153.225.69','medicines','index','GET','http://poliklinik.baukpoltek.net/medicines/edit/10','/index.php?url=medicines','Mozilla/4.0 (compatible; MSIE 6.0; Windows NT 5.1; SV1)','2010-10-01 14:06:35'),(0,1,'202.153.225.69','medicines','edit','PUT','http://poliklinik.baukpoltek.net/medicines/edit/10','/index.php?url=medicines/edit/10','Mozilla/4.0 (compatible; MSIE 6.0; Windows NT 5.1; SV1)','2010-10-01 14:06:34'),(0,1,'202.153.225.69','medicines','edit','GET','http://poliklinik.baukpoltek.net/medicines','/index.php?url=medicines/edit/10','Mozilla/4.0 (compatible; MSIE 6.0; Windows NT 5.1; SV1)','2010-10-01 14:06:24'),(0,1,'202.153.225.69','medicines','index','GET','http://poliklinik.baukpoltek.net/medicines/edit/11','/index.php?url=medicines','Mozilla/4.0 (compatible; MSIE 6.0; Windows NT 5.1; SV1)','2010-10-01 14:06:21'),(0,1,'202.153.225.69','medicines','edit','PUT','http://poliklinik.baukpoltek.net/medicines/edit/11','/index.php?url=medicines/edit/11','Mozilla/4.0 (compatible; MSIE 6.0; Windows NT 5.1; SV1)','2010-10-01 14:06:21'),(0,1,'202.153.225.69','medicines','edit','GET','http://poliklinik.baukpoltek.net/medicines','/index.php?url=medicines/edit/11','Mozilla/4.0 (compatible; MSIE 6.0; Windows NT 5.1; SV1)','2010-10-01 14:06:09'),(0,1,'202.153.225.69','medicines','index','GET','http://poliklinik.baukpoltek.net/medicines/edit/12','/index.php?url=medicines','Mozilla/4.0 (compatible; MSIE 6.0; Windows NT 5.1; SV1)','2010-10-01 14:06:06'),(0,1,'202.153.225.69','medicines','edit','PUT','http://poliklinik.baukpoltek.net/medicines/edit/12','/index.php?url=medicines/edit/12','Mozilla/4.0 (compatible; MSIE 6.0; Windows NT 5.1; SV1)','2010-10-01 14:06:05'),(0,1,'202.153.225.69','medicines','edit','GET','http://poliklinik.baukpoltek.net/medicines','/index.php?url=medicines/edit/12','Mozilla/4.0 (compatible; MSIE 6.0; Windows NT 5.1; SV1)','2010-10-01 14:05:48'),(0,1,'202.153.225.69','medicines','index','GET','http://poliklinik.baukpoltek.net/medicines/edit/13','/index.php?url=medicines','Mozilla/4.0 (compatible; MSIE 6.0; Windows NT 5.1; SV1)','2010-10-01 14:05:43'),(0,1,'202.153.225.69','medicines','edit','PUT','http://poliklinik.baukpoltek.net/medicines/edit/13','/index.php?url=medicines/edit/13','Mozilla/4.0 (compatible; MSIE 6.0; Windows NT 5.1; SV1)','2010-10-01 14:05:43'),(0,1,'202.153.225.69','medicines','edit','GET','http://poliklinik.baukpoltek.net/medicines','/index.php?url=medicines/edit/13','Mozilla/4.0 (compatible; MSIE 6.0; Windows NT 5.1; SV1)','2010-10-01 14:05:20'),(0,1,'202.153.225.69','medicines','index','GET','http://poliklinik.baukpoltek.net/','/index.php?url=medicines','Mozilla/4.0 (compatible; MSIE 6.0; Windows NT 5.1; SV1)','2010-10-01 14:03:16'),(0,1,'202.153.225.69','pages','display','GET','http://poliklinik.baukpoltek.net/users/login','/','Mozilla/4.0 (compatible; MSIE 6.0; Windows NT 5.1; SV1)','2010-10-01 14:03:10'),(0,13,'125.161.154.83','pages','display','GET','http://poliklinik.baukpoltek.net/','/','Mozilla/5.0 (Windows; U; Windows NT 5.1; id; rv:1.9.2.9) Gecko/20100824 Firefox/3.6.9','2010-10-01 11:50:56'),(0,13,'125.161.154.83','pages','display','GET','http://poliklinik.baukpoltek.net/users/login','/','Mozilla/5.0 (Windows; U; Windows NT 5.1; id; rv:1.9.2.9) Gecko/20100824 Firefox/3.6.9','2010-10-01 11:50:49'),(0,1,'125.161.136.164','users','logout','GET','http://poliklinik.baukpoltek.net/checkups/report_checkups','/index.php?url=users/logout','Mozilla/5.0 (Windows; U; Windows NT 5.1; en-US; rv:1.9.1.13) Gecko/20100914 Firefox/3.5.13','2010-10-01 11:41:39'),(0,1,'125.161.136.164','checkups','report_checkups','POST','http://poliklinik.baukpoltek.net/checkups/report_checkups','/index.php?url=checkups/report_checkups','Mozilla/5.0 (Windows; U; Windows NT 5.1; en-US; rv:1.9.1.13) Gecko/20100914 Firefox/3.5.13','2010-10-01 11:41:25'),(0,1,'125.161.136.164','checkups','report_checkups','GET','http://poliklinik.baukpoltek.net/checkups/report_patient_status','/index.php?url=checkups/report_checkups','Mozilla/5.0 (Windows; U; Windows NT 5.1; en-US; rv:1.9.1.13) Gecko/20100914 Firefox/3.5.13','2010-10-01 11:41:23'),(0,1,'125.161.136.164','checkups','report_patient_status','POST','http://poliklinik.baukpoltek.net/checkups/report_patient_status','/index.php?url=checkups/report_patient_status','Mozilla/5.0 (Windows; U; Windows NT 5.1; en-US; rv:1.9.1.13) Gecko/20100914 Firefox/3.5.13','2010-10-01 11:41:11'),(0,1,'125.161.136.164','checkups','report_patient_status','POST','http://poliklinik.baukpoltek.net/checkups/report_patient_status','/index.php?url=checkups/report_patient_status','Mozilla/5.0 (Windows; U; Windows NT 5.1; en-US; rv:1.9.1.13) Gecko/20100914 Firefox/3.5.13','2010-10-01 11:41:03'),(0,1,'125.161.136.164','checkups','report_patient_status','GET','http://poliklinik.baukpoltek.net/checkups/edit/6','/index.php?url=checkups/report_patient_status','Mozilla/5.0 (Windows; U; Windows NT 5.1; en-US; rv:1.9.1.13) Gecko/20100914 Firefox/3.5.13','2010-10-01 11:40:57'),(0,1,'125.161.136.164','checkups','edit','GET','http://poliklinik.baukpoltek.net/checkups','/index.php?url=checkups/edit/6','Mozilla/5.0 (Windows; U; Windows NT 5.1; en-US; rv:1.9.1.13) Gecko/20100914 Firefox/3.5.13','2010-10-01 11:37:25'),(0,1,'125.161.136.164','checkups','index','GET','http://poliklinik.baukpoltek.net/','/index.php?url=checkups','Mozilla/5.0 (Windows; U; Windows NT 5.1; en-US; rv:1.9.1.13) Gecko/20100914 Firefox/3.5.13','2010-10-01 11:37:19'),(0,1,'125.161.136.164','checkups','report_patients','GET','http://poliklinik.baukpoltek.net/','/index.php?url=checkups/report_patients','Mozilla/5.0 (Windows; U; Windows NT 5.1; en-US; rv:1.9.1.13) Gecko/20100914 Firefox/3.5.13','2010-10-01 11:37:15'),(0,1,'125.161.136.164','pages','display','GET','http://poliklinik.baukpoltek.net/users/login','/','Mozilla/5.0 (Windows; U; Windows NT 5.1; en-US; rv:1.9.1.13) Gecko/20100914 Firefox/3.5.13','2010-10-01 11:37:09'),(0,1,'125.161.136.164','users','logout','GET','http://poliklinik.baukpoltek.net/checkups','/index.php?url=users/logout','Mozilla/5.0 (Windows; U; Windows NT 5.1; en-US; rv:1.9.1.13) Gecko/20100914 Firefox/3.5.13','2010-10-01 10:42:21'),(0,1,'125.161.136.164','checkups','edit','GET','http://poliklinik.baukpoltek.net/checkups','/index.php?url=checkups/edit/6','Mozilla/5.0 (Windows; U; Windows NT 5.1; en-US; rv:1.9.1.13) Gecko/20100914 Firefox/3.5.13','2010-10-01 10:41:59'),(0,1,'125.161.136.164','checkups','index','GET','http://poliklinik.baukpoltek.net/medicine_ins','/index.php?url=checkups','Mozilla/5.0 (Windows; U; Windows NT 5.1; en-US; rv:1.9.1.13) Gecko/20100914 Firefox/3.5.13','2010-10-01 10:41:56'),(0,1,'125.161.136.164','medicine_ins','index','GET','http://poliklinik.baukpoltek.net/medicine_ins/edit/2','/index.php?url=medicine_ins','Mozilla/5.0 (Windows; U; Windows NT 5.1; en-US; rv:1.9.1.13) Gecko/20100914 Firefox/3.5.13','2010-10-01 10:41:45'),(0,1,'125.161.136.164','medicine_ins','getSatuan','GET','http://poliklinik.baukpoltek.net/medicine_ins/edit/2','/index.php?url=medicine_ins/getSatuan/9','Mozilla/5.0 (Windows; U; Windows NT 5.1; en-US; rv:1.9.1.13) Gecko/20100914 Firefox/3.5.13','2010-10-01 10:41:43'),(0,1,'125.161.136.164','medicine_ins','edit','GET','http://poliklinik.baukpoltek.net/medicine_ins','/index.php?url=medicine_ins/edit/2','Mozilla/5.0 (Windows; U; Windows NT 5.1; en-US; rv:1.9.1.13) Gecko/20100914 Firefox/3.5.13','2010-10-01 10:41:43'),(0,1,'125.161.136.164','medicine_ins','index','GET','http://poliklinik.baukpoltek.net/medicine_ins','/index.php?url=medicine_ins','Mozilla/5.0 (Windows; U; Windows NT 5.1; en-US; rv:1.9.1.13) Gecko/20100914 Firefox/3.5.13','2010-10-01 10:41:40'),(0,1,'125.161.136.164','medicine_ins','index','GET','http://poliklinik.baukpoltek.net/medicine_ins/add','/index.php?url=medicine_ins','Mozilla/5.0 (Windows; U; Windows NT 5.1; en-US; rv:1.9.1.13) Gecko/20100914 Firefox/3.5.13','2010-10-01 10:41:28'),(0,1,'125.161.136.164','medicine_ins','add','POST','http://poliklinik.baukpoltek.net/medicine_ins/add','/index.php?url=medicine_ins/add','Mozilla/5.0 (Windows; U; Windows NT 5.1; en-US; rv:1.9.1.13) Gecko/20100914 Firefox/3.5.13','2010-10-01 10:41:28'),(0,1,'125.161.136.164','medicine_ins','getSatuan','GET','http://poliklinik.baukpoltek.net/medicine_ins/add','/index.php?url=medicine_ins/getSatuan/9','Mozilla/5.0 (Windows; U; Windows NT 5.1; en-US; rv:1.9.1.13) Gecko/20100914 Firefox/3.5.13','2010-10-01 10:41:22'),(0,1,'125.161.136.164','medicine_ins','add','GET','http://poliklinik.baukpoltek.net/medicine_ins','/index.php?url=medicine_ins/add','Mozilla/5.0 (Windows; U; Windows NT 5.1; en-US; rv:1.9.1.13) Gecko/20100914 Firefox/3.5.13','2010-10-01 10:41:17'),(0,1,'125.161.136.164','medicine_ins','index','GET','http://poliklinik.baukpoltek.net/medicines','/index.php?url=medicine_ins','Mozilla/5.0 (Windows; U; Windows NT 5.1; en-US; rv:1.9.1.13) Gecko/20100914 Firefox/3.5.13','2010-10-01 10:41:14'),(0,1,'125.161.136.164','medicines','index','GET','http://poliklinik.baukpoltek.net/checkups/report_checkups','/index.php?url=medicines','Mozilla/5.0 (Windows; U; Windows NT 5.1; en-US; rv:1.9.1.13) Gecko/20100914 Firefox/3.5.13','2010-10-01 10:40:03'),(0,1,'125.161.136.164','checkups','report_checkups','POST','http://poliklinik.baukpoltek.net/checkups/report_checkups','/index.php?url=checkups/report_checkups','Mozilla/5.0 (Windows; U; Windows NT 5.1; en-US; rv:1.9.1.13) Gecko/20100914 Firefox/3.5.13','2010-10-01 10:39:20'),(0,1,'125.161.136.164','checkups','report_checkups','GET','http://poliklinik.baukpoltek.net/checkups/report_patient_status','/index.php?url=checkups/report_checkups','Mozilla/5.0 (Windows; U; Windows NT 5.1; en-US; rv:1.9.1.13) Gecko/20100914 Firefox/3.5.13','2010-10-01 10:39:05'),(0,1,'125.161.136.164','checkups','report_checktypes','GET','http://poliklinik.baukpoltek.net/checkups/report_patient_status','/index.php?url=checkups/report_checktypes','Mozilla/5.0 (Windows; U; Windows NT 5.1; en-US; rv:1.9.1.13) Gecko/20100914 Firefox/3.5.13','2010-10-01 10:38:48'),(0,1,'125.161.136.164','checkups','report_patient_status','POST','http://poliklinik.baukpoltek.net/checkups/report_patient_status','/index.php?url=checkups/report_patient_status','Mozilla/5.0 (Windows; U; Windows NT 5.1; en-US; rv:1.9.1.13) Gecko/20100914 Firefox/3.5.13','2010-10-01 10:38:17'),(0,1,'125.161.136.164','checkups','report_patient_status','GET','http://poliklinik.baukpoltek.net/medicine_ins/add','/index.php?url=checkups/report_patient_status','Mozilla/5.0 (Windows; U; Windows NT 5.1; en-US; rv:1.9.1.13) Gecko/20100914 Firefox/3.5.13','2010-10-01 10:38:11'),(0,1,'125.161.136.164','checkups','report_patients','GET','http://poliklinik.baukpoltek.net/medicine_ins/add','/index.php?url=checkups/report_patients','Mozilla/5.0 (Windows; U; Windows NT 5.1; en-US; rv:1.9.1.13) Gecko/20100914 Firefox/3.5.13','2010-10-01 10:38:03'),(0,1,'125.161.136.164','medicine_ins','add','GET','http://poliklinik.baukpoltek.net/medicine_ins','/index.php?url=medicine_ins/add','Mozilla/5.0 (Windows; U; Windows NT 5.1; en-US; rv:1.9.1.13) Gecko/20100914 Firefox/3.5.13','2010-10-01 10:37:45'),(0,1,'125.161.136.164','medicine_ins','index','GET','http://poliklinik.baukpoltek.net/units','/index.php?url=medicine_ins','Mozilla/5.0 (Windows; U; Windows NT 5.1; en-US; rv:1.9.1.13) Gecko/20100914 Firefox/3.5.13','2010-10-01 10:37:43'),(0,1,'125.161.136.164','units','index','GET','http://poliklinik.baukpoltek.net/medicines','/index.php?url=units','Mozilla/5.0 (Windows; U; Windows NT 5.1; en-US; rv:1.9.1.13) Gecko/20100914 Firefox/3.5.13','2010-10-01 10:37:31'),(0,1,'125.161.136.164','medicines','index','GET','http://poliklinik.baukpoltek.net/checkups/edit/6','/index.php?url=medicines','Mozilla/5.0 (Windows; U; Windows NT 5.1; en-US; rv:1.9.1.13) Gecko/20100914 Firefox/3.5.13','2010-10-01 10:37:27'),(0,1,'125.161.136.164','checkups','edit','GET','http://poliklinik.baukpoltek.net/checkups','/index.php?url=checkups/edit/6','Mozilla/5.0 (Windows; U; Windows NT 5.1; en-US; rv:1.9.1.13) Gecko/20100914 Firefox/3.5.13','2010-10-01 10:37:13'),(0,1,'125.161.136.164','checkups','index','GET','http://poliklinik.baukpoltek.net/','/index.php?url=checkups','Mozilla/5.0 (Windows; U; Windows NT 5.1; en-US; rv:1.9.1.13) Gecko/20100914 Firefox/3.5.13','2010-10-01 10:37:08'),(0,1,'125.161.136.164','pages','display','GET','http://poliklinik.baukpoltek.net/users/login','/','Mozilla/5.0 (Windows; U; Windows NT 5.1; en-US; rv:1.9.1.13) Gecko/20100914 Firefox/3.5.13','2010-10-01 10:37:01'),(0,1,'125.166.156.24','users','logout','GET','http://poliklinik.baukpoltek.net/checkups/report_patient_status','/index.php?url=users/logout','Mozilla/5.0 (Windows; U; Windows NT 5.1; en-US; rv:1.9.1.13) Gecko/20100914 Firefox/3.5.13','2010-10-01 08:52:53'),(0,1,'125.166.156.24','checkups','report_patient_status','POST','http://poliklinik.baukpoltek.net/checkups/report_patient_status','/index.php?url=checkups/report_patient_status','Mozilla/5.0 (Windows; U; Windows NT 5.1; en-US; rv:1.9.1.13) Gecko/20100914 Firefox/3.5.13','2010-10-01 08:52:49'),(0,1,'125.166.156.24','checkups','report_patient_status','GET','http://poliklinik.baukpoltek.net/checkups/add','/index.php?url=checkups/report_patient_status','Mozilla/5.0 (Windows; U; Windows NT 5.1; en-US; rv:1.9.1.13) Gecko/20100914 Firefox/3.5.13','2010-10-01 08:52:44'),(0,1,'125.166.156.24','checkups','add','GET','http://poliklinik.baukpoltek.net/checkups','/index.php?url=checkups/add','Mozilla/5.0 (Windows; U; Windows NT 5.1; en-US; rv:1.9.1.13) Gecko/20100914 Firefox/3.5.13','2010-10-01 08:52:41'),(0,1,'125.166.156.24','checkups','index','GET','http://poliklinik.baukpoltek.net/checkups/edit/6','/index.php?url=checkups','Mozilla/5.0 (Windows; U; Windows NT 5.1; en-US; rv:1.9.1.13) Gecko/20100914 Firefox/3.5.13','2010-10-01 08:52:38'),(0,1,'125.166.156.24','checkups','edit','GET','http://poliklinik.baukpoltek.net/checkups','/index.php?url=checkups/edit/6','Mozilla/5.0 (Windows; U; Windows NT 5.1; en-US; rv:1.9.1.13) Gecko/20100914 Firefox/3.5.13','2010-10-01 08:52:24'),(0,1,'125.166.156.24','checkups','index','GET','http://poliklinik.baukpoltek.net/','/index.php?url=checkups','Mozilla/5.0 (Windows; U; Windows NT 5.1; en-US; rv:1.9.1.13) Gecko/20100914 Firefox/3.5.13','2010-10-01 08:52:21'),(0,1,'125.166.156.24','pages','display','GET','http://poliklinik.baukpoltek.net/users/login','/','Mozilla/5.0 (Windows; U; Windows NT 5.1; en-US; rv:1.9.1.13) Gecko/20100914 Firefox/3.5.13','2010-10-01 08:52:17'),(0,1,'125.165.138.168','checkups','report_patient_status','GET','http://poliklinik.baukpoltek.net/menus','/index.php?url=checkups/report_patient_status','Mozilla/5.0 (X11; U; Linux i686; en-US; rv:1.9.2.10) Gecko/20100915 Ubuntu/10.04 (lucid) Firefox/3.6.10','2010-10-01 08:45:15'),(0,1,'125.165.138.168','menus','index','GET','http://poliklinik.baukpoltek.net/menus/edit/72','/index.php?url=menus','Mozilla/5.0 (X11; U; Linux i686; en-US; rv:1.9.2.10) Gecko/20100915 Ubuntu/10.04 (lucid) Firefox/3.6.10','2010-10-01 08:44:56'),(0,1,'125.165.138.168','menus','edit','POST','http://poliklinik.baukpoltek.net/menus/edit/72','/index.php?url=menus/edit/72','Mozilla/5.0 (X11; U; Linux i686; en-US; rv:1.9.2.10) Gecko/20100915 Ubuntu/10.04 (lucid) Firefox/3.6.10','2010-10-01 08:44:55'),(0,1,'125.165.138.168','menus','edit','GET','http://poliklinik.baukpoltek.net/menus','/index.php?url=menus/edit/72','Mozilla/5.0 (X11; U; Linux i686; en-US; rv:1.9.2.10) Gecko/20100915 Ubuntu/10.04 (lucid) Firefox/3.6.10','2010-10-01 08:44:51'),(0,1,'125.165.138.168','menus','index','GET','http://poliklinik.baukpoltek.net/medicines','/index.php?url=menus','Mozilla/5.0 (X11; U; Linux i686; en-US; rv:1.9.2.10) Gecko/20100915 Ubuntu/10.04 (lucid) Firefox/3.6.10','2010-10-01 08:44:48'),(0,1,'125.165.138.168','medicines','index','GET','http://poliklinik.baukpoltek.net/medicines/edit/13','/index.php?url=medicines','Mozilla/5.0 (X11; U; Linux i686; en-US; rv:1.9.2.10) Gecko/20100915 Ubuntu/10.04 (lucid) Firefox/3.6.10','2010-10-01 08:44:35'),(0,1,'125.165.138.168','medicines','edit','GET','http://poliklinik.baukpoltek.net/medicines','/index.php?url=medicines/edit/13','Mozilla/5.0 (X11; U; Linux i686; en-US; rv:1.9.2.10) Gecko/20100915 Ubuntu/10.04 (lucid) Firefox/3.6.10','2010-10-01 08:44:32'),(0,1,'125.165.138.168','medicines','index','GET','http://poliklinik.baukpoltek.net/medicine_ins/add','/index.php?url=medicines','Mozilla/5.0 (X11; U; Linux i686; en-US; rv:1.9.2.10) Gecko/20100915 Ubuntu/10.04 (lucid) Firefox/3.6.10','2010-10-01 08:44:30'),(0,1,'125.165.138.168','medicine_ins','getSatuan','GET','http://poliklinik.baukpoltek.net/medicine_ins/add','/index.php?url=medicine_ins/getSatuan/11','Mozilla/5.0 (X11; U; Linux i686; en-US; rv:1.9.2.10) Gecko/20100915 Ubuntu/10.04 (lucid) Firefox/3.6.10','2010-10-01 08:44:20'),(0,1,'125.165.138.168','medicine_ins','getSatuan','GET','http://poliklinik.baukpoltek.net/medicine_ins/add','/index.php?url=medicine_ins/getSatuan/9','Mozilla/5.0 (X11; U; Linux i686; en-US; rv:1.9.2.10) Gecko/20100915 Ubuntu/10.04 (lucid) Firefox/3.6.10','2010-10-01 08:44:11'),(0,1,'125.165.138.168','medicine_ins','add','GET','http://poliklinik.baukpoltek.net/medicine_ins','/index.php?url=medicine_ins/add','Mozilla/5.0 (X11; U; Linux i686; en-US; rv:1.9.2.10) Gecko/20100915 Ubuntu/10.04 (lucid) Firefox/3.6.10','2010-10-01 08:44:08'),(0,1,'125.165.138.168','medicine_ins','delete_rows','POST','http://poliklinik.baukpoltek.net/medicine_ins','/index.php?url=medicine_ins/delete_rows','Mozilla/5.0 (X11; U; Linux i686; en-US; rv:1.9.2.10) Gecko/20100915 Ubuntu/10.04 (lucid) Firefox/3.6.10','2010-10-01 08:44:06'),(0,1,'125.165.138.168','medicine_ins','delete_rows','POST','http://poliklinik.baukpoltek.net/medicine_ins','/index.php?url=medicine_ins/delete_rows','Mozilla/5.0 (X11; U; Linux i686; en-US; rv:1.9.2.10) Gecko/20100915 Ubuntu/10.04 (lucid) Firefox/3.6.10','2010-10-01 08:44:06'),(0,1,'125.165.138.168','medicine_ins','index','GET','http://poliklinik.baukpoltek.net/medicine_ins/edit/1','/index.php?url=medicine_ins','Mozilla/5.0 (X11; U; Linux i686; en-US; rv:1.9.2.10) Gecko/20100915 Ubuntu/10.04 (lucid) Firefox/3.6.10','2010-10-01 08:44:02'),(0,1,'125.165.138.168','medicine_ins','edit','GET','http://poliklinik.baukpoltek.net/medicine_ins','/index.php?url=medicine_ins/edit/1','Mozilla/5.0 (X11; U; Linux i686; en-US; rv:1.9.2.10) Gecko/20100915 Ubuntu/10.04 (lucid) Firefox/3.6.10','2010-10-01 08:43:56'),(0,1,'125.165.138.168','medicine_ins','index','GET','http://poliklinik.baukpoltek.net/units','/index.php?url=medicine_ins','Mozilla/5.0 (X11; U; Linux i686; en-US; rv:1.9.2.10) Gecko/20100915 Ubuntu/10.04 (lucid) Firefox/3.6.10','2010-10-01 08:43:52'),(0,1,'125.165.138.168','units','index','GET','http://poliklinik.baukpoltek.net/groups','/index.php?url=units','Mozilla/5.0 (X11; U; Linux i686; en-US; rv:1.9.2.10) Gecko/20100915 Ubuntu/10.04 (lucid) Firefox/3.6.10','2010-10-01 08:43:50'),(0,1,'125.165.138.168','groups','index','GET','http://poliklinik.baukpoltek.net/groups/edit/1','/index.php?url=groups','Mozilla/5.0 (X11; U; Linux i686; en-US; rv:1.9.2.10) Gecko/20100915 Ubuntu/10.04 (lucid) Firefox/3.6.10','2010-10-01 08:43:45'),(0,1,'125.165.138.168','groups','edit','PUT','http://poliklinik.baukpoltek.net/groups/edit/1','/index.php?url=groups/edit/1','Mozilla/5.0 (X11; U; Linux i686; en-US; rv:1.9.2.10) Gecko/20100915 Ubuntu/10.04 (lucid) Firefox/3.6.10','2010-10-01 08:43:44'),(0,1,'125.165.138.168','groups','edit','GET','http://poliklinik.baukpoltek.net/groups','/index.php?url=groups/edit/1','Mozilla/5.0 (X11; U; Linux i686; en-US; rv:1.9.2.10) Gecko/20100915 Ubuntu/10.04 (lucid) Firefox/3.6.10','2010-10-01 08:43:31'),(0,1,'125.165.138.168','groups','index','GET','http://poliklinik.baukpoltek.net/menus','/index.php?url=groups','Mozilla/5.0 (X11; U; Linux i686; en-US; rv:1.9.2.10) Gecko/20100915 Ubuntu/10.04 (lucid) Firefox/3.6.10','2010-10-01 08:43:29'),(0,1,'125.165.138.168','menus','index','GET','http://poliklinik.baukpoltek.net/menus/add','/index.php?url=menus','Mozilla/5.0 (X11; U; Linux i686; en-US; rv:1.9.2.10) Gecko/20100915 Ubuntu/10.04 (lucid) Firefox/3.6.10','2010-10-01 08:43:26'),(0,1,'125.165.138.168','menus','add','POST','http://poliklinik.baukpoltek.net/menus/add','/index.php?url=menus/add','Mozilla/5.0 (X11; U; Linux i686; en-US; rv:1.9.2.10) Gecko/20100915 Ubuntu/10.04 (lucid) Firefox/3.6.10','2010-10-01 08:43:26'),(0,1,'125.165.138.168','menus','add','GET','http://poliklinik.baukpoltek.net/menus','/index.php?url=menus/add','Mozilla/5.0 (X11; U; Linux i686; en-US; rv:1.9.2.10) Gecko/20100915 Ubuntu/10.04 (lucid) Firefox/3.6.10','2010-10-01 08:43:12'),(0,1,'125.165.138.168','menus','index','GET','http://poliklinik.baukpoltek.net/modules','/index.php?url=menus','Mozilla/5.0 (X11; U; Linux i686; en-US; rv:1.9.2.10) Gecko/20100915 Ubuntu/10.04 (lucid) Firefox/3.6.10','2010-10-01 08:43:11'),(0,1,'125.165.138.168','modules','index','GET','http://poliklinik.baukpoltek.net/modules/add','/index.php?url=modules','Mozilla/5.0 (X11; U; Linux i686; en-US; rv:1.9.2.10) Gecko/20100915 Ubuntu/10.04 (lucid) Firefox/3.6.10','2010-10-01 08:43:05'),(0,1,'125.165.138.168','modules','add','POST','http://poliklinik.baukpoltek.net/modules/add','/index.php?url=modules/add','Mozilla/5.0 (X11; U; Linux i686; en-US; rv:1.9.2.10) Gecko/20100915 Ubuntu/10.04 (lucid) Firefox/3.6.10','2010-10-01 08:43:04'),(0,1,'125.165.138.168','modules','add','GET','http://poliklinik.baukpoltek.net/modules','/index.php?url=modules/add','Mozilla/5.0 (X11; U; Linux i686; en-US; rv:1.9.2.10) Gecko/20100915 Ubuntu/10.04 (lucid) Firefox/3.6.10','2010-10-01 08:42:58'),(0,1,'125.165.138.168','modules','index','GET','http://poliklinik.baukpoltek.net/groups','/index.php?url=modules','Mozilla/5.0 (X11; U; Linux i686; en-US; rv:1.9.2.10) Gecko/20100915 Ubuntu/10.04 (lucid) Firefox/3.6.10','2010-10-01 08:42:55'),(0,1,'125.165.138.168','groups','index','GET','http://poliklinik.baukpoltek.net/groups/edit/1','/index.php?url=groups','Mozilla/5.0 (X11; U; Linux i686; en-US; rv:1.9.2.10) Gecko/20100915 Ubuntu/10.04 (lucid) Firefox/3.6.10','2010-10-01 08:42:44'),(0,1,'125.165.138.168','groups','edit','PUT','http://poliklinik.baukpoltek.net/groups/edit/1','/index.php?url=groups/edit/1','Mozilla/5.0 (X11; U; Linux i686; en-US; rv:1.9.2.10) Gecko/20100915 Ubuntu/10.04 (lucid) Firefox/3.6.10','2010-10-01 08:42:43'),(0,1,'125.165.138.168','groups','edit','GET','http://poliklinik.baukpoltek.net/groups','/index.php?url=groups/edit/1','Mozilla/5.0 (X11; U; Linux i686; en-US; rv:1.9.2.10) Gecko/20100915 Ubuntu/10.04 (lucid) Firefox/3.6.10','2010-10-01 08:42:34'),(0,1,'125.165.138.168','groups','index','GET','http://poliklinik.baukpoltek.net/modules','/index.php?url=groups','Mozilla/5.0 (X11; U; Linux i686; en-US; rv:1.9.2.10) Gecko/20100915 Ubuntu/10.04 (lucid) Firefox/3.6.10','2010-10-01 08:42:32'),(0,1,'125.165.138.168','modules','index','GET','http://poliklinik.baukpoltek.net/menus','/index.php?url=modules','Mozilla/5.0 (X11; U; Linux i686; en-US; rv:1.9.2.10) Gecko/20100915 Ubuntu/10.04 (lucid) Firefox/3.6.10','2010-10-01 08:42:29'),(0,1,'125.165.138.168','menus','index','GET','http://poliklinik.baukpoltek.net/menus/add','/index.php?url=menus','Mozilla/5.0 (X11; U; Linux i686; en-US; rv:1.9.2.10) Gecko/20100915 Ubuntu/10.04 (lucid) Firefox/3.6.10','2010-10-01 08:42:25'),(0,1,'125.165.138.168','menus','add','POST','http://poliklinik.baukpoltek.net/menus/add','/index.php?url=menus/add','Mozilla/5.0 (X11; U; Linux i686; en-US; rv:1.9.2.10) Gecko/20100915 Ubuntu/10.04 (lucid) Firefox/3.6.10','2010-10-01 08:42:25'),(0,1,'125.165.138.168','menus','add','GET','http://poliklinik.baukpoltek.net/menus','/index.php?url=menus/add','Mozilla/5.0 (X11; U; Linux i686; en-US; rv:1.9.2.10) Gecko/20100915 Ubuntu/10.04 (lucid) Firefox/3.6.10','2010-10-01 08:42:15'),(0,1,'125.165.138.168','menus','index','GET','http://poliklinik.baukpoltek.net/modules','/index.php?url=menus','Mozilla/5.0 (X11; U; Linux i686; en-US; rv:1.9.2.10) Gecko/20100915 Ubuntu/10.04 (lucid) Firefox/3.6.10','2010-10-01 08:42:07'),(0,1,'125.165.138.168','modules','index','GET','http://poliklinik.baukpoltek.net/modules/add','/index.php?url=modules','Mozilla/5.0 (X11; U; Linux i686; en-US; rv:1.9.2.10) Gecko/20100915 Ubuntu/10.04 (lucid) Firefox/3.6.10','2010-10-01 08:42:05'),(0,1,'125.165.138.168','modules','add','POST','http://poliklinik.baukpoltek.net/modules/add','/index.php?url=modules/add','Mozilla/5.0 (X11; U; Linux i686; en-US; rv:1.9.2.10) Gecko/20100915 Ubuntu/10.04 (lucid) Firefox/3.6.10','2010-10-01 08:42:04'),(0,1,'125.165.138.168','modules','add','GET','http://poliklinik.baukpoltek.net/modules','/index.php?url=modules/add','Mozilla/5.0 (X11; U; Linux i686; en-US; rv:1.9.2.10) Gecko/20100915 Ubuntu/10.04 (lucid) Firefox/3.6.10','2010-10-01 08:41:57'),(0,1,'125.165.138.168','modules','index','GET','http://poliklinik.baukpoltek.net/menu_types','/index.php?url=modules','Mozilla/5.0 (X11; U; Linux i686; en-US; rv:1.9.2.10) Gecko/20100915 Ubuntu/10.04 (lucid) Firefox/3.6.10','2010-10-01 08:41:55'),(0,1,'125.165.138.168','menu_types','index','GET','http://poliklinik.baukpoltek.net/menu_types/add','/index.php?url=menu_types','Mozilla/5.0 (X11; U; Linux i686; en-US; rv:1.9.2.10) Gecko/20100915 Ubuntu/10.04 (lucid) Firefox/3.6.10','2010-10-01 08:41:51'),(0,1,'125.165.138.168','menu_types','add','POST','http://poliklinik.baukpoltek.net/menu_types/add','/index.php?url=menu_types/add','Mozilla/5.0 (X11; U; Linux i686; en-US; rv:1.9.2.10) Gecko/20100915 Ubuntu/10.04 (lucid) Firefox/3.6.10','2010-10-01 08:41:50'),(0,1,'125.165.138.168','menu_types','add','GET','http://poliklinik.baukpoltek.net/menu_types','/index.php?url=menu_types/add','Mozilla/5.0 (X11; U; Linux i686; en-US; rv:1.9.2.10) Gecko/20100915 Ubuntu/10.04 (lucid) Firefox/3.6.10','2010-10-01 08:41:45'),(0,1,'125.165.138.168','menu_types','index','GET','http://poliklinik.baukpoltek.net/','/index.php?url=menu_types','Mozilla/5.0 (X11; U; Linux i686; en-US; rv:1.9.2.10) Gecko/20100915 Ubuntu/10.04 (lucid) Firefox/3.6.10','2010-10-01 08:41:43'),(0,1,'125.165.138.168','pages','display','GET','http://poliklinik.baukpoltek.net/users/login','/','Mozilla/5.0 (X11; U; Linux i686; en-US; rv:1.9.2.10) Gecko/20100915 Ubuntu/10.04 (lucid) Firefox/3.6.10','2010-10-01 08:41:35'),(0,1,'180.214.233.25','users','logout','GET','http://poliklinik.baukpoltek.net/checkups/report_patient_status','/index.php?url=users/logout','Mozilla/5.0 (Windows; U; Windows NT 6.1; id; rv:1.9.2.10) Gecko/20100914 Firefox/3.6.10','2010-10-01 08:39:33'),(0,1,'180.214.233.25','pages','display','GET','http://poliklinik.baukpoltek.net/users/login','/','Mozilla/5.0 (Windows; U; Windows NT 6.1; id; rv:1.9.2.10) Gecko/20100914 Firefox/3.6.10','2010-10-01 08:39:01'),(0,1,'125.161.132.34','users','logout','GET','http://poliklinik.baukpoltek.net/checkups/add','/index.php?url=users/logout','Mozilla/5.0 (Windows; U; Windows NT 5.1; en-US; rv:1.9.1.13) Gecko/20100914 Firefox/3.5.13','2010-10-01 08:20:38'),(0,1,'125.161.132.34','checkups','add','GET','http://poliklinik.baukpoltek.net/checkups','/index.php?url=checkups/add','Mozilla/5.0 (Windows; U; Windows NT 5.1; en-US; rv:1.9.1.13) Gecko/20100914 Firefox/3.5.13','2010-10-01 08:20:33'),(0,1,'125.161.132.34','checkups','index','GET','http://poliklinik.baukpoltek.net/','/index.php?url=checkups','Mozilla/5.0 (Windows; U; Windows NT 5.1; en-US; rv:1.9.1.13) Gecko/20100914 Firefox/3.5.13','2010-10-01 08:20:30'),(0,1,'125.161.132.34','pages','display','GET','http://poliklinik.baukpoltek.net/users/login','/','Mozilla/5.0 (Windows; U; Windows NT 5.1; en-US; rv:1.9.1.13) Gecko/20100914 Firefox/3.5.13','2010-10-01 08:20:27'),(0,1,'125.161.132.34','users','logout','GET','http://poliklinik.baukpoltek.net/checkups','/index.php?url=users/logout','Mozilla/5.0 (Windows; U; Windows NT 5.1; en-US; rv:1.9.1.13) Gecko/20100914 Firefox/3.5.13','2010-10-01 08:08:41'),(0,1,'125.161.132.34','checkups','index','GET','http://poliklinik.baukpoltek.net/checkups/edit/6','/index.php?url=checkups','Mozilla/5.0 (Windows; U; Windows NT 5.1; en-US; rv:1.9.1.13) Gecko/20100914 Firefox/3.5.13','2010-10-01 08:08:38'),(0,1,'125.161.132.34','checkups','edit','GET','http://poliklinik.baukpoltek.net/checkups','/index.php?url=checkups/edit/6','Mozilla/5.0 (Windows; U; Windows NT 5.1; en-US; rv:1.9.1.13) Gecko/20100914 Firefox/3.5.13','2010-10-01 08:08:33'),(0,1,'125.161.132.34','pages','display','GET','http://poliklinik.baukpoltek.net/users/login','/','Mozilla/5.0 (Windows; U; Windows NT 5.1; en-US; rv:1.9.1.13) Gecko/20100914 Firefox/3.5.13','2010-10-01 08:08:26'),(0,1,'125.161.132.34','checkups','index','GET','http://poliklinik.baukpoltek.net/','/index.php?url=checkups','Mozilla/5.0 (Windows; U; Windows NT 5.1; en-US; rv:1.9.1.13) Gecko/20100914 Firefox/3.5.13','2010-10-01 08:08:30'),(0,1,'125.161.132.34','checkups','add','GET','http://poliklinik.baukpoltek.net/checkups','/index.php?url=checkups/add','Mozilla/5.0 (Windows; U; Windows NT 5.1; en-US; rv:1.9.1.13) Gecko/20100914 Firefox/3.5.13','2010-10-01 07:48:39'),(0,1,'125.161.132.34','checkups','index','GET','http://poliklinik.baukpoltek.net/','/index.php?url=checkups','Mozilla/5.0 (Windows; U; Windows NT 5.1; en-US; rv:1.9.1.13) Gecko/20100914 Firefox/3.5.13','2010-10-01 07:48:37'),(0,1,'125.161.132.34','pages','display','GET','http://poliklinik.baukpoltek.net/users/login','/','Mozilla/5.0 (Windows; U; Windows NT 5.1; en-US; rv:1.9.1.13) Gecko/20100914 Firefox/3.5.13','2010-10-01 07:48:34'),(0,1,'114.56.230.46','users','logout','GET','http://poliklinik.baukpoltek.net/checkups/report_patient_status','/index.php?url=users/logout','Mozilla/4.0 (compatible; MSIE 8.0; Windows NT 6.1; Trident/4.0; SLCC2; .NET CLR 2.0.50727; .NET CLR 3.5.30729; .NET CLR 3.0.30729; Media Center PC 6.0; InfoPath.2; Tablet PC 2.0)','2010-10-01 05:40:32'),(0,1,'114.56.230.46','checkups','report_patient_status','POST','http://poliklinik.baukpoltek.net/checkups/report_patient_status','/index.php?url=checkups/report_patient_status','Mozilla/4.0 (compatible; MSIE 8.0; Windows NT 6.1; Trident/4.0; SLCC2; .NET CLR 2.0.50727; .NET CLR 3.5.30729; .NET CLR 3.0.30729; Media Center PC 6.0; InfoPath.2; Tablet PC 2.0)','2010-10-01 05:40:00'),(0,1,'114.56.230.46','checkups','report_patient_status','GET','http://poliklinik.baukpoltek.net/checkups','/index.php?url=checkups/report_patient_status','Mozilla/4.0 (compatible; MSIE 8.0; Windows NT 6.1; Trident/4.0; SLCC2; .NET CLR 2.0.50727; .NET CLR 3.5.30729; .NET CLR 3.0.30729; Media Center PC 6.0; InfoPath.2; Tablet PC 2.0)','2010-10-01 05:39:48'),(0,1,'114.56.230.46','checkups','index','GET','http://poliklinik.baukpoltek.net/checkups/add','/index.php?url=checkups','Mozilla/4.0 (compatible; MSIE 8.0; Windows NT 6.1; Trident/4.0; SLCC2; .NET CLR 2.0.50727; .NET CLR 3.5.30729; .NET CLR 3.0.30729; Media Center PC 6.0; InfoPath.2; Tablet PC 2.0)','2010-10-01 05:39:42'),(0,1,'114.56.230.46','checkups','patient_detail','GET','http://poliklinik.baukpoltek.net/checkups/add','/index.php?url=checkups/patient_detail/4','Mozilla/4.0 (compatible; MSIE 8.0; Windows NT 6.1; Trident/4.0; SLCC2; .NET CLR 2.0.50727; .NET CLR 3.5.30729; .NET CLR 3.0.30729; Media Center PC 6.0; InfoPath.2; Tablet PC 2.0)','2010-10-01 05:39:19'),(0,1,'114.56.230.46','checkups','add','GET','http://poliklinik.baukpoltek.net/checkups','/index.php?url=checkups/add','Mozilla/4.0 (compatible; MSIE 8.0; Windows NT 6.1; Trident/4.0; SLCC2; .NET CLR 2.0.50727; .NET CLR 3.5.30729; .NET CLR 3.0.30729; Media Center PC 6.0; InfoPath.2; Tablet PC 2.0)','2010-10-01 05:38:11'),(0,1,'114.56.230.46','checkups','index','GET','http://poliklinik.baukpoltek.net/','/index.php?url=checkups','Mozilla/4.0 (compatible; MSIE 8.0; Windows NT 6.1; Trident/4.0; SLCC2; .NET CLR 2.0.50727; .NET CLR 3.5.30729; .NET CLR 3.0.30729; Media Center PC 6.0; InfoPath.2; Tablet PC 2.0)','2010-10-01 05:38:06'),(0,1,'114.56.230.46','pages','display','GET','http://poliklinik.baukpoltek.net/users/login','/','Mozilla/4.0 (compatible; MSIE 8.0; Windows NT 6.1; Trident/4.0; SLCC2; .NET CLR 2.0.50727; .NET CLR 3.5.30729; .NET CLR 3.0.30729; Media Center PC 6.0; InfoPath.2; Tablet PC 2.0)','2010-10-01 05:37:55'),(0,1,'114.59.189.202','checkups','report_patients','GET','http://poliklinik.baukpoltek.net/checkups/report_patient_status','/index.php?url=checkups/report_patients','Mozilla/4.0 (compatible; MSIE 8.0; Windows NT 6.1; Trident/4.0; SLCC2; .NET CLR 2.0.50727; .NET CLR 3.5.30729; .NET CLR 3.0.30729; Media Center PC 6.0; InfoPath.2; Tablet PC 2.0)','2010-09-30 20:36:51'),(0,1,'114.59.189.202','checkups','report_patient_status','POST','http://poliklinik.baukpoltek.net/checkups/report_patient_status','/index.php?url=checkups/report_patient_status','Mozilla/4.0 (compatible; MSIE 8.0; Windows NT 6.1; Trident/4.0; SLCC2; .NET CLR 2.0.50727; .NET CLR 3.5.30729; .NET CLR 3.0.30729; Media Center PC 6.0; InfoPath.2; Tablet PC 2.0)','2010-09-30 20:36:19'),(0,1,'114.59.189.202','checkups','report_patient_status','GET','http://poliklinik.baukpoltek.net/checkups/edit/6','/index.php?url=checkups/report_patient_status','Mozilla/4.0 (compatible; MSIE 8.0; Windows NT 6.1; Trident/4.0; SLCC2; .NET CLR 2.0.50727; .NET CLR 3.5.30729; .NET CLR 3.0.30729; Media Center PC 6.0; InfoPath.2; Tablet PC 2.0)','2010-09-30 20:36:09'),(0,1,'114.59.189.202','checkups','edit','GET','http://poliklinik.baukpoltek.net/checkups','/index.php?url=checkups/edit/6','Mozilla/4.0 (compatible; MSIE 8.0; Windows NT 6.1; Trident/4.0; SLCC2; .NET CLR 2.0.50727; .NET CLR 3.5.30729; .NET CLR 3.0.30729; Media Center PC 6.0; InfoPath.2; Tablet PC 2.0)','2010-09-30 20:35:21'),(0,1,'114.59.189.202','checkups','index','GET','http://poliklinik.baukpoltek.net/','/index.php?url=checkups','Mozilla/4.0 (compatible; MSIE 8.0; Windows NT 6.1; Trident/4.0; SLCC2; .NET CLR 2.0.50727; .NET CLR 3.5.30729; .NET CLR 3.0.30729; Media Center PC 6.0; InfoPath.2; Tablet PC 2.0)','2010-09-30 20:35:03'),(0,1,'114.59.189.202','pages','display','GET','http://poliklinik.baukpoltek.net/users/login','/','Mozilla/4.0 (compatible; MSIE 8.0; Windows NT 6.1; Trident/4.0; SLCC2; .NET CLR 2.0.50727; .NET CLR 3.5.30729; .NET CLR 3.0.30729; Media Center PC 6.0; InfoPath.2; Tablet PC 2.0)','2010-09-30 20:34:55'),(0,1,'110.138.47.171','users','logout','GET','http://poliklinik.baukpoltek.net/checkups/add','/index.php?url=users/logout','Mozilla/5.0 (Windows; U; Windows NT 5.1; en-US; rv:1.9.1.13) Gecko/20100914 Firefox/3.5.13','2010-09-30 15:53:58'),(0,1,'110.138.47.171','checkups','add','GET','http://poliklinik.baukpoltek.net/checkups','/index.php?url=checkups/add','Mozilla/5.0 (Windows; U; Windows NT 5.1; en-US; rv:1.9.1.13) Gecko/20100914 Firefox/3.5.13','2010-09-30 15:53:50'),(0,1,'110.138.47.171','checkups','index','GET','http://poliklinik.baukpoltek.net/','/index.php?url=checkups','Mozilla/5.0 (Windows; U; Windows NT 5.1; en-US; rv:1.9.1.13) Gecko/20100914 Firefox/3.5.13','2010-09-30 15:53:47'),(0,1,'110.138.47.171','pages','display','GET','http://poliklinik.baukpoltek.net/users/login','/','Mozilla/5.0 (Windows; U; Windows NT 5.1; en-US; rv:1.9.1.13) Gecko/20100914 Firefox/3.5.13','2010-09-30 15:53:43'),(0,13,'125.165.80.47','pages','display','GET','http://poliklinik.baukpoltek.net/users/login','/','Mozilla/5.0 (Windows; U; Windows NT 5.1; id; rv:1.9.2.9) Gecko/20100824 Firefox/3.6.9','2010-09-30 13:20:03'),(0,13,'125.165.80.47','pages','display','GET','http://poliklinik.baukpoltek.net/users/login','/','Mozilla/5.0 (Windows; U; Windows NT 5.1; id; rv:1.9.2.9) Gecko/20100824 Firefox/3.6.9','2010-09-30 13:16:05'),(0,1,'110.138.47.171','checkups','index','GET','http://poliklinik.baukpoltek.net/checkups/edit/6','/index.php?url=checkups','Mozilla/5.0 (Windows; U; Windows NT 5.1; en-US; rv:1.9.1.13) Gecko/20100914 Firefox/3.5.13','2010-09-30 12:15:26'),(0,1,'110.138.47.171','checkups','edit','PUT','http://poliklinik.baukpoltek.net/checkups/edit/6','/index.php?url=checkups/edit/6','Mozilla/5.0 (Windows; U; Windows NT 5.1; en-US; rv:1.9.1.13) Gecko/20100914 Firefox/3.5.13','2010-09-30 12:15:26'),(0,1,'110.138.47.171','checkups','edit','GET','http://poliklinik.baukpoltek.net/checkups','/index.php?url=checkups/edit/6','Mozilla/5.0 (Windows; U; Windows NT 5.1; en-US; rv:1.9.1.13) Gecko/20100914 Firefox/3.5.13','2010-09-30 12:14:06'),(0,1,'110.138.47.171','checkups','index','GET','http://poliklinik.baukpoltek.net/checkups/report_patient_status','/index.php?url=checkups','Mozilla/5.0 (Windows; U; Windows NT 5.1; en-US; rv:1.9.1.13) Gecko/20100914 Firefox/3.5.13','2010-09-30 12:13:58'),(0,1,'110.138.47.171','checkups','report_patient_status','POST','http://poliklinik.baukpoltek.net/checkups/report_patient_status','/index.php?url=checkups/report_patient_status','Mozilla/5.0 (Windows; U; Windows NT 5.1; en-US; rv:1.9.1.13) Gecko/20100914 Firefox/3.5.13','2010-09-30 12:13:53'),(0,1,'110.138.47.171','pages','display','GET','http://poliklinik.baukpoltek.net/users/login','/','Mozilla/5.0 (Windows; U; Windows NT 5.1; en-US; rv:1.9.1.13) Gecko/20100914 Firefox/3.5.13','2010-09-30 12:13:43'),(0,1,'110.138.47.171','checkups','report_patient_status','GET','http://poliklinik.baukpoltek.net/','/index.php?url=checkups/report_patient_status','Mozilla/5.0 (Windows; U; Windows NT 5.1; en-US; rv:1.9.1.13) Gecko/20100914 Firefox/3.5.13','2010-09-30 12:13:49'),(0,1,'110.138.47.171','users','logout','GET','http://poliklinik.baukpoltek.net/medicines','/index.php?url=users/logout','Mozilla/5.0 (Windows; U; Windows NT 5.1; en-US; rv:1.9.1.13) Gecko/20100914 Firefox/3.5.13','2010-09-30 10:41:20'),(0,1,'110.138.47.171','medicines','index','GET','http://poliklinik.baukpoltek.net/medicines/add','/index.php?url=medicines','Mozilla/5.0 (Windows; U; Windows NT 5.1; en-US; rv:1.9.1.13) Gecko/20100914 Firefox/3.5.13','2010-09-30 10:41:06'),(0,1,'110.138.47.171','medicines','add','POST','http://poliklinik.baukpoltek.net/medicines/add','/index.php?url=medicines/add','Mozilla/5.0 (Windows; U; Windows NT 5.1; en-US; rv:1.9.1.13) Gecko/20100914 Firefox/3.5.13','2010-09-30 10:41:06'),(0,1,'110.138.47.171','medicines','add','GET','http://poliklinik.baukpoltek.net/medicines','/index.php?url=medicines/add','Mozilla/5.0 (Windows; U; Windows NT 5.1; en-US; rv:1.9.1.13) Gecko/20100914 Firefox/3.5.13','2010-09-30 10:40:50'),(0,1,'110.138.47.171','medicines','index','GET','http://poliklinik.baukpoltek.net/medicines/add','/index.php?url=medicines','Mozilla/5.0 (Windows; U; Windows NT 5.1; en-US; rv:1.9.1.13) Gecko/20100914 Firefox/3.5.13','2010-09-30 10:40:45'),(0,1,'110.138.47.171','medicines','add','POST','http://poliklinik.baukpoltek.net/medicines/add','/index.php?url=medicines/add','Mozilla/5.0 (Windows; U; Windows NT 5.1; en-US; rv:1.9.1.13) Gecko/20100914 Firefox/3.5.13','2010-09-30 10:40:45'),(0,1,'110.138.47.171','medicines','add','GET','http://poliklinik.baukpoltek.net/medicines','/index.php?url=medicines/add','Mozilla/5.0 (Windows; U; Windows NT 5.1; en-US; rv:1.9.1.13) Gecko/20100914 Firefox/3.5.13','2010-09-30 10:40:32'),(0,1,'110.138.47.171','medicines','index','GET','http://poliklinik.baukpoltek.net/medicines/add','/index.php?url=medicines','Mozilla/5.0 (Windows; U; Windows NT 5.1; en-US; rv:1.9.1.13) Gecko/20100914 Firefox/3.5.13','2010-09-30 10:40:31'),(0,1,'110.138.47.171','medicines','add','POST','http://poliklinik.baukpoltek.net/medicines/add','/index.php?url=medicines/add','Mozilla/5.0 (Windows; U; Windows NT 5.1; en-US; rv:1.9.1.13) Gecko/20100914 Firefox/3.5.13','2010-09-30 10:40:30'),(0,1,'110.138.47.171','medicines','add','GET','http://poliklinik.baukpoltek.net/medicines','/index.php?url=medicines/add','Mozilla/5.0 (Windows; U; Windows NT 5.1; en-US; rv:1.9.1.13) Gecko/20100914 Firefox/3.5.13','2010-09-30 10:40:15'),(0,1,'110.138.47.171','medicines','index','GET','http://poliklinik.baukpoltek.net/medicines/add','/index.php?url=medicines','Mozilla/5.0 (Windows; U; Windows NT 5.1; en-US; rv:1.9.1.13) Gecko/20100914 Firefox/3.5.13','2010-09-30 10:40:10'),(0,1,'110.138.47.171','medicines','add','POST','http://poliklinik.baukpoltek.net/medicines/add','/index.php?url=medicines/add','Mozilla/5.0 (Windows; U; Windows NT 5.1; en-US; rv:1.9.1.13) Gecko/20100914 Firefox/3.5.13','2010-09-30 10:40:10'),(0,1,'110.138.47.171','medicines','add','GET','http://poliklinik.baukpoltek.net/medicines','/index.php?url=medicines/add','Mozilla/5.0 (Windows; U; Windows NT 5.1; en-US; rv:1.9.1.13) Gecko/20100914 Firefox/3.5.13','2010-09-30 10:39:57'),(0,1,'110.138.47.171','medicines','index','GET','http://poliklinik.baukpoltek.net/medicines/add','/index.php?url=medicines','Mozilla/5.0 (Windows; U; Windows NT 5.1; en-US; rv:1.9.1.13) Gecko/20100914 Firefox/3.5.13','2010-09-30 10:39:54'),(0,1,'110.138.47.171','medicines','add','POST','http://poliklinik.baukpoltek.net/medicines/add','/index.php?url=medicines/add','Mozilla/5.0 (Windows; U; Windows NT 5.1; en-US; rv:1.9.1.13) Gecko/20100914 Firefox/3.5.13','2010-09-30 10:39:53'),(0,1,'110.138.47.171','medicines','add','GET','http://poliklinik.baukpoltek.net/medicines','/index.php?url=medicines/add','Mozilla/5.0 (Windows; U; Windows NT 5.1; en-US; rv:1.9.1.13) Gecko/20100914 Firefox/3.5.13','2010-09-30 10:39:39'),(0,1,'110.138.47.171','medicines','index','GET','http://poliklinik.baukpoltek.net/medicines/add','/index.php?url=medicines','Mozilla/5.0 (Windows; U; Windows NT 5.1; en-US; rv:1.9.1.13) Gecko/20100914 Firefox/3.5.13','2010-09-30 10:39:37'),(0,1,'110.138.47.171','medicines','add','POST','http://poliklinik.baukpoltek.net/medicines/add','/index.php?url=medicines/add','Mozilla/5.0 (Windows; U; Windows NT 5.1; en-US; rv:1.9.1.13) Gecko/20100914 Firefox/3.5.13','2010-09-30 10:39:37'),(0,1,'110.138.47.171','medicines','add','GET','http://poliklinik.baukpoltek.net/medicines','/index.php?url=medicines/add','Mozilla/5.0 (Windows; U; Windows NT 5.1; en-US; rv:1.9.1.13) Gecko/20100914 Firefox/3.5.13','2010-09-30 10:39:16'),(0,1,'110.138.47.171','medicines','index','GET','http://poliklinik.baukpoltek.net/medicines','/index.php?url=medicines','Mozilla/5.0 (Windows; U; Windows NT 5.1; en-US; rv:1.9.1.13) Gecko/20100914 Firefox/3.5.13','2010-09-30 10:39:14'),(0,1,'110.138.47.171','medicines','delete_rows','POST','http://poliklinik.baukpoltek.net/medicines','/index.php?url=medicines/delete_rows','Mozilla/5.0 (Windows; U; Windows NT 5.1; en-US; rv:1.9.1.13) Gecko/20100914 Firefox/3.5.13','2010-09-30 10:39:07'),(0,1,'110.138.47.171','medicines','delete_rows','POST','http://poliklinik.baukpoltek.net/medicines','/index.php?url=medicines/delete_rows','Mozilla/5.0 (Windows; U; Windows NT 5.1; en-US; rv:1.9.1.13) Gecko/20100914 Firefox/3.5.13','2010-09-30 10:39:07'),(0,1,'110.138.47.171','medicines','index','GET','http://poliklinik.baukpoltek.net/checkups/report_patient_status','/index.php?url=medicines','Mozilla/5.0 (Windows; U; Windows NT 5.1; en-US; rv:1.9.1.13) Gecko/20100914 Firefox/3.5.13','2010-09-30 10:37:49'),(0,1,'110.138.47.171','checkups','report_patients','GET','http://poliklinik.baukpoltek.net/checkups/report_patient_status','/index.php?url=checkups/report_patients','Mozilla/5.0 (Windows; U; Windows NT 5.1; en-US; rv:1.9.1.13) Gecko/20100914 Firefox/3.5.13','2010-09-30 10:37:43'),(0,1,'110.138.47.171','checkups','report_patient_status','POST','http://poliklinik.baukpoltek.net/checkups/report_patient_status','/index.php?url=checkups/report_patient_status','Mozilla/5.0 (Windows; U; Windows NT 5.1; en-US; rv:1.9.1.13) Gecko/20100914 Firefox/3.5.13','2010-09-30 10:37:33'),(0,1,'110.138.47.171','checkups','report_patient_status','GET','http://poliklinik.baukpoltek.net/','/index.php?url=checkups/report_patient_status','Mozilla/5.0 (Windows; U; Windows NT 5.1; en-US; rv:1.9.1.13) Gecko/20100914 Firefox/3.5.13','2010-09-30 10:37:28'),(0,1,'110.138.47.171','pages','display','GET','http://poliklinik.baukpoltek.net/users/login','/','Mozilla/5.0 (Windows; U; Windows NT 5.1; en-US; rv:1.9.1.13) Gecko/20100914 Firefox/3.5.13','2010-09-30 10:37:23'),(0,13,'222.124.103.211','pages','display','GET','http://poliklinik.baukpoltek.net/users/login','/','Mozilla/5.0 (Windows; U; Windows NT 5.1; id; rv:1.9.2.9) Gecko/20100824 Firefox/3.6.9','2010-09-30 09:10:34'),(0,13,'222.124.103.211','users','logout','GET','http://poliklinik.baukpoltek.net/','/index.php?url=users/logout','Mozilla/5.0 (Windows; U; Windows NT 5.1; id; rv:1.9.2.9) Gecko/20100824 Firefox/3.6.9','2010-09-30 08:50:36'),(0,13,'222.124.103.211','pages','display','GET','http://poliklinik.baukpoltek.net/users/login','/','Mozilla/5.0 (Windows; U; Windows NT 5.1; id; rv:1.9.2.9) Gecko/20100824 Firefox/3.6.9','2010-09-30 08:48:15'),(0,1,'125.160.229.238','users','logout','GET','http://poliklinik.baukpoltek.net/checkups','/index.php?url=users/logout','Mozilla/5.0 (X11; U; Linux i686; en-US; rv:1.9.2.10) Gecko/20100915 Ubuntu/10.04 (lucid) Firefox/3.6.10','2010-09-30 07:24:46'),(0,1,'125.160.229.238','checkups','index','GET','http://poliklinik.baukpoltek.net/users/login','/index.php?url=checkups','Mozilla/5.0 (X11; U; Linux i686; en-US; rv:1.9.2.10) Gecko/20100915 Ubuntu/10.04 (lucid) Firefox/3.6.10','2010-09-30 07:24:34'),(0,1,'125.160.229.238','checkups','edit','GET','http://poliklinik.baukpoltek.net/checkups','/index.php?url=checkups/edit/6','Mozilla/5.0 (X11; U; Linux i686; en-US; rv:1.9.2.10) Gecko/20100915 Ubuntu/10.04 (lucid) Firefox/3.6.10','2010-09-30 06:31:30'),(0,1,'125.160.229.238','checkups','index','GET','','/index.php?url=checkups','Mozilla/5.0 (X11; U; Linux i686; en-US; rv:1.9.2.10) Gecko/20100915 Ubuntu/10.04 (lucid) Firefox/3.6.10','2010-09-30 06:31:24'),(0,1,'125.160.229.238','checkups','index','GET','http://poliklinik.baukpoltek.net/checkups/edit/6','/index.php?url=checkups','Mozilla/5.0 (X11; U; Linux i686; en-US; rv:1.9.2.10) Gecko/20100915 Ubuntu/10.04 (lucid) Firefox/3.6.10','2010-09-30 06:30:53'),(0,1,'125.160.229.238','checkups','report_checktypes','GET','http://poliklinik.baukpoltek.net/checkups/edit/6','/index.php?url=checkups/report_checktypes','Mozilla/5.0 (X11; U; Linux i686; en-US; rv:1.9.2.10) Gecko/20100915 Ubuntu/10.04 (lucid) Firefox/3.6.10','2010-09-30 06:29:12'),(0,1,'125.160.229.238','checkups','report_patients','GET','http://poliklinik.baukpoltek.net/checkups/edit/6','/index.php?url=checkups/report_patients','Mozilla/5.0 (X11; U; Linux i686; en-US; rv:1.9.2.10) Gecko/20100915 Ubuntu/10.04 (lucid) Firefox/3.6.10','2010-09-30 06:29:07'),(0,1,'125.160.229.238','checkups','edit','GET','http://poliklinik.baukpoltek.net/checkups','/index.php?url=checkups/edit/6','Mozilla/5.0 (X11; U; Linux i686; en-US; rv:1.9.2.10) Gecko/20100915 Ubuntu/10.04 (lucid) Firefox/3.6.10','2010-09-30 06:27:18'),(0,1,'125.160.229.238','checkups','index','GET','http://poliklinik.baukpoltek.net/','/index.php?url=checkups','Mozilla/5.0 (X11; U; Linux i686; en-US; rv:1.9.2.10) Gecko/20100915 Ubuntu/10.04 (lucid) Firefox/3.6.10','2010-09-30 06:27:15'),(0,1,'125.160.229.238','pages','display','GET','http://poliklinik.baukpoltek.net/users/login','/','Mozilla/5.0 (X11; U; Linux i686; en-US; rv:1.9.2.10) Gecko/20100915 Ubuntu/10.04 (lucid) Firefox/3.6.10','2010-09-30 06:26:19'),(0,1,'114.57.135.128','users','logout','GET','http://poliklinik.baukpoltek.net/checkups/report_patient_status','/index.php?url=users/logout','Mozilla/4.0 (compatible; MSIE 8.0; Windows NT 6.1; Trident/4.0; SLCC2; .NET CLR 2.0.50727; .NET CLR 3.5.30729; .NET CLR 3.0.30729; Media Center PC 6.0; InfoPath.2; Tablet PC 2.0)','2010-09-30 05:27:01'),(0,1,'114.57.135.128','checkups','report_patient_status','POST','http://poliklinik.baukpoltek.net/checkups/report_patient_status','/index.php?url=checkups/report_patient_status','Mozilla/4.0 (compatible; MSIE 8.0; Windows NT 6.1; Trident/4.0; SLCC2; .NET CLR 2.0.50727; .NET CLR 3.5.30729; .NET CLR 3.0.30729; Media Center PC 6.0; InfoPath.2; Tablet PC 2.0)','2010-09-30 05:26:51'),(0,1,'114.57.135.128','checkups','report_patient_status','GET','http://poliklinik.baukpoltek.net/checkups/report_checkups','/index.php?url=checkups/report_patient_status','Mozilla/4.0 (compatible; MSIE 8.0; Windows NT 6.1; Trident/4.0; SLCC2; .NET CLR 2.0.50727; .NET CLR 3.5.30729; .NET CLR 3.0.30729; Media Center PC 6.0; InfoPath.2; Tablet PC 2.0)','2010-09-30 05:26:41'),(0,1,'114.57.135.128','checkups','report_checkups','POST','http://poliklinik.baukpoltek.net/checkups/report_checkups','/index.php?url=checkups/report_checkups','Mozilla/4.0 (compatible; MSIE 8.0; Windows NT 6.1; Trident/4.0; SLCC2; .NET CLR 2.0.50727; .NET CLR 3.5.30729; .NET CLR 3.0.30729; Media Center PC 6.0; InfoPath.2; Tablet PC 2.0)','2010-09-30 05:26:17'),(0,1,'114.57.135.128','checkups','report_checkups','GET','http://poliklinik.baukpoltek.net/checkups/add','/index.php?url=checkups/report_checkups','Mozilla/4.0 (compatible; MSIE 8.0; Windows NT 6.1; Trident/4.0; SLCC2; .NET CLR 2.0.50727; .NET CLR 3.5.30729; .NET CLR 3.0.30729; Media Center PC 6.0; InfoPath.2; Tablet PC 2.0)','2010-09-30 05:26:12'),(0,1,'114.57.135.128','checkups','report_diagnoses','GET','http://poliklinik.baukpoltek.net/checkups/add','/index.php?url=checkups/report_diagnoses','Mozilla/4.0 (compatible; MSIE 8.0; Windows NT 6.1; Trident/4.0; SLCC2; .NET CLR 2.0.50727; .NET CLR 3.5.30729; .NET CLR 3.0.30729; Media Center PC 6.0; InfoPath.2; Tablet PC 2.0)','2010-09-30 05:26:04'),(0,1,'114.57.135.128','checkups','report_checktypes','GET','http://poliklinik.baukpoltek.net/checkups/add','/index.php?url=checkups/report_checktypes','Mozilla/4.0 (compatible; MSIE 8.0; Windows NT 6.1; Trident/4.0; SLCC2; .NET CLR 2.0.50727; .NET CLR 3.5.30729; .NET CLR 3.0.30729; Media Center PC 6.0; InfoPath.2; Tablet PC 2.0)','2010-09-30 05:25:56'),(0,1,'114.57.135.128','checkups','report_patients','GET','http://poliklinik.baukpoltek.net/checkups/add','/index.php?url=checkups/report_patients','Mozilla/4.0 (compatible; MSIE 8.0; Windows NT 6.1; Trident/4.0; SLCC2; .NET CLR 2.0.50727; .NET CLR 3.5.30729; .NET CLR 3.0.30729; Media Center PC 6.0; InfoPath.2; Tablet PC 2.0)','2010-09-30 05:25:49'),(0,1,'114.57.135.128','checkups','report_diagnoses','GET','http://poliklinik.baukpoltek.net/checkups/add','/index.php?url=checkups/report_diagnoses','Mozilla/4.0 (compatible; MSIE 8.0; Windows NT 6.1; Trident/4.0; SLCC2; .NET CLR 2.0.50727; .NET CLR 3.5.30729; .NET CLR 3.0.30729; Media Center PC 6.0; InfoPath.2; Tablet PC 2.0)','2010-09-30 05:25:26'),(0,1,'114.57.135.128','checkups','patient_detail','GET','http://poliklinik.baukpoltek.net/checkups/add','/index.php?url=checkups/patient_detail/31','Mozilla/4.0 (compatible; MSIE 8.0; Windows NT 6.1; Trident/4.0; SLCC2; .NET CLR 2.0.50727; .NET CLR 3.5.30729; .NET CLR 3.0.30729; Media Center PC 6.0; InfoPath.2; Tablet PC 2.0)','2010-09-30 05:25:07'),(0,1,'114.57.135.128','checkups','add','GET','http://poliklinik.baukpoltek.net/checkups','/index.php?url=checkups/add','Mozilla/4.0 (compatible; MSIE 8.0; Windows NT 6.1; Trident/4.0; SLCC2; .NET CLR 2.0.50727; .NET CLR 3.5.30729; .NET CLR 3.0.30729; Media Center PC 6.0; InfoPath.2; Tablet PC 2.0)','2010-09-30 05:24:02'),(0,1,'114.57.135.128','checkups','index','GET','http://poliklinik.baukpoltek.net/checkups/report_checkups','/index.php?url=checkups','Mozilla/4.0 (compatible; MSIE 8.0; Windows NT 6.1; Trident/4.0; SLCC2; .NET CLR 2.0.50727; .NET CLR 3.5.30729; .NET CLR 3.0.30729; Media Center PC 6.0; InfoPath.2; Tablet PC 2.0)','2010-09-30 05:23:54'),(0,1,'114.57.135.128','checkups','report_checkups','POST','http://poliklinik.baukpoltek.net/checkups/report_checkups','/index.php?url=checkups/report_checkups','Mozilla/4.0 (compatible; MSIE 8.0; Windows NT 6.1; Trident/4.0; SLCC2; .NET CLR 2.0.50727; .NET CLR 3.5.30729; .NET CLR 3.0.30729; Media Center PC 6.0; InfoPath.2; Tablet PC 2.0)','2010-09-30 05:23:41'),(0,1,'114.57.135.128','checkups','report_checkups','GET','http://poliklinik.baukpoltek.net/checkups/report_patient_status','/index.php?url=checkups/report_checkups','Mozilla/4.0 (compatible; MSIE 8.0; Windows NT 6.1; Trident/4.0; SLCC2; .NET CLR 2.0.50727; .NET CLR 3.5.30729; .NET CLR 3.0.30729; Media Center PC 6.0; InfoPath.2; Tablet PC 2.0)','2010-09-30 05:23:34'),(0,1,'114.57.135.128','checkups','report_patient_status','POST','http://poliklinik.baukpoltek.net/checkups/report_patient_status','/index.php?url=checkups/report_patient_status','Mozilla/4.0 (compatible; MSIE 8.0; Windows NT 6.1; Trident/4.0; SLCC2; .NET CLR 2.0.50727; .NET CLR 3.5.30729; .NET CLR 3.0.30729; Media Center PC 6.0; InfoPath.2; Tablet PC 2.0)','2010-09-30 05:23:22'),(0,1,'114.57.135.128','checkups','report_patient_status','GET','http://poliklinik.baukpoltek.net/','/index.php?url=checkups/report_patient_status','Mozilla/4.0 (compatible; MSIE 8.0; Windows NT 6.1; Trident/4.0; SLCC2; .NET CLR 2.0.50727; .NET CLR 3.5.30729; .NET CLR 3.0.30729; Media Center PC 6.0; InfoPath.2; Tablet PC 2.0)','2010-09-30 05:23:13'),(0,1,'114.57.135.128','pages','display','GET','http://poliklinik.baukpoltek.net/users/login','/','Mozilla/4.0 (compatible; MSIE 8.0; Windows NT 6.1; Trident/4.0; SLCC2; .NET CLR 2.0.50727; .NET CLR 3.5.30729; .NET CLR 3.0.30729; Media Center PC 6.0; InfoPath.2; Tablet PC 2.0)','2010-09-30 05:23:06'),(0,1,'114.59.179.56','users','logout','GET','http://poliklinik.baukpoltek.net/','/index.php?url=users/logout','Mozilla/4.0 (compatible; MSIE 8.0; Windows NT 6.1; Trident/4.0; SLCC2; .NET CLR 2.0.50727; .NET CLR 3.5.30729; .NET CLR 3.0.30729; Media Center PC 6.0; InfoPath.2; Tablet PC 2.0)','2010-09-29 22:38:45'),(0,1,'114.59.179.56','checkups','report_patients','GET','http://poliklinik.baukpoltek.net/','/index.php?url=checkups/report_patients','Mozilla/4.0 (compatible; MSIE 8.0; Windows NT 6.1; Trident/4.0; SLCC2; .NET CLR 2.0.50727; .NET CLR 3.5.30729; .NET CLR 3.0.30729; Media Center PC 6.0; InfoPath.2; Tablet PC 2.0)','2010-09-29 22:38:35'),(0,1,'114.59.179.56','pages','display','GET','http://poliklinik.baukpoltek.net/users/login','/','Mozilla/4.0 (compatible; MSIE 8.0; Windows NT 6.1; Trident/4.0; SLCC2; .NET CLR 2.0.50727; .NET CLR 3.5.30729; .NET CLR 3.0.30729; Media Center PC 6.0; InfoPath.2; Tablet PC 2.0)','2010-09-29 22:38:27'),(0,13,'180.214.232.25','users','logout','GET','http://poliklinik.baukpoltek.net/users/permission_denied','/index.php?url=users/logout','Mozilla/4.0 (compatible; MSIE 8.0; Windows NT 6.1; Trident/4.0; SLCC2; .NET CLR 2.0.50727; .NET CLR 3.5.30729; .NET CLR 3.0.30729; Media Center PC 6.0; InfoPath.2; Tablet PC 2.0)','2010-09-29 21:25:29'),(0,13,'180.214.232.25','users','permission_denied','GET','http://poliklinik.baukpoltek.net/users/login','/index.php?url=users/permission_denied','Mozilla/4.0 (compatible; MSIE 8.0; Windows NT 6.1; Trident/4.0; SLCC2; .NET CLR 2.0.50727; .NET CLR 3.5.30729; .NET CLR 3.0.30729; Media Center PC 6.0; InfoPath.2; Tablet PC 2.0)','2010-09-29 21:25:22'),(0,8,'180.214.232.25','users','logout','GET','http://poliklinik.baukpoltek.net/users/permission_denied','/index.php?url=users/logout','Mozilla/4.0 (compatible; MSIE 8.0; Windows NT 6.1; Trident/4.0; SLCC2; .NET CLR 2.0.50727; .NET CLR 3.5.30729; .NET CLR 3.0.30729; Media Center PC 6.0; InfoPath.2; Tablet PC 2.0)','2010-09-29 21:25:06'),(0,8,'180.214.232.25','users','permission_denied','GET','http://poliklinik.baukpoltek.net/users/login','/index.php?url=users/permission_denied','Mozilla/4.0 (compatible; MSIE 8.0; Windows NT 6.1; Trident/4.0; SLCC2; .NET CLR 2.0.50727; .NET CLR 3.5.30729; .NET CLR 3.0.30729; Media Center PC 6.0; InfoPath.2; Tablet PC 2.0)','2010-09-29 21:24:57'),(0,8,'180.214.232.25','users','index','GET','http://poliklinik.baukpoltek.net/users/login','/index.php?url=users','Mozilla/4.0 (compatible; MSIE 8.0; Windows NT 6.1; Trident/4.0; SLCC2; .NET CLR 2.0.50727; .NET CLR 3.5.30729; .NET CLR 3.0.30729; Media Center PC 6.0; InfoPath.2; Tablet PC 2.0)','2010-09-29 21:24:56'),(0,1,'180.214.232.25','users','logout','GET','http://poliklinik.baukpoltek.net/users','/index.php?url=users/logout','Mozilla/4.0 (compatible; MSIE 8.0; Windows NT 6.1; Trident/4.0; SLCC2; .NET CLR 2.0.50727; .NET CLR 3.5.30729; .NET CLR 3.0.30729; Media Center PC 6.0; InfoPath.2; Tablet PC 2.0)','2010-09-29 21:24:40'),(0,1,'180.214.232.25','users','index','GET','http://poliklinik.baukpoltek.net/users/edit/8','/index.php?url=users','Mozilla/4.0 (compatible; MSIE 8.0; Windows NT 6.1; Trident/4.0; SLCC2; .NET CLR 2.0.50727; .NET CLR 3.5.30729; .NET CLR 3.0.30729; Media Center PC 6.0; InfoPath.2; Tablet PC 2.0)','2010-09-29 21:24:23'),(0,1,'180.214.232.25','users','edit','PUT','http://poliklinik.baukpoltek.net/users/edit/8','/index.php?url=users/edit/8','Mozilla/4.0 (compatible; MSIE 8.0; Windows NT 6.1; Trident/4.0; SLCC2; .NET CLR 2.0.50727; .NET CLR 3.5.30729; .NET CLR 3.0.30729; Media Center PC 6.0; InfoPath.2; Tablet PC 2.0)','2010-09-29 21:24:22'),(0,1,'180.214.232.25','users','edit','GET','http://poliklinik.baukpoltek.net/users','/index.php?url=users/edit/8','Mozilla/4.0 (compatible; MSIE 8.0; Windows NT 6.1; Trident/4.0; SLCC2; .NET CLR 2.0.50727; .NET CLR 3.5.30729; .NET CLR 3.0.30729; Media Center PC 6.0; InfoPath.2; Tablet PC 2.0)','2010-09-29 21:23:25'),(0,1,'180.214.232.25','users','index','GET','http://poliklinik.baukpoltek.net/checkups','/index.php?url=users','Mozilla/4.0 (compatible; MSIE 8.0; Windows NT 6.1; Trident/4.0; SLCC2; .NET CLR 2.0.50727; .NET CLR 3.5.30729; .NET CLR 3.0.30729; Media Center PC 6.0; InfoPath.2; Tablet PC 2.0)','2010-09-29 21:23:15'),(0,1,'180.214.232.25','checkups','report_patients','GET','http://poliklinik.baukpoltek.net/checkups','/index.php?url=checkups/report_patients','Mozilla/4.0 (compatible; MSIE 8.0; Windows NT 6.1; Trident/4.0; SLCC2; .NET CLR 2.0.50727; .NET CLR 3.5.30729; .NET CLR 3.0.30729; Media Center PC 6.0; InfoPath.2; Tablet PC 2.0)','2010-09-29 21:22:58'),(0,1,'180.214.232.25','checkups','delete_rows','POST','http://poliklinik.baukpoltek.net/checkups','/index.php?url=checkups/delete_rows','Mozilla/4.0 (compatible; MSIE 8.0; Windows NT 6.1; Trident/4.0; SLCC2; .NET CLR 2.0.50727; .NET CLR 3.5.30729; .NET CLR 3.0.30729; Media Center PC 6.0; InfoPath.2; Tablet PC 2.0)','2010-09-29 21:22:50'),(0,1,'180.214.232.25','checkups','delete_rows','POST','http://poliklinik.baukpoltek.net/checkups','/index.php?url=checkups/delete_rows','Mozilla/4.0 (compatible; MSIE 8.0; Windows NT 6.1; Trident/4.0; SLCC2; .NET CLR 2.0.50727; .NET CLR 3.5.30729; .NET CLR 3.0.30729; Media Center PC 6.0; InfoPath.2; Tablet PC 2.0)','2010-09-29 21:22:50'),(0,1,'180.214.232.25','checkups','index','GET','http://poliklinik.baukpoltek.net/checkups','/index.php?url=checkups','Mozilla/4.0 (compatible; MSIE 8.0; Windows NT 6.1; Trident/4.0; SLCC2; .NET CLR 2.0.50727; .NET CLR 3.5.30729; .NET CLR 3.0.30729; Media Center PC 6.0; InfoPath.2; Tablet PC 2.0)','2010-09-29 21:22:32'),(0,1,'180.214.232.25','checkups','report_patients','GET','http://poliklinik.baukpoltek.net/checkups','/index.php?url=checkups/report_patients','Mozilla/4.0 (compatible; MSIE 8.0; Windows NT 6.1; Trident/4.0; SLCC2; .NET CLR 2.0.50727; .NET CLR 3.5.30729; .NET CLR 3.0.30729; Media Center PC 6.0; InfoPath.2; Tablet PC 2.0)','2010-09-29 21:22:23'),(0,1,'180.214.232.25','checkups','index','GET','http://poliklinik.baukpoltek.net/checkups/report_patient_status','/index.php?url=checkups','Mozilla/4.0 (compatible; MSIE 8.0; Windows NT 6.1; Trident/4.0; SLCC2; .NET CLR 2.0.50727; .NET CLR 3.5.30729; .NET CLR 3.0.30729; Media Center PC 6.0; InfoPath.2; Tablet PC 2.0)','2010-09-29 21:22:08'),(0,1,'180.214.232.25','checkups','report_patient_status','POST','http://poliklinik.baukpoltek.net/checkups/report_patient_status','/index.php?url=checkups/report_patient_status','Mozilla/4.0 (compatible; MSIE 8.0; Windows NT 6.1; Trident/4.0; SLCC2; .NET CLR 2.0.50727; .NET CLR 3.5.30729; .NET CLR 3.0.30729; Media Center PC 6.0; InfoPath.2; Tablet PC 2.0)','2010-09-29 21:20:45'),(0,1,'180.214.232.25','checkups','report_patient_status','GET','http://poliklinik.baukpoltek.net/medicines','/index.php?url=checkups/report_patient_status','Mozilla/4.0 (compatible; MSIE 8.0; Windows NT 6.1; Trident/4.0; SLCC2; .NET CLR 2.0.50727; .NET CLR 3.5.30729; .NET CLR 3.0.30729; Media Center PC 6.0; InfoPath.2; Tablet PC 2.0)','2010-09-29 21:20:37'),(0,1,'180.214.232.25','medicines','index','GET','http://poliklinik.baukpoltek.net/checktypes','/index.php?url=medicines','Mozilla/4.0 (compatible; MSIE 8.0; Windows NT 6.1; Trident/4.0; SLCC2; .NET CLR 2.0.50727; .NET CLR 3.5.30729; .NET CLR 3.0.30729; Media Center PC 6.0; InfoPath.2; Tablet PC 2.0)','2010-09-29 21:20:25'),(0,1,'180.214.232.25','checktypes','index','GET','http://poliklinik.baukpoltek.net/checktypes/edit/2','/index.php?url=checktypes','Mozilla/4.0 (compatible; MSIE 8.0; Windows NT 6.1; Trident/4.0; SLCC2; .NET CLR 2.0.50727; .NET CLR 3.5.30729; .NET CLR 3.0.30729; Media Center PC 6.0; InfoPath.2; Tablet PC 2.0)','2010-09-29 21:20:11'),(0,1,'180.214.232.25','checktypes','edit','PUT','http://poliklinik.baukpoltek.net/checktypes/edit/2','/index.php?url=checktypes/edit/2','Mozilla/4.0 (compatible; MSIE 8.0; Windows NT 6.1; Trident/4.0; SLCC2; .NET CLR 2.0.50727; .NET CLR 3.5.30729; .NET CLR 3.0.30729; Media Center PC 6.0; InfoPath.2; Tablet PC 2.0)','2010-09-29 21:20:10'),(0,1,'180.214.232.25','checktypes','edit','GET','http://poliklinik.baukpoltek.net/checktypes','/index.php?url=checktypes/edit/2','Mozilla/4.0 (compatible; MSIE 8.0; Windows NT 6.1; Trident/4.0; SLCC2; .NET CLR 2.0.50727; .NET CLR 3.5.30729; .NET CLR 3.0.30729; Media Center PC 6.0; InfoPath.2; Tablet PC 2.0)','2010-09-29 21:19:56'),(0,1,'180.214.232.25','checktypes','index','GET','http://poliklinik.baukpoltek.net/checktypes/edit/4','/index.php?url=checktypes','Mozilla/4.0 (compatible; MSIE 8.0; Windows NT 6.1; Trident/4.0; SLCC2; .NET CLR 2.0.50727; .NET CLR 3.5.30729; .NET CLR 3.0.30729; Media Center PC 6.0; InfoPath.2; Tablet PC 2.0)','2010-09-29 21:19:40'),(0,1,'180.214.232.25','checktypes','edit','PUT','http://poliklinik.baukpoltek.net/checktypes/edit/4','/index.php?url=checktypes/edit/4','Mozilla/4.0 (compatible; MSIE 8.0; Windows NT 6.1; Trident/4.0; SLCC2; .NET CLR 2.0.50727; .NET CLR 3.5.30729; .NET CLR 3.0.30729; Media Center PC 6.0; InfoPath.2; Tablet PC 2.0)','2010-09-29 21:19:39'),(0,1,'180.214.232.25','checktypes','edit','GET','http://poliklinik.baukpoltek.net/checktypes','/index.php?url=checktypes/edit/4','Mozilla/4.0 (compatible; MSIE 8.0; Windows NT 6.1; Trident/4.0; SLCC2; .NET CLR 2.0.50727; .NET CLR 3.5.30729; .NET CLR 3.0.30729; Media Center PC 6.0; InfoPath.2; Tablet PC 2.0)','2010-09-29 21:19:30'),(0,1,'180.214.232.25','checktypes','index','GET','http://poliklinik.baukpoltek.net/checktypes/edit/3','/index.php?url=checktypes','Mozilla/4.0 (compatible; MSIE 8.0; Windows NT 6.1; Trident/4.0; SLCC2; .NET CLR 2.0.50727; .NET CLR 3.5.30729; .NET CLR 3.0.30729; Media Center PC 6.0; InfoPath.2; Tablet PC 2.0)','2010-09-29 21:19:24'),(0,1,'180.214.232.25','checktypes','edit','PUT','http://poliklinik.baukpoltek.net/checktypes/edit/3','/index.php?url=checktypes/edit/3','Mozilla/4.0 (compatible; MSIE 8.0; Windows NT 6.1; Trident/4.0; SLCC2; .NET CLR 2.0.50727; .NET CLR 3.5.30729; .NET CLR 3.0.30729; Media Center PC 6.0; InfoPath.2; Tablet PC 2.0)','2010-09-29 21:19:23'),(0,1,'180.214.232.25','checktypes','edit','GET','http://poliklinik.baukpoltek.net/checktypes','/index.php?url=checktypes/edit/3','Mozilla/4.0 (compatible; MSIE 8.0; Windows NT 6.1; Trident/4.0; SLCC2; .NET CLR 2.0.50727; .NET CLR 3.5.30729; .NET CLR 3.0.30729; Media Center PC 6.0; InfoPath.2; Tablet PC 2.0)','2010-09-29 21:19:14'),(0,1,'180.214.232.25','checktypes','index','GET','http://poliklinik.baukpoltek.net/checktypes/edit/1','/index.php?url=checktypes','Mozilla/4.0 (compatible; MSIE 8.0; Windows NT 6.1; Trident/4.0; SLCC2; .NET CLR 2.0.50727; .NET CLR 3.5.30729; .NET CLR 3.0.30729; Media Center PC 6.0; InfoPath.2; Tablet PC 2.0)','2010-09-29 21:19:01'),(0,1,'180.214.232.25','checktypes','edit','PUT','http://poliklinik.baukpoltek.net/checktypes/edit/1','/index.php?url=checktypes/edit/1','Mozilla/4.0 (compatible; MSIE 8.0; Windows NT 6.1; Trident/4.0; SLCC2; .NET CLR 2.0.50727; .NET CLR 3.5.30729; .NET CLR 3.0.30729; Media Center PC 6.0; InfoPath.2; Tablet PC 2.0)','2010-09-29 21:19:00'),(0,1,'180.214.232.25','checktypes','edit','GET','http://poliklinik.baukpoltek.net/checktypes','/index.php?url=checktypes/edit/1','Mozilla/4.0 (compatible; MSIE 8.0; Windows NT 6.1; Trident/4.0; SLCC2; .NET CLR 2.0.50727; .NET CLR 3.5.30729; .NET CLR 3.0.30729; Media Center PC 6.0; InfoPath.2; Tablet PC 2.0)','2010-09-29 21:18:52'),(0,1,'180.214.232.25','checktypes','index','GET','http://poliklinik.baukpoltek.net/handler_types','/index.php?url=checktypes','Mozilla/4.0 (compatible; MSIE 8.0; Windows NT 6.1; Trident/4.0; SLCC2; .NET CLR 2.0.50727; .NET CLR 3.5.30729; .NET CLR 3.0.30729; Media Center PC 6.0; InfoPath.2; Tablet PC 2.0)','2010-09-29 21:18:35'),(0,1,'180.214.232.25','handler_types','index','GET','http://poliklinik.baukpoltek.net/diagnoses','/index.php?url=handler_types','Mozilla/4.0 (compatible; MSIE 8.0; Windows NT 6.1; Trident/4.0; SLCC2; .NET CLR 2.0.50727; .NET CLR 3.5.30729; .NET CLR 3.0.30729; Media Center PC 6.0; InfoPath.2; Tablet PC 2.0)','2010-09-29 21:18:29'),(0,1,'180.214.232.25','diagnoses','index','GET','http://poliklinik.baukpoltek.net/diagnoses/add','/index.php?url=diagnoses','Mozilla/4.0 (compatible; MSIE 8.0; Windows NT 6.1; Trident/4.0; SLCC2; .NET CLR 2.0.50727; .NET CLR 3.5.30729; .NET CLR 3.0.30729; Media Center PC 6.0; InfoPath.2; Tablet PC 2.0)','2010-09-29 21:18:19'),(0,1,'180.214.232.25','diagnoses','add','POST','http://poliklinik.baukpoltek.net/diagnoses/add','/index.php?url=diagnoses/add','Mozilla/4.0 (compatible; MSIE 8.0; Windows NT 6.1; Trident/4.0; SLCC2; .NET CLR 2.0.50727; .NET CLR 3.5.30729; .NET CLR 3.0.30729; Media Center PC 6.0; InfoPath.2; Tablet PC 2.0)','2010-09-29 21:18:18'),(0,1,'180.214.232.25','diagnoses','add','GET','http://poliklinik.baukpoltek.net/diagnoses','/index.php?url=diagnoses/add','Mozilla/4.0 (compatible; MSIE 8.0; Windows NT 6.1; Trident/4.0; SLCC2; .NET CLR 2.0.50727; .NET CLR 3.5.30729; .NET CLR 3.0.30729; Media Center PC 6.0; InfoPath.2; Tablet PC 2.0)','2010-09-29 21:18:01'),(0,1,'180.214.232.25','diagnoses','index','GET','http://poliklinik.baukpoltek.net/diagnoses/add','/index.php?url=diagnoses','Mozilla/4.0 (compatible; MSIE 8.0; Windows NT 6.1; Trident/4.0; SLCC2; .NET CLR 2.0.50727; .NET CLR 3.5.30729; .NET CLR 3.0.30729; Media Center PC 6.0; InfoPath.2; Tablet PC 2.0)','2010-09-29 21:17:56'),(0,1,'180.214.232.25','diagnoses','add','POST','http://poliklinik.baukpoltek.net/diagnoses/add','/index.php?url=diagnoses/add','Mozilla/4.0 (compatible; MSIE 8.0; Windows NT 6.1; Trident/4.0; SLCC2; .NET CLR 2.0.50727; .NET CLR 3.5.30729; .NET CLR 3.0.30729; Media Center PC 6.0; InfoPath.2; Tablet PC 2.0)','2010-09-29 21:17:55'),(0,1,'180.214.232.25','diagnoses','add','GET','http://poliklinik.baukpoltek.net/diagnoses','/index.php?url=diagnoses/add','Mozilla/4.0 (compatible; MSIE 8.0; Windows NT 6.1; Trident/4.0; SLCC2; .NET CLR 2.0.50727; .NET CLR 3.5.30729; .NET CLR 3.0.30729; Media Center PC 6.0; InfoPath.2; Tablet PC 2.0)','2010-09-29 21:17:45'),(0,1,'180.214.232.25','diagnoses','index','GET','http://poliklinik.baukpoltek.net/diagnoses/add','/index.php?url=diagnoses','Mozilla/4.0 (compatible; MSIE 8.0; Windows NT 6.1; Trident/4.0; SLCC2; .NET CLR 2.0.50727; .NET CLR 3.5.30729; .NET CLR 3.0.30729; Media Center PC 6.0; InfoPath.2; Tablet PC 2.0)','2010-09-29 21:17:39'),(0,1,'180.214.232.25','diagnoses','add','POST','http://poliklinik.baukpoltek.net/diagnoses/add','/index.php?url=diagnoses/add','Mozilla/4.0 (compatible; MSIE 8.0; Windows NT 6.1; Trident/4.0; SLCC2; .NET CLR 2.0.50727; .NET CLR 3.5.30729; .NET CLR 3.0.30729; Media Center PC 6.0; InfoPath.2; Tablet PC 2.0)','2010-09-29 21:17:38'),(0,1,'180.214.232.25','diagnoses','add','GET','http://poliklinik.baukpoltek.net/diagnoses','/index.php?url=diagnoses/add','Mozilla/4.0 (compatible; MSIE 8.0; Windows NT 6.1; Trident/4.0; SLCC2; .NET CLR 2.0.50727; .NET CLR 3.5.30729; .NET CLR 3.0.30729; Media Center PC 6.0; InfoPath.2; Tablet PC 2.0)','2010-09-29 21:17:26'),(0,1,'180.214.232.25','diagnoses','index','GET','http://poliklinik.baukpoltek.net/diagnoses/add','/index.php?url=diagnoses','Mozilla/4.0 (compatible; MSIE 8.0; Windows NT 6.1; Trident/4.0; SLCC2; .NET CLR 2.0.50727; .NET CLR 3.5.30729; .NET CLR 3.0.30729; Media Center PC 6.0; InfoPath.2; Tablet PC 2.0)','2010-09-29 21:17:21'),(0,1,'180.214.232.25','diagnoses','add','POST','http://poliklinik.baukpoltek.net/diagnoses/add','/index.php?url=diagnoses/add','Mozilla/4.0 (compatible; MSIE 8.0; Windows NT 6.1; Trident/4.0; SLCC2; .NET CLR 2.0.50727; .NET CLR 3.5.30729; .NET CLR 3.0.30729; Media Center PC 6.0; InfoPath.2; Tablet PC 2.0)','2010-09-29 21:17:19'),(0,1,'180.214.232.25','diagnoses','add','GET','http://poliklinik.baukpoltek.net/diagnoses','/index.php?url=diagnoses/add','Mozilla/4.0 (compatible; MSIE 8.0; Windows NT 6.1; Trident/4.0; SLCC2; .NET CLR 2.0.50727; .NET CLR 3.5.30729; .NET CLR 3.0.30729; Media Center PC 6.0; InfoPath.2; Tablet PC 2.0)','2010-09-29 21:17:06'),(0,1,'180.214.232.25','diagnoses','index','GET','http://poliklinik.baukpoltek.net/diagnoses/add','/index.php?url=diagnoses','Mozilla/4.0 (compatible; MSIE 8.0; Windows NT 6.1; Trident/4.0; SLCC2; .NET CLR 2.0.50727; .NET CLR 3.5.30729; .NET CLR 3.0.30729; Media Center PC 6.0; InfoPath.2; Tablet PC 2.0)','2010-09-29 21:17:01'),(0,1,'180.214.232.25','diagnoses','add','POST','http://poliklinik.baukpoltek.net/diagnoses/add','/index.php?url=diagnoses/add','Mozilla/4.0 (compatible; MSIE 8.0; Windows NT 6.1; Trident/4.0; SLCC2; .NET CLR 2.0.50727; .NET CLR 3.5.30729; .NET CLR 3.0.30729; Media Center PC 6.0; InfoPath.2; Tablet PC 2.0)','2010-09-29 21:17:00'),(0,1,'180.214.232.25','diagnoses','add','GET','http://poliklinik.baukpoltek.net/diagnoses','/index.php?url=diagnoses/add','Mozilla/4.0 (compatible; MSIE 8.0; Windows NT 6.1; Trident/4.0; SLCC2; .NET CLR 2.0.50727; .NET CLR 3.5.30729; .NET CLR 3.0.30729; Media Center PC 6.0; InfoPath.2; Tablet PC 2.0)','2010-09-29 21:16:50'),(0,1,'180.214.232.25','diagnoses','index','GET','http://poliklinik.baukpoltek.net/diagnoses/add','/index.php?url=diagnoses','Mozilla/4.0 (compatible; MSIE 8.0; Windows NT 6.1; Trident/4.0; SLCC2; .NET CLR 2.0.50727; .NET CLR 3.5.30729; .NET CLR 3.0.30729; Media Center PC 6.0; InfoPath.2; Tablet PC 2.0)','2010-09-29 21:16:46'),(0,1,'180.214.232.25','diagnoses','add','POST','http://poliklinik.baukpoltek.net/diagnoses/add','/index.php?url=diagnoses/add','Mozilla/4.0 (compatible; MSIE 8.0; Windows NT 6.1; Trident/4.0; SLCC2; .NET CLR 2.0.50727; .NET CLR 3.5.30729; .NET CLR 3.0.30729; Media Center PC 6.0; InfoPath.2; Tablet PC 2.0)','2010-09-29 21:16:45'),(0,1,'180.214.232.25','diagnoses','add','GET','http://poliklinik.baukpoltek.net/diagnoses','/index.php?url=diagnoses/add','Mozilla/4.0 (compatible; MSIE 8.0; Windows NT 6.1; Trident/4.0; SLCC2; .NET CLR 2.0.50727; .NET CLR 3.5.30729; .NET CLR 3.0.30729; Media Center PC 6.0; InfoPath.2; Tablet PC 2.0)','2010-09-29 21:16:31'),(0,1,'180.214.232.25','diagnoses','index','GET','http://poliklinik.baukpoltek.net/diagnoses/add','/index.php?url=diagnoses','Mozilla/4.0 (compatible; MSIE 8.0; Windows NT 6.1; Trident/4.0; SLCC2; .NET CLR 2.0.50727; .NET CLR 3.5.30729; .NET CLR 3.0.30729; Media Center PC 6.0; InfoPath.2; Tablet PC 2.0)','2010-09-29 21:16:24'),(0,1,'180.214.232.25','diagnoses','add','POST','http://poliklinik.baukpoltek.net/diagnoses/add','/index.php?url=diagnoses/add','Mozilla/4.0 (compatible; MSIE 8.0; Windows NT 6.1; Trident/4.0; SLCC2; .NET CLR 2.0.50727; .NET CLR 3.5.30729; .NET CLR 3.0.30729; Media Center PC 6.0; InfoPath.2; Tablet PC 2.0)','2010-09-29 21:16:22'),(0,1,'180.214.232.25','diagnoses','add','GET','http://poliklinik.baukpoltek.net/diagnoses','/index.php?url=diagnoses/add','Mozilla/4.0 (compatible; MSIE 8.0; Windows NT 6.1; Trident/4.0; SLCC2; .NET CLR 2.0.50727; .NET CLR 3.5.30729; .NET CLR 3.0.30729; Media Center PC 6.0; InfoPath.2; Tablet PC 2.0)','2010-09-29 21:16:12'),(0,1,'180.214.232.25','diagnoses','index','GET','http://poliklinik.baukpoltek.net/diagnoses/add','/index.php?url=diagnoses','Mozilla/4.0 (compatible; MSIE 8.0; Windows NT 6.1; Trident/4.0; SLCC2; .NET CLR 2.0.50727; .NET CLR 3.5.30729; .NET CLR 3.0.30729; Media Center PC 6.0; InfoPath.2; Tablet PC 2.0)','2010-09-29 21:16:07'),(0,1,'180.214.232.25','diagnoses','add','POST','http://poliklinik.baukpoltek.net/diagnoses/add','/index.php?url=diagnoses/add','Mozilla/4.0 (compatible; MSIE 8.0; Windows NT 6.1; Trident/4.0; SLCC2; .NET CLR 2.0.50727; .NET CLR 3.5.30729; .NET CLR 3.0.30729; Media Center PC 6.0; InfoPath.2; Tablet PC 2.0)','2010-09-29 21:16:05'),(0,1,'180.214.232.25','diagnoses','add','GET','http://poliklinik.baukpoltek.net/diagnoses','/index.php?url=diagnoses/add','Mozilla/4.0 (compatible; MSIE 8.0; Windows NT 6.1; Trident/4.0; SLCC2; .NET CLR 2.0.50727; .NET CLR 3.5.30729; .NET CLR 3.0.30729; Media Center PC 6.0; InfoPath.2; Tablet PC 2.0)','2010-09-29 21:15:46'),(0,1,'180.214.232.25','diagnoses','index','GET','http://poliklinik.baukpoltek.net/diagnoses/add','/index.php?url=diagnoses','Mozilla/4.0 (compatible; MSIE 8.0; Windows NT 6.1; Trident/4.0; SLCC2; .NET CLR 2.0.50727; .NET CLR 3.5.30729; .NET CLR 3.0.30729; Media Center PC 6.0; InfoPath.2; Tablet PC 2.0)','2010-09-29 21:15:41'),(0,1,'180.214.232.25','diagnoses','add','POST','http://poliklinik.baukpoltek.net/diagnoses/add','/index.php?url=diagnoses/add','Mozilla/4.0 (compatible; MSIE 8.0; Windows NT 6.1; Trident/4.0; SLCC2; .NET CLR 2.0.50727; .NET CLR 3.5.30729; .NET CLR 3.0.30729; Media Center PC 6.0; InfoPath.2; Tablet PC 2.0)','2010-09-29 21:15:37'),(0,1,'180.214.232.25','diagnoses','add','GET','http://poliklinik.baukpoltek.net/diagnoses','/index.php?url=diagnoses/add','Mozilla/4.0 (compatible; MSIE 8.0; Windows NT 6.1; Trident/4.0; SLCC2; .NET CLR 2.0.50727; .NET CLR 3.5.30729; .NET CLR 3.0.30729; Media Center PC 6.0; InfoPath.2; Tablet PC 2.0)','2010-09-29 21:15:26'),(0,1,'202.153.225.69','pages','display','GET','http://poliklinik.baukpoltek.net/users/login','/','Mozilla/5.0 (Windows; U; Windows NT 5.1; en-US; rv:1.9.1.13) Gecko/20100914 Firefox/3.5.13','2010-09-29 12:33:47'),(0,1,'202.153.225.69','checkups','report_patients','GET','http://poliklinik.baukpoltek.net/','/index.php?url=checkups/report_patients','Mozilla/5.0 (Windows; U; Windows NT 5.1; en-US; rv:1.9.1.13) Gecko/20100914 Firefox/3.5.13','2010-09-29 12:33:50'),(0,1,'202.153.225.69','checkups','report_patient_status','GET','http://poliklinik.baukpoltek.net/','/index.php?url=checkups/report_patient_status','Mozilla/5.0 (Windows; U; Windows NT 5.1; en-US; rv:1.9.1.13) Gecko/20100914 Firefox/3.5.13','2010-09-29 12:33:54'),(0,1,'202.153.225.69','checkups','report_patient_status','POST','http://poliklinik.baukpoltek.net/checkups/report_patient_status','/index.php?url=checkups/report_patient_status','Mozilla/5.0 (Windows; U; Windows NT 5.1; en-US; rv:1.9.1.13) Gecko/20100914 Firefox/3.5.13','2010-09-29 12:34:01'),(0,1,'202.153.225.69','checkups','report_patient_status','POST','http://poliklinik.baukpoltek.net/checkups/report_patient_status','/index.php?url=checkups/report_patient_status','Mozilla/5.0 (Windows; U; Windows NT 5.1; en-US; rv:1.9.1.13) Gecko/20100914 Firefox/3.5.13','2010-09-29 12:34:12'),(0,1,'202.153.225.69','checkups','report_checkups','GET','http://poliklinik.baukpoltek.net/checkups/report_patient_status','/index.php?url=checkups/report_checkups','Mozilla/5.0 (Windows; U; Windows NT 5.1; en-US; rv:1.9.1.13) Gecko/20100914 Firefox/3.5.13','2010-09-29 12:34:25'),(0,1,'202.153.225.69','checkups','report_checkups','POST','http://poliklinik.baukpoltek.net/checkups/report_checkups','/index.php?url=checkups/report_checkups','Mozilla/5.0 (Windows; U; Windows NT 5.1; en-US; rv:1.9.1.13) Gecko/20100914 Firefox/3.5.13','2010-09-29 12:34:28'),(0,1,'202.153.225.69','checkups','report_checkups','POST','http://poliklinik.baukpoltek.net/checkups/report_checkups','/index.php?url=checkups/report_checkups','Mozilla/5.0 (Windows; U; Windows NT 5.1; en-US; rv:1.9.1.13) Gecko/20100914 Firefox/3.5.13','2010-09-29 12:35:44'),(0,1,'202.153.225.69','checkups','report_checktypes','GET','http://poliklinik.baukpoltek.net/checkups/report_checkups','/index.php?url=checkups/report_checktypes','Mozilla/5.0 (Windows; U; Windows NT 5.1; en-US; rv:1.9.1.13) Gecko/20100914 Firefox/3.5.13','2010-09-29 12:35:53'),(0,1,'110.138.44.239','pages','display','GET','http://poliklinik.baukpoltek.net/users/login','/','Mozilla/5.0 (Windows; U; Windows NT 5.1; en-US; rv:1.9.1.13) Gecko/20100914 Firefox/3.5.13','2010-09-29 17:19:52'),(0,1,'110.138.44.239','diagnoses','index','GET','http://poliklinik.baukpoltek.net/','/index.php?url=diagnoses','Mozilla/5.0 (Windows; U; Windows NT 5.1; en-US; rv:1.9.1.13) Gecko/20100914 Firefox/3.5.13','2010-09-29 17:20:00'),(0,1,'110.138.44.239','checkups','index','GET','http://poliklinik.baukpoltek.net/diagnoses','/index.php?url=checkups','Mozilla/5.0 (Windows; U; Windows NT 5.1; en-US; rv:1.9.1.13) Gecko/20100914 Firefox/3.5.13','2010-09-29 17:20:16'),(0,1,'110.138.44.239','checkups','index','GET','http://poliklinik.baukpoltek.net/checkups','/index.php?url=checkups','Mozilla/5.0 (Windows; U; Windows NT 5.1; en-US; rv:1.9.1.13) Gecko/20100914 Firefox/3.5.13','2010-09-29 17:20:20'),(0,1,'110.138.44.239','checkups','edit','GET','http://poliklinik.baukpoltek.net/checkups','/index.php?url=checkups/edit/6','Mozilla/5.0 (Windows; U; Windows NT 5.1; en-US; rv:1.9.1.13) Gecko/20100914 Firefox/3.5.13','2010-09-29 17:20:24'),(0,1,'110.138.44.239','checkups','report_patient_status','GET','http://poliklinik.baukpoltek.net/checkups/edit/6','/index.php?url=checkups/report_patient_status','Mozilla/5.0 (Windows; U; Windows NT 5.1; en-US; rv:1.9.1.13) Gecko/20100914 Firefox/3.5.13','2010-09-29 17:20:47'),(0,1,'110.138.44.239','checkups','report_patient_status','POST','http://poliklinik.baukpoltek.net/checkups/report_patient_status','/index.php?url=checkups/report_patient_status','Mozilla/5.0 (Windows; U; Windows NT 5.1; en-US; rv:1.9.1.13) Gecko/20100914 Firefox/3.5.13','2010-09-29 17:20:52'),(0,1,'110.138.44.239','pages','display','GET','http://poliklinik.baukpoltek.net/users/login','/','Mozilla/5.0 (Windows; U; Windows NT 5.1; en-US; rv:1.9.1.13) Gecko/20100914 Firefox/3.5.13','2010-09-29 17:26:13'),(0,1,'110.138.44.239','checkups','report_patient_status','GET','http://poliklinik.baukpoltek.net/','/index.php?url=checkups/report_patient_status','Mozilla/5.0 (Windows; U; Windows NT 5.1; en-US; rv:1.9.1.13) Gecko/20100914 Firefox/3.5.13','2010-09-29 17:26:17'),(0,1,'110.138.44.239','checkups','report_patient_status','POST','http://poliklinik.baukpoltek.net/checkups/report_patient_status','/index.php?url=checkups/report_patient_status','Mozilla/5.0 (Windows; U; Windows NT 5.1; en-US; rv:1.9.1.13) Gecko/20100914 Firefox/3.5.13','2010-09-29 17:26:21'),(0,1,'110.138.44.239','diagnoses','index','GET','http://poliklinik.baukpoltek.net/checkups/report_patient_status','/index.php?url=diagnoses','Mozilla/5.0 (Windows; U; Windows NT 5.1; en-US; rv:1.9.1.13) Gecko/20100914 Firefox/3.5.13','2010-09-29 17:26:31'),(0,1,'180.214.232.25','pages','display','GET','http://poliklinik.baukpoltek.net/users/login','/','Mozilla/4.0 (compatible; MSIE 8.0; Windows NT 6.1; Trident/4.0; SLCC2; .NET CLR 2.0.50727; .NET CLR 3.5.30729; .NET CLR 3.0.30729; Media Center PC 6.0; InfoPath.2; Tablet PC 2.0)','2010-09-29 20:48:41'),(0,1,'180.214.232.25','patient_types','index','GET','','/index.php?url=patient_types','Mozilla/4.0 (compatible; MSIE 8.0; Windows NT 6.1; Trident/4.0; SLCC2; .NET CLR 2.0.50727; .NET CLR 3.5.30729; .NET CLR 3.0.30729; Media Center PC 6.0; InfoPath.2; Tablet PC 2.0)','2010-09-29 20:49:53'),(0,1,'180.214.232.25','diagnoses','index','GET','http://poliklinik.baukpoltek.net/patient_types','/index.php?url=diagnoses','Mozilla/4.0 (compatible; MSIE 8.0; Windows NT 6.1; Trident/4.0; SLCC2; .NET CLR 2.0.50727; .NET CLR 3.5.30729; .NET CLR 3.0.30729; Media Center PC 6.0; InfoPath.2; Tablet PC 2.0)','2010-09-29 20:50:50'),(0,1,'180.214.232.25','diagnoses','edit','GET','http://poliklinik.baukpoltek.net/diagnoses','/index.php?url=diagnoses/edit/2','Mozilla/4.0 (compatible; MSIE 8.0; Windows NT 6.1; Trident/4.0; SLCC2; .NET CLR 2.0.50727; .NET CLR 3.5.30729; .NET CLR 3.0.30729; Media Center PC 6.0; InfoPath.2; Tablet PC 2.0)','2010-09-29 20:50:59'),(0,1,'180.214.232.25','diagnoses','edit','PUT','http://poliklinik.baukpoltek.net/diagnoses/edit/2','/index.php?url=diagnoses/edit/2','Mozilla/4.0 (compatible; MSIE 8.0; Windows NT 6.1; Trident/4.0; SLCC2; .NET CLR 2.0.50727; .NET CLR 3.5.30729; .NET CLR 3.0.30729; Media Center PC 6.0; InfoPath.2; Tablet PC 2.0)','2010-09-29 20:52:14'),(0,1,'180.214.232.25','diagnoses','index','GET','http://poliklinik.baukpoltek.net/diagnoses/edit/2','/index.php?url=diagnoses','Mozilla/4.0 (compatible; MSIE 8.0; Windows NT 6.1; Trident/4.0; SLCC2; .NET CLR 2.0.50727; .NET CLR 3.5.30729; .NET CLR 3.0.30729; Media Center PC 6.0; InfoPath.2; Tablet PC 2.0)','2010-09-29 20:52:15'),(0,1,'180.214.232.25','diagnoses','edit','GET','http://poliklinik.baukpoltek.net/diagnoses','/index.php?url=diagnoses/edit/1','Mozilla/4.0 (compatible; MSIE 8.0; Windows NT 6.1; Trident/4.0; SLCC2; .NET CLR 2.0.50727; .NET CLR 3.5.30729; .NET CLR 3.0.30729; Media Center PC 6.0; InfoPath.2; Tablet PC 2.0)','2010-09-29 20:52:19'),(0,1,'180.214.232.25','diagnoses','index','GET','http://poliklinik.baukpoltek.net/diagnoses/edit/1','/index.php?url=diagnoses','Mozilla/4.0 (compatible; MSIE 8.0; Windows NT 6.1; Trident/4.0; SLCC2; .NET CLR 2.0.50727; .NET CLR 3.5.30729; .NET CLR 3.0.30729; Media Center PC 6.0; InfoPath.2; Tablet PC 2.0)','2010-09-29 20:52:27'),(0,1,'180.214.232.25','diagnoses','delete_rows','POST','http://poliklinik.baukpoltek.net/diagnoses','/index.php?url=diagnoses/delete_rows','Mozilla/4.0 (compatible; MSIE 8.0; Windows NT 6.1; Trident/4.0; SLCC2; .NET CLR 2.0.50727; .NET CLR 3.5.30729; .NET CLR 3.0.30729; Media Center PC 6.0; InfoPath.2; Tablet PC 2.0)','2010-09-29 20:52:59'),(0,1,'180.214.232.25','diagnoses','delete_rows','POST','http://poliklinik.baukpoltek.net/diagnoses','/index.php?url=diagnoses/delete_rows','Mozilla/4.0 (compatible; MSIE 8.0; Windows NT 6.1; Trident/4.0; SLCC2; .NET CLR 2.0.50727; .NET CLR 3.5.30729; .NET CLR 3.0.30729; Media Center PC 6.0; InfoPath.2; Tablet PC 2.0)','2010-09-29 20:52:59'),(0,1,'180.214.232.25','diagnoses','edit','GET','http://poliklinik.baukpoltek.net/diagnoses','/index.php?url=diagnoses/edit/2','Mozilla/4.0 (compatible; MSIE 8.0; Windows NT 6.1; Trident/4.0; SLCC2; .NET CLR 2.0.50727; .NET CLR 3.5.30729; .NET CLR 3.0.30729; Media Center PC 6.0; InfoPath.2; Tablet PC 2.0)','2010-09-29 20:53:04'),(0,1,'180.214.232.25','diagnoses','edit','PUT','http://poliklinik.baukpoltek.net/diagnoses/edit/2','/index.php?url=diagnoses/edit/2','Mozilla/4.0 (compatible; MSIE 8.0; Windows NT 6.1; Trident/4.0; SLCC2; .NET CLR 2.0.50727; .NET CLR 3.5.30729; .NET CLR 3.0.30729; Media Center PC 6.0; InfoPath.2; Tablet PC 2.0)','2010-09-29 20:54:36'),(0,1,'180.214.232.25','diagnoses','index','GET','http://poliklinik.baukpoltek.net/diagnoses/edit/2','/index.php?url=diagnoses','Mozilla/4.0 (compatible; MSIE 8.0; Windows NT 6.1; Trident/4.0; SLCC2; .NET CLR 2.0.50727; .NET CLR 3.5.30729; .NET CLR 3.0.30729; Media Center PC 6.0; InfoPath.2; Tablet PC 2.0)','2010-09-29 20:54:40'),(0,1,'180.214.232.25','diagnoses','add','GET','','/index.php?url=diagnoses/add','Mozilla/4.0 (compatible; MSIE 8.0; Windows NT 6.1; Trident/4.0; SLCC2; .NET CLR 2.0.50727; .NET CLR 3.5.30729; .NET CLR 3.0.30729; Media Center PC 6.0; InfoPath.2; Tablet PC 2.0)','2010-09-29 20:55:51'),(0,1,'180.214.232.25','diagnoses','index','GET','http://poliklinik.baukpoltek.net/diagnoses/add','/index.php?url=diagnoses','Mozilla/4.0 (compatible; MSIE 8.0; Windows NT 6.1; Trident/4.0; SLCC2; .NET CLR 2.0.50727; .NET CLR 3.5.30729; .NET CLR 3.0.30729; Media Center PC 6.0; InfoPath.2; Tablet PC 2.0)','2010-09-29 20:55:58'),(0,1,'180.214.232.25','diagnoses','add','GET','http://poliklinik.baukpoltek.net/diagnoses','/index.php?url=diagnoses/add','Mozilla/4.0 (compatible; MSIE 8.0; Windows NT 6.1; Trident/4.0; SLCC2; .NET CLR 2.0.50727; .NET CLR 3.5.30729; .NET CLR 3.0.30729; Media Center PC 6.0; InfoPath.2; Tablet PC 2.0)','2010-09-29 20:56:03'),(0,1,'180.214.232.25','diagnoses','add','POST','http://poliklinik.baukpoltek.net/diagnoses/add','/index.php?url=diagnoses/add','Mozilla/4.0 (compatible; MSIE 8.0; Windows NT 6.1; Trident/4.0; SLCC2; .NET CLR 2.0.50727; .NET CLR 3.5.30729; .NET CLR 3.0.30729; Media Center PC 6.0; InfoPath.2; Tablet PC 2.0)','2010-09-29 20:56:58'),(0,1,'180.214.232.25','diagnoses','index','GET','http://poliklinik.baukpoltek.net/diagnoses/add','/index.php?url=diagnoses','Mozilla/4.0 (compatible; MSIE 8.0; Windows NT 6.1; Trident/4.0; SLCC2; .NET CLR 2.0.50727; .NET CLR 3.5.30729; .NET CLR 3.0.30729; Media Center PC 6.0; InfoPath.2; Tablet PC 2.0)','2010-09-29 20:57:01'),(0,1,'180.214.232.25','diagnoses','add','GET','http://poliklinik.baukpoltek.net/diagnoses','/index.php?url=diagnoses/add','Mozilla/4.0 (compatible; MSIE 8.0; Windows NT 6.1; Trident/4.0; SLCC2; .NET CLR 2.0.50727; .NET CLR 3.5.30729; .NET CLR 3.0.30729; Media Center PC 6.0; InfoPath.2; Tablet PC 2.0)','2010-09-29 20:57:10'),(0,1,'180.214.232.25','diagnoses','index','GET','http://poliklinik.baukpoltek.net/diagnoses/add','/index.php?url=diagnoses','Mozilla/4.0 (compatible; MSIE 8.0; Windows NT 6.1; Trident/4.0; SLCC2; .NET CLR 2.0.50727; .NET CLR 3.5.30729; .NET CLR 3.0.30729; Media Center PC 6.0; InfoPath.2; Tablet PC 2.0)','2010-09-29 21:04:32'),(0,1,'180.214.232.25','diagnoses','add','GET','http://poliklinik.baukpoltek.net/diagnoses','/index.php?url=diagnoses/add','Mozilla/4.0 (compatible; MSIE 8.0; Windows NT 6.1; Trident/4.0; SLCC2; .NET CLR 2.0.50727; .NET CLR 3.5.30729; .NET CLR 3.0.30729; Media Center PC 6.0; InfoPath.2; Tablet PC 2.0)','2010-09-29 21:05:31'),(0,1,'180.214.232.25','diagnoses','add','POST','http://poliklinik.baukpoltek.net/diagnoses/add','/index.php?url=diagnoses/add','Mozilla/4.0 (compatible; MSIE 8.0; Windows NT 6.1; Trident/4.0; SLCC2; .NET CLR 2.0.50727; .NET CLR 3.5.30729; .NET CLR 3.0.30729; Media Center PC 6.0; InfoPath.2; Tablet PC 2.0)','2010-09-29 21:06:47'),(0,1,'180.214.232.25','diagnoses','index','GET','http://poliklinik.baukpoltek.net/diagnoses/add','/index.php?url=diagnoses','Mozilla/4.0 (compatible; MSIE 8.0; Windows NT 6.1; Trident/4.0; SLCC2; .NET CLR 2.0.50727; .NET CLR 3.5.30729; .NET CLR 3.0.30729; Media Center PC 6.0; InfoPath.2; Tablet PC 2.0)','2010-09-29 21:06:49'),(0,1,'180.214.232.25','diagnoses','add','GET','http://poliklinik.baukpoltek.net/diagnoses','/index.php?url=diagnoses/add','Mozilla/4.0 (compatible; MSIE 8.0; Windows NT 6.1; Trident/4.0; SLCC2; .NET CLR 2.0.50727; .NET CLR 3.5.30729; .NET CLR 3.0.30729; Media Center PC 6.0; InfoPath.2; Tablet PC 2.0)','2010-09-29 21:06:54'),(0,1,'180.214.232.25','diagnoses','add','POST','http://poliklinik.baukpoltek.net/diagnoses/add','/index.php?url=diagnoses/add','Mozilla/4.0 (compatible; MSIE 8.0; Windows NT 6.1; Trident/4.0; SLCC2; .NET CLR 2.0.50727; .NET CLR 3.5.30729; .NET CLR 3.0.30729; Media Center PC 6.0; InfoPath.2; Tablet PC 2.0)','2010-09-29 21:07:42'),(0,1,'180.214.232.25','diagnoses','index','GET','http://poliklinik.baukpoltek.net/diagnoses/add','/index.php?url=diagnoses','Mozilla/4.0 (compatible; MSIE 8.0; Windows NT 6.1; Trident/4.0; SLCC2; .NET CLR 2.0.50727; .NET CLR 3.5.30729; .NET CLR 3.0.30729; Media Center PC 6.0; InfoPath.2; Tablet PC 2.0)','2010-09-29 21:07:43'),(0,1,'180.214.232.25','diagnoses','add','GET','http://poliklinik.baukpoltek.net/diagnoses','/index.php?url=diagnoses/add','Mozilla/4.0 (compatible; MSIE 8.0; Windows NT 6.1; Trident/4.0; SLCC2; .NET CLR 2.0.50727; .NET CLR 3.5.30729; .NET CLR 3.0.30729; Media Center PC 6.0; InfoPath.2; Tablet PC 2.0)','2010-09-29 21:07:48'),(0,1,'180.214.232.25','diagnoses','add','POST','http://poliklinik.baukpoltek.net/diagnoses/add','/index.php?url=diagnoses/add','Mozilla/4.0 (compatible; MSIE 8.0; Windows NT 6.1; Trident/4.0; SLCC2; .NET CLR 2.0.50727; .NET CLR 3.5.30729; .NET CLR 3.0.30729; Media Center PC 6.0; InfoPath.2; Tablet PC 2.0)','2010-09-29 21:08:16'),(0,1,'180.214.232.25','diagnoses','index','GET','http://poliklinik.baukpoltek.net/diagnoses/add','/index.php?url=diagnoses','Mozilla/4.0 (compatible; MSIE 8.0; Windows NT 6.1; Trident/4.0; SLCC2; .NET CLR 2.0.50727; .NET CLR 3.5.30729; .NET CLR 3.0.30729; Media Center PC 6.0; InfoPath.2; Tablet PC 2.0)','2010-09-29 21:08:17'),(0,1,'180.214.232.25','diagnoses','add','GET','http://poliklinik.baukpoltek.net/diagnoses','/index.php?url=diagnoses/add','Mozilla/4.0 (compatible; MSIE 8.0; Windows NT 6.1; Trident/4.0; SLCC2; .NET CLR 2.0.50727; .NET CLR 3.5.30729; .NET CLR 3.0.30729; Media Center PC 6.0; InfoPath.2; Tablet PC 2.0)','2010-09-29 21:08:22'),(0,1,'180.214.232.25','diagnoses','add','POST','http://poliklinik.baukpoltek.net/diagnoses/add','/index.php?url=diagnoses/add','Mozilla/4.0 (compatible; MSIE 8.0; Windows NT 6.1; Trident/4.0; SLCC2; .NET CLR 2.0.50727; .NET CLR 3.5.30729; .NET CLR 3.0.30729; Media Center PC 6.0; InfoPath.2; Tablet PC 2.0)','2010-09-29 21:08:31'),(0,1,'180.214.232.25','diagnoses','index','GET','http://poliklinik.baukpoltek.net/diagnoses/add','/index.php?url=diagnoses','Mozilla/4.0 (compatible; MSIE 8.0; Windows NT 6.1; Trident/4.0; SLCC2; .NET CLR 2.0.50727; .NET CLR 3.5.30729; .NET CLR 3.0.30729; Media Center PC 6.0; InfoPath.2; Tablet PC 2.0)','2010-09-29 21:08:34'),(0,1,'180.214.232.25','diagnoses','add','GET','http://poliklinik.baukpoltek.net/diagnoses','/index.php?url=diagnoses/add','Mozilla/4.0 (compatible; MSIE 8.0; Windows NT 6.1; Trident/4.0; SLCC2; .NET CLR 2.0.50727; .NET CLR 3.5.30729; .NET CLR 3.0.30729; Media Center PC 6.0; InfoPath.2; Tablet PC 2.0)','2010-09-29 21:08:40'),(0,1,'180.214.232.25','diagnoses','add','POST','http://poliklinik.baukpoltek.net/diagnoses/add','/index.php?url=diagnoses/add','Mozilla/4.0 (compatible; MSIE 8.0; Windows NT 6.1; Trident/4.0; SLCC2; .NET CLR 2.0.50727; .NET CLR 3.5.30729; .NET CLR 3.0.30729; Media Center PC 6.0; InfoPath.2; Tablet PC 2.0)','2010-09-29 21:09:12'),(0,1,'180.214.232.25','diagnoses','index','GET','http://poliklinik.baukpoltek.net/diagnoses/add','/index.php?url=diagnoses','Mozilla/4.0 (compatible; MSIE 8.0; Windows NT 6.1; Trident/4.0; SLCC2; .NET CLR 2.0.50727; .NET CLR 3.5.30729; .NET CLR 3.0.30729; Media Center PC 6.0; InfoPath.2; Tablet PC 2.0)','2010-09-29 21:09:13'),(0,1,'180.214.232.25','diagnoses','add','GET','http://poliklinik.baukpoltek.net/diagnoses','/index.php?url=diagnoses/add','Mozilla/4.0 (compatible; MSIE 8.0; Windows NT 6.1; Trident/4.0; SLCC2; .NET CLR 2.0.50727; .NET CLR 3.5.30729; .NET CLR 3.0.30729; Media Center PC 6.0; InfoPath.2; Tablet PC 2.0)','2010-09-29 21:09:21'),(0,1,'180.214.232.25','diagnoses','add','POST','http://poliklinik.baukpoltek.net/diagnoses/add','/index.php?url=diagnoses/add','Mozilla/4.0 (compatible; MSIE 8.0; Windows NT 6.1; Trident/4.0; SLCC2; .NET CLR 2.0.50727; .NET CLR 3.5.30729; .NET CLR 3.0.30729; Media Center PC 6.0; InfoPath.2; Tablet PC 2.0)','2010-09-29 21:09:44'),(0,1,'180.214.232.25','diagnoses','index','GET','http://poliklinik.baukpoltek.net/diagnoses/add','/index.php?url=diagnoses','Mozilla/4.0 (compatible; MSIE 8.0; Windows NT 6.1; Trident/4.0; SLCC2; .NET CLR 2.0.50727; .NET CLR 3.5.30729; .NET CLR 3.0.30729; Media Center PC 6.0; InfoPath.2; Tablet PC 2.0)','2010-09-29 21:09:45'),(0,1,'180.214.232.25','diagnoses','add','GET','http://poliklinik.baukpoltek.net/diagnoses','/index.php?url=diagnoses/add','Mozilla/4.0 (compatible; MSIE 8.0; Windows NT 6.1; Trident/4.0; SLCC2; .NET CLR 2.0.50727; .NET CLR 3.5.30729; .NET CLR 3.0.30729; Media Center PC 6.0; InfoPath.2; Tablet PC 2.0)','2010-09-29 21:09:50'),(0,1,'180.214.232.25','diagnoses','add','POST','http://poliklinik.baukpoltek.net/diagnoses/add','/index.php?url=diagnoses/add','Mozilla/4.0 (compatible; MSIE 8.0; Windows NT 6.1; Trident/4.0; SLCC2; .NET CLR 2.0.50727; .NET CLR 3.5.30729; .NET CLR 3.0.30729; Media Center PC 6.0; InfoPath.2; Tablet PC 2.0)','2010-09-29 21:10:05'),(0,1,'180.214.232.25','diagnoses','index','GET','http://poliklinik.baukpoltek.net/diagnoses/add','/index.php?url=diagnoses','Mozilla/4.0 (compatible; MSIE 8.0; Windows NT 6.1; Trident/4.0; SLCC2; .NET CLR 2.0.50727; .NET CLR 3.5.30729; .NET CLR 3.0.30729; Media Center PC 6.0; InfoPath.2; Tablet PC 2.0)','2010-09-29 21:10:07'),(0,1,'180.214.232.25','diagnoses','add','GET','http://poliklinik.baukpoltek.net/diagnoses','/index.php?url=diagnoses/add','Mozilla/4.0 (compatible; MSIE 8.0; Windows NT 6.1; Trident/4.0; SLCC2; .NET CLR 2.0.50727; .NET CLR 3.5.30729; .NET CLR 3.0.30729; Media Center PC 6.0; InfoPath.2; Tablet PC 2.0)','2010-09-29 21:10:11'),(0,1,'180.214.232.25','diagnoses','add','POST','http://poliklinik.baukpoltek.net/diagnoses/add','/index.php?url=diagnoses/add','Mozilla/4.0 (compatible; MSIE 8.0; Windows NT 6.1; Trident/4.0; SLCC2; .NET CLR 2.0.50727; .NET CLR 3.5.30729; .NET CLR 3.0.30729; Media Center PC 6.0; InfoPath.2; Tablet PC 2.0)','2010-09-29 21:10:27'),(0,1,'180.214.232.25','diagnoses','index','GET','http://poliklinik.baukpoltek.net/diagnoses/add','/index.php?url=diagnoses','Mozilla/4.0 (compatible; MSIE 8.0; Windows NT 6.1; Trident/4.0; SLCC2; .NET CLR 2.0.50727; .NET CLR 3.5.30729; .NET CLR 3.0.30729; Media Center PC 6.0; InfoPath.2; Tablet PC 2.0)','2010-09-29 21:10:29'),(0,1,'180.214.232.25','diagnoses','add','GET','http://poliklinik.baukpoltek.net/diagnoses','/index.php?url=diagnoses/add','Mozilla/4.0 (compatible; MSIE 8.0; Windows NT 6.1; Trident/4.0; SLCC2; .NET CLR 2.0.50727; .NET CLR 3.5.30729; .NET CLR 3.0.30729; Media Center PC 6.0; InfoPath.2; Tablet PC 2.0)','2010-09-29 21:10:35'),(0,1,'180.214.232.25','diagnoses','add','POST','http://poliklinik.baukpoltek.net/diagnoses/add','/index.php?url=diagnoses/add','Mozilla/4.0 (compatible; MSIE 8.0; Windows NT 6.1; Trident/4.0; SLCC2; .NET CLR 2.0.50727; .NET CLR 3.5.30729; .NET CLR 3.0.30729; Media Center PC 6.0; InfoPath.2; Tablet PC 2.0)','2010-09-29 21:10:48'),(0,1,'180.214.232.25','diagnoses','index','GET','http://poliklinik.baukpoltek.net/diagnoses/add','/index.php?url=diagnoses','Mozilla/4.0 (compatible; MSIE 8.0; Windows NT 6.1; Trident/4.0; SLCC2; .NET CLR 2.0.50727; .NET CLR 3.5.30729; .NET CLR 3.0.30729; Media Center PC 6.0; InfoPath.2; Tablet PC 2.0)','2010-09-29 21:10:50'),(0,1,'180.214.232.25','diagnoses','add','GET','http://poliklinik.baukpoltek.net/diagnoses','/index.php?url=diagnoses/add','Mozilla/4.0 (compatible; MSIE 8.0; Windows NT 6.1; Trident/4.0; SLCC2; .NET CLR 2.0.50727; .NET CLR 3.5.30729; .NET CLR 3.0.30729; Media Center PC 6.0; InfoPath.2; Tablet PC 2.0)','2010-09-29 21:11:03'),(0,1,'180.214.232.25','diagnoses','add','POST','http://poliklinik.baukpoltek.net/diagnoses/add','/index.php?url=diagnoses/add','Mozilla/4.0 (compatible; MSIE 8.0; Windows NT 6.1; Trident/4.0; SLCC2; .NET CLR 2.0.50727; .NET CLR 3.5.30729; .NET CLR 3.0.30729; Media Center PC 6.0; InfoPath.2; Tablet PC 2.0)','2010-09-29 21:11:12'),(0,1,'180.214.232.25','diagnoses','index','GET','http://poliklinik.baukpoltek.net/diagnoses/add','/index.php?url=diagnoses','Mozilla/4.0 (compatible; MSIE 8.0; Windows NT 6.1; Trident/4.0; SLCC2; .NET CLR 2.0.50727; .NET CLR 3.5.30729; .NET CLR 3.0.30729; Media Center PC 6.0; InfoPath.2; Tablet PC 2.0)','2010-09-29 21:11:14'),(0,1,'180.214.232.25','diagnoses','add','GET','http://poliklinik.baukpoltek.net/diagnoses','/index.php?url=diagnoses/add','Mozilla/4.0 (compatible; MSIE 8.0; Windows NT 6.1; Trident/4.0; SLCC2; .NET CLR 2.0.50727; .NET CLR 3.5.30729; .NET CLR 3.0.30729; Media Center PC 6.0; InfoPath.2; Tablet PC 2.0)','2010-09-29 21:11:19'),(0,1,'180.214.232.25','diagnoses','add','POST','http://poliklinik.baukpoltek.net/diagnoses/add','/index.php?url=diagnoses/add','Mozilla/4.0 (compatible; MSIE 8.0; Windows NT 6.1; Trident/4.0; SLCC2; .NET CLR 2.0.50727; .NET CLR 3.5.30729; .NET CLR 3.0.30729; Media Center PC 6.0; InfoPath.2; Tablet PC 2.0)','2010-09-29 21:11:49'),(0,1,'180.214.232.25','diagnoses','index','GET','http://poliklinik.baukpoltek.net/diagnoses/add','/index.php?url=diagnoses','Mozilla/4.0 (compatible; MSIE 8.0; Windows NT 6.1; Trident/4.0; SLCC2; .NET CLR 2.0.50727; .NET CLR 3.5.30729; .NET CLR 3.0.30729; Media Center PC 6.0; InfoPath.2; Tablet PC 2.0)','2010-09-29 21:11:50'),(0,1,'180.214.232.25','diagnoses','add','GET','http://poliklinik.baukpoltek.net/diagnoses','/index.php?url=diagnoses/add','Mozilla/4.0 (compatible; MSIE 8.0; Windows NT 6.1; Trident/4.0; SLCC2; .NET CLR 2.0.50727; .NET CLR 3.5.30729; .NET CLR 3.0.30729; Media Center PC 6.0; InfoPath.2; Tablet PC 2.0)','2010-09-29 21:11:54'),(0,1,'180.214.232.25','diagnoses','add','POST','http://poliklinik.baukpoltek.net/diagnoses/add','/index.php?url=diagnoses/add','Mozilla/4.0 (compatible; MSIE 8.0; Windows NT 6.1; Trident/4.0; SLCC2; .NET CLR 2.0.50727; .NET CLR 3.5.30729; .NET CLR 3.0.30729; Media Center PC 6.0; InfoPath.2; Tablet PC 2.0)','2010-09-29 21:12:07'),(0,1,'180.214.232.25','diagnoses','index','GET','http://poliklinik.baukpoltek.net/diagnoses/add','/index.php?url=diagnoses','Mozilla/4.0 (compatible; MSIE 8.0; Windows NT 6.1; Trident/4.0; SLCC2; .NET CLR 2.0.50727; .NET CLR 3.5.30729; .NET CLR 3.0.30729; Media Center PC 6.0; InfoPath.2; Tablet PC 2.0)','2010-09-29 21:12:08'),(0,1,'180.214.232.25','diagnoses','add','GET','http://poliklinik.baukpoltek.net/diagnoses','/index.php?url=diagnoses/add','Mozilla/4.0 (compatible; MSIE 8.0; Windows NT 6.1; Trident/4.0; SLCC2; .NET CLR 2.0.50727; .NET CLR 3.5.30729; .NET CLR 3.0.30729; Media Center PC 6.0; InfoPath.2; Tablet PC 2.0)','2010-09-29 21:12:25'),(0,1,'180.214.232.25','diagnoses','add','POST','http://poliklinik.baukpoltek.net/diagnoses/add','/index.php?url=diagnoses/add','Mozilla/4.0 (compatible; MSIE 8.0; Windows NT 6.1; Trident/4.0; SLCC2; .NET CLR 2.0.50727; .NET CLR 3.5.30729; .NET CLR 3.0.30729; Media Center PC 6.0; InfoPath.2; Tablet PC 2.0)','2010-09-29 21:12:42'),(0,1,'180.214.232.25','diagnoses','index','GET','http://poliklinik.baukpoltek.net/diagnoses/add','/index.php?url=diagnoses','Mozilla/4.0 (compatible; MSIE 8.0; Windows NT 6.1; Trident/4.0; SLCC2; .NET CLR 2.0.50727; .NET CLR 3.5.30729; .NET CLR 3.0.30729; Media Center PC 6.0; InfoPath.2; Tablet PC 2.0)','2010-09-29 21:12:43'),(0,1,'180.214.232.25','diagnoses','add','GET','http://poliklinik.baukpoltek.net/diagnoses','/index.php?url=diagnoses/add','Mozilla/4.0 (compatible; MSIE 8.0; Windows NT 6.1; Trident/4.0; SLCC2; .NET CLR 2.0.50727; .NET CLR 3.5.30729; .NET CLR 3.0.30729; Media Center PC 6.0; InfoPath.2; Tablet PC 2.0)','2010-09-29 21:12:48'),(0,1,'180.214.232.25','diagnoses','add','POST','http://poliklinik.baukpoltek.net/diagnoses/add','/index.php?url=diagnoses/add','Mozilla/4.0 (compatible; MSIE 8.0; Windows NT 6.1; Trident/4.0; SLCC2; .NET CLR 2.0.50727; .NET CLR 3.5.30729; .NET CLR 3.0.30729; Media Center PC 6.0; InfoPath.2; Tablet PC 2.0)','2010-09-29 21:13:00'),(0,1,'180.214.232.25','diagnoses','index','GET','http://poliklinik.baukpoltek.net/diagnoses/add','/index.php?url=diagnoses','Mozilla/4.0 (compatible; MSIE 8.0; Windows NT 6.1; Trident/4.0; SLCC2; .NET CLR 2.0.50727; .NET CLR 3.5.30729; .NET CLR 3.0.30729; Media Center PC 6.0; InfoPath.2; Tablet PC 2.0)','2010-09-29 21:13:02'),(0,1,'180.214.232.25','diagnoses','add','GET','http://poliklinik.baukpoltek.net/diagnoses','/index.php?url=diagnoses/add','Mozilla/4.0 (compatible; MSIE 8.0; Windows NT 6.1; Trident/4.0; SLCC2; .NET CLR 2.0.50727; .NET CLR 3.5.30729; .NET CLR 3.0.30729; Media Center PC 6.0; InfoPath.2; Tablet PC 2.0)','2010-09-29 21:13:05'),(0,1,'180.214.232.25','diagnoses','add','POST','http://poliklinik.baukpoltek.net/diagnoses/add','/index.php?url=diagnoses/add','Mozilla/4.0 (compatible; MSIE 8.0; Windows NT 6.1; Trident/4.0; SLCC2; .NET CLR 2.0.50727; .NET CLR 3.5.30729; .NET CLR 3.0.30729; Media Center PC 6.0; InfoPath.2; Tablet PC 2.0)','2010-09-29 21:13:19'),(0,1,'180.214.232.25','diagnoses','index','GET','http://poliklinik.baukpoltek.net/diagnoses/add','/index.php?url=diagnoses','Mozilla/4.0 (compatible; MSIE 8.0; Windows NT 6.1; Trident/4.0; SLCC2; .NET CLR 2.0.50727; .NET CLR 3.5.30729; .NET CLR 3.0.30729; Media Center PC 6.0; InfoPath.2; Tablet PC 2.0)','2010-09-29 21:13:20'),(0,1,'180.214.232.25','diagnoses','add','GET','http://poliklinik.baukpoltek.net/diagnoses','/index.php?url=diagnoses/add','Mozilla/4.0 (compatible; MSIE 8.0; Windows NT 6.1; Trident/4.0; SLCC2; .NET CLR 2.0.50727; .NET CLR 3.5.30729; .NET CLR 3.0.30729; Media Center PC 6.0; InfoPath.2; Tablet PC 2.0)','2010-09-29 21:13:25'),(0,1,'180.214.232.25','diagnoses','add','POST','http://poliklinik.baukpoltek.net/diagnoses/add','/index.php?url=diagnoses/add','Mozilla/4.0 (compatible; MSIE 8.0; Windows NT 6.1; Trident/4.0; SLCC2; .NET CLR 2.0.50727; .NET CLR 3.5.30729; .NET CLR 3.0.30729; Media Center PC 6.0; InfoPath.2; Tablet PC 2.0)','2010-09-29 21:13:33'),(0,1,'180.214.232.25','diagnoses','index','GET','http://poliklinik.baukpoltek.net/diagnoses/add','/index.php?url=diagnoses','Mozilla/4.0 (compatible; MSIE 8.0; Windows NT 6.1; Trident/4.0; SLCC2; .NET CLR 2.0.50727; .NET CLR 3.5.30729; .NET CLR 3.0.30729; Media Center PC 6.0; InfoPath.2; Tablet PC 2.0)','2010-09-29 21:13:35'),(0,1,'180.214.232.25','diagnoses','add','GET','http://poliklinik.baukpoltek.net/diagnoses','/index.php?url=diagnoses/add','Mozilla/4.0 (compatible; MSIE 8.0; Windows NT 6.1; Trident/4.0; SLCC2; .NET CLR 2.0.50727; .NET CLR 3.5.30729; .NET CLR 3.0.30729; Media Center PC 6.0; InfoPath.2; Tablet PC 2.0)','2010-09-29 21:13:40'),(0,1,'180.214.232.25','diagnoses','add','POST','http://poliklinik.baukpoltek.net/diagnoses/add','/index.php?url=diagnoses/add','Mozilla/4.0 (compatible; MSIE 8.0; Windows NT 6.1; Trident/4.0; SLCC2; .NET CLR 2.0.50727; .NET CLR 3.5.30729; .NET CLR 3.0.30729; Media Center PC 6.0; InfoPath.2; Tablet PC 2.0)','2010-09-29 21:13:54'),(0,1,'180.214.232.25','diagnoses','index','GET','http://poliklinik.baukpoltek.net/diagnoses/add','/index.php?url=diagnoses','Mozilla/4.0 (compatible; MSIE 8.0; Windows NT 6.1; Trident/4.0; SLCC2; .NET CLR 2.0.50727; .NET CLR 3.5.30729; .NET CLR 3.0.30729; Media Center PC 6.0; InfoPath.2; Tablet PC 2.0)','2010-09-29 21:13:57'),(0,1,'180.214.232.25','diagnoses','add','GET','http://poliklinik.baukpoltek.net/diagnoses','/index.php?url=diagnoses/add','Mozilla/4.0 (compatible; MSIE 8.0; Windows NT 6.1; Trident/4.0; SLCC2; .NET CLR 2.0.50727; .NET CLR 3.5.30729; .NET CLR 3.0.30729; Media Center PC 6.0; InfoPath.2; Tablet PC 2.0)','2010-09-29 21:14:03'),(0,1,'180.214.232.25','diagnoses','add','POST','http://poliklinik.baukpoltek.net/diagnoses/add','/index.php?url=diagnoses/add','Mozilla/4.0 (compatible; MSIE 8.0; Windows NT 6.1; Trident/4.0; SLCC2; .NET CLR 2.0.50727; .NET CLR 3.5.30729; .NET CLR 3.0.30729; Media Center PC 6.0; InfoPath.2; Tablet PC 2.0)','2010-09-29 21:14:16'),(0,1,'180.214.232.25','diagnoses','index','GET','http://poliklinik.baukpoltek.net/diagnoses/add','/index.php?url=diagnoses','Mozilla/4.0 (compatible; MSIE 8.0; Windows NT 6.1; Trident/4.0; SLCC2; .NET CLR 2.0.50727; .NET CLR 3.5.30729; .NET CLR 3.0.30729; Media Center PC 6.0; InfoPath.2; Tablet PC 2.0)','2010-09-29 21:14:18'),(0,1,'180.214.232.25','diagnoses','add','GET','http://poliklinik.baukpoltek.net/diagnoses','/index.php?url=diagnoses/add','Mozilla/4.0 (compatible; MSIE 8.0; Windows NT 6.1; Trident/4.0; SLCC2; .NET CLR 2.0.50727; .NET CLR 3.5.30729; .NET CLR 3.0.30729; Media Center PC 6.0; InfoPath.2; Tablet PC 2.0)','2010-09-29 21:14:23'),(0,1,'180.214.232.25','diagnoses','add','POST','http://poliklinik.baukpoltek.net/diagnoses/add','/index.php?url=diagnoses/add','Mozilla/4.0 (compatible; MSIE 8.0; Windows NT 6.1; Trident/4.0; SLCC2; .NET CLR 2.0.50727; .NET CLR 3.5.30729; .NET CLR 3.0.30729; Media Center PC 6.0; InfoPath.2; Tablet PC 2.0)','2010-09-29 21:14:34'),(0,1,'180.214.232.25','diagnoses','index','GET','http://poliklinik.baukpoltek.net/diagnoses/add','/index.php?url=diagnoses','Mozilla/4.0 (compatible; MSIE 8.0; Windows NT 6.1; Trident/4.0; SLCC2; .NET CLR 2.0.50727; .NET CLR 3.5.30729; .NET CLR 3.0.30729; Media Center PC 6.0; InfoPath.2; Tablet PC 2.0)','2010-09-29 21:14:35'),(0,1,'180.214.232.25','diagnoses','add','GET','http://poliklinik.baukpoltek.net/diagnoses','/index.php?url=diagnoses/add','Mozilla/4.0 (compatible; MSIE 8.0; Windows NT 6.1; Trident/4.0; SLCC2; .NET CLR 2.0.50727; .NET CLR 3.5.30729; .NET CLR 3.0.30729; Media Center PC 6.0; InfoPath.2; Tablet PC 2.0)','2010-09-29 21:14:41'),(0,1,'180.214.232.25','diagnoses','add','POST','http://poliklinik.baukpoltek.net/diagnoses/add','/index.php?url=diagnoses/add','Mozilla/4.0 (compatible; MSIE 8.0; Windows NT 6.1; Trident/4.0; SLCC2; .NET CLR 2.0.50727; .NET CLR 3.5.30729; .NET CLR 3.0.30729; Media Center PC 6.0; InfoPath.2; Tablet PC 2.0)','2010-09-29 21:14:56'),(0,1,'180.214.232.25','diagnoses','index','GET','http://poliklinik.baukpoltek.net/diagnoses/add','/index.php?url=diagnoses','Mozilla/4.0 (compatible; MSIE 8.0; Windows NT 6.1; Trident/4.0; SLCC2; .NET CLR 2.0.50727; .NET CLR 3.5.30729; .NET CLR 3.0.30729; Media Center PC 6.0; InfoPath.2; Tablet PC 2.0)','2010-09-29 21:14:57'),(0,1,'180.214.232.25','diagnoses','add','GET','http://poliklinik.baukpoltek.net/diagnoses','/index.php?url=diagnoses/add','Mozilla/4.0 (compatible; MSIE 8.0; Windows NT 6.1; Trident/4.0; SLCC2; .NET CLR 2.0.50727; .NET CLR 3.5.30729; .NET CLR 3.0.30729; Media Center PC 6.0; InfoPath.2; Tablet PC 2.0)','2010-09-29 21:15:03'),(0,1,'180.214.232.25','diagnoses','add','POST','http://poliklinik.baukpoltek.net/diagnoses/add','/index.php?url=diagnoses/add','Mozilla/4.0 (compatible; MSIE 8.0; Windows NT 6.1; Trident/4.0; SLCC2; .NET CLR 2.0.50727; .NET CLR 3.5.30729; .NET CLR 3.0.30729; Media Center PC 6.0; InfoPath.2; Tablet PC 2.0)','2010-09-29 21:15:20'),(0,1,'180.214.232.25','diagnoses','index','GET','http://poliklinik.baukpoltek.net/diagnoses/add','/index.php?url=diagnoses','Mozilla/4.0 (compatible; MSIE 8.0; Windows NT 6.1; Trident/4.0; SLCC2; .NET CLR 2.0.50727; .NET CLR 3.5.30729; .NET CLR 3.0.30729; Media Center PC 6.0; InfoPath.2; Tablet PC 2.0)','2010-09-29 21:15:22');
/*!40000 ALTER TABLE `user_logs` ENABLE KEYS */;
UNLOCK TABLES;

--
-- Table structure for table `user_preferences`
--

DROP TABLE IF EXISTS `user_preferences`;
SET @saved_cs_client     = @@character_set_client;
SET character_set_client = utf8;
CREATE TABLE `user_preferences` (
  `id` int(10) NOT NULL auto_increment,
  `user_id` int(10) NOT NULL,
  `param` varchar(20) NOT NULL,
  `value` varchar(100) NOT NULL,
  PRIMARY KEY  (`id`),
  KEY `user_id` (`user_id`),
  KEY `param` (`param`)
) ENGINE=MyISAM DEFAULT CHARSET=latin1;
SET character_set_client = @saved_cs_client;

--
-- Dumping data for table `user_preferences`
--

LOCK TABLES `user_preferences` WRITE;
/*!40000 ALTER TABLE `user_preferences` DISABLE KEYS */;
/*!40000 ALTER TABLE `user_preferences` ENABLE KEYS */;
UNLOCK TABLES;

--
-- Table structure for table `users`
--

DROP TABLE IF EXISTS `users`;
SET @saved_cs_client     = @@character_set_client;
SET character_set_client = utf8;
CREATE TABLE `users` (
  `id` int(10) NOT NULL auto_increment,
  `group_id` int(5) NOT NULL,
  `unit_code_id` smallint(6) default NULL,
  `username` varchar(10) NOT NULL,
  `name` varchar(30) NOT NULL,
  `password_real` varchar(20) NOT NULL,
  `password` char(40) NOT NULL,
  `sex` char(1) default NULL,
  `pob` varchar(20) default NULL,
  `dob` date default NULL,
  `address1` varchar(100) default NULL,
  `address2` varchar(100) default NULL,
  `address3` varchar(100) default NULL,
  `zipcode` varchar(5) default NULL,
  `city_id` int(11) default NULL,
  `province_id` tinyint(3) default NULL,
  `handphone` varchar(20) default NULL,
  `homephone` varchar(20) default NULL,
  `email` varchar(50) default NULL,
  `active` tinyint(1) NOT NULL default '1',
  `last_login` datetime default NULL,
  `created` datetime NOT NULL,
  `created_by` int(10) NOT NULL,
  `modified` datetime NOT NULL,
  `modified_by` int(10) NOT NULL,
  PRIMARY KEY  (`id`),
  UNIQUE KEY `email` (`email`),
  KEY `group_id` (`group_id`),
  KEY `username` (`username`,`password`),
  KEY `sex` (`sex`),
  KEY `name` (`name`),
  KEY `active` (`active`),
  KEY `unit_code_id` (`unit_code_id`),
  KEY `last_login` (`last_login`)
) ENGINE=MyISAM AUTO_INCREMENT=15 DEFAULT CHARSET=latin1;
SET character_set_client = @saved_cs_client;

--
-- Dumping data for table `users`
--

LOCK TABLES `users` WRITE;
/*!40000 ALTER TABLE `users` DISABLE KEYS */;
INSERT INTO `users` VALUES (1,1,1,'admin','Administrator','akeda123','979870abc75187d38d6dff3eae200279e729cd63','L','Bekasi','1984-07-13','JL Kepodang Blok C No. 7 RT003/RW004 Jaka Mulya Bekasi Selatan','','','17146',NULL,11,'081315528932','021-8226577','admin@gedex.web.id',1,'2010-10-04 07:34:49','2009-12-12 14:05:18',0,'2010-10-04 07:34:49',1),(2,1,2,'heru','Heru Triyanto','123456','7c4a8d09ca3762af61e59520943dc26494f8941b','L','','1999-12-16','','','','',NULL,NULL,'','','akeda13@gmail.com',1,'2010-08-13 07:53:10','2009-12-16 17:18:09',1,'2010-08-13 07:53:10',1),(7,1,10,'agus','Agus Ramdan','agus','0525885565bb6a150db63f19bf42f11bd2db4702','L','','2000-03-04','','','','',NULL,NULL,'','','agusramdan@yahoo.com',1,'2010-08-16 19:44:06','2010-03-04 04:09:32',1,'2010-08-16 19:44:06',2),(8,9,3,'pudir2','Purnomo Ananto','pudir2','106ce3c2551a565a2b600ae3f4d13c9319c46d23','L','','2000-03-04','','','','',NULL,NULL,'','','pudir2@yahoo.com',1,'2010-09-29 21:24:55','2010-03-04 04:11:21',1,'2010-09-29 21:24:55',1),(9,6,6,'pudir3','Pudir III','123456','7c4a8d09ca3762af61e59520943dc26494f8941b','L','','2000-03-04','','','','',NULL,NULL,'','','pudir3@yahoo.com',1,'2010-03-09 15:53:37','2010-03-04 04:12:16',1,'2010-03-09 15:53:37',0),(10,7,7,'pudir4','Pudir IV','123456','7c4a8d09ca3762af61e59520943dc26494f8941b','L','','2000-03-04','','','','',NULL,NULL,'','','pudir4@yahoo.com',1,'2010-03-09 15:54:18','2010-03-04 04:12:58',1,'2010-03-09 15:54:18',0),(13,10,10,'aliyah','Aliyah','123','40bd001563085fc35165329ea1ff5c5ecbdbbeef','P','jakarta','2000-09-27','','','','',NULL,NULL,'','','aliyah@yahoo.co.id',1,'2010-10-01 11:50:49','2010-09-27 08:07:54',1,'2010-10-01 11:50:49',1),(14,1,11,'yatmi','Suyatmi','123','40bd001563085fc35165329ea1ff5c5ecbdbbeef','P','','2000-09-27','','','','',NULL,NULL,'','','yatmi@yahoo.co.id',1,'2010-09-28 10:42:24','2010-09-27 09:35:14',1,'2010-09-28 10:42:24',0);
/*!40000 ALTER TABLE `users` ENABLE KEYS */;
UNLOCK TABLES;

--
-- Dumping routines for database 't38891_poliklinik'
--
DELIMITER ;;
DELIMITER ;
/*!40103 SET TIME_ZONE=@OLD_TIME_ZONE */;

/*!40101 SET SQL_MODE=@OLD_SQL_MODE */;
/*!40014 SET FOREIGN_KEY_CHECKS=@OLD_FOREIGN_KEY_CHECKS */;
/*!40014 SET UNIQUE_CHECKS=@OLD_UNIQUE_CHECKS */;
/*!40101 SET CHARACTER_SET_CLIENT=@OLD_CHARACTER_SET_CLIENT */;
/*!40101 SET CHARACTER_SET_RESULTS=@OLD_CHARACTER_SET_RESULTS */;
/*!40101 SET COLLATION_CONNECTION=@OLD_COLLATION_CONNECTION */;
/*!40111 SET SQL_NOTES=@OLD_SQL_NOTES */;

-- Dump completed on 2010-10-04  0:57:43
